2026-06-04 16:58:37,403 - INFO - Fetched page 1 from https://techmasternode.com/wp-json/wp/v2/posts?page=1&per_page=100
2026-06-04 16:58:37,421 - INFO - Fetched page 1 from https://techwebtrends.com/wp-json/wp/v2/posts?page=1&per_page=100
2026-06-04 16:58:37,682 - INFO - Fetched page 1 from https://thegrowthinsights.com/wp-json/wp/v2/posts?page=1&per_page=100
2026-06-04 16:58:37,771 - INFO - Fetched page 1 from https://worldbusinesshour.com/wp-json/wp/v2/posts?page=1&per_page=100
2026-06-04 16:58:37,905 - INFO - Fetched page 1 from https://businessmediums.com/wp-json/wp/v2/posts?page=1&per_page=100
2026-06-04 16:58:38,224 - INFO - Fetched page 1 from https://cxomatters.com/wp-json/wp/v2/posts?page=1&per_page=100
2026-06-04 16:58:38,266 - INFO - Fetched page 1 from https://cxomatters.com/wp-json/wp/v2/posts?page=1&per_page=100
2026-06-04 16:58:38,322 - INFO - Fetched page 1 from https://thegrowthinsights.com/wp-json/wp/v2/posts?page=1&per_page=100
2026-06-04 16:58:38,349 - INFO - Fetched page 1 from https://businessmediums.com/wp-json/wp/v2/posts?page=1&per_page=100
2026-06-04 16:58:38,388 - INFO - Fetched page 1 from https://techwebtrends.com/wp-json/wp/v2/posts?page=1&per_page=100
2026-06-04 16:58:38,389 - INFO - Fetched page 1 from https://techmasternode.com/wp-json/wp/v2/posts?page=1&per_page=100
2026-06-04 16:58:38,459 - INFO - Fetched page 1 from https://worldbusinesshour.com/wp-json/wp/v2/posts?page=1&per_page=100
2026-06-04 16:58:38,495 - INFO - No more pages: https://businessmediums.com/wp-json/wp/v2/posts?page=2&per_page=100
2026-06-04 16:58:38,875 - INFO - Fetched page 2 from https://worldbusinesshour.com/wp-json/wp/v2/posts?page=2&per_page=100
2026-06-04 16:58:39,032 - INFO - No more pages: https://businessmediums.com/wp-json/wp/v2/posts?page=2&per_page=100
2026-06-04 16:58:39,091 - INFO - Fetched page 2 from https://techwebtrends.com/wp-json/wp/v2/posts?page=2&per_page=100
2026-06-04 16:58:39,244 - INFO - Fetched page 2 from https://techmasternode.com/wp-json/wp/v2/posts?page=2&per_page=100
2026-06-04 16:58:39,442 - INFO - Fetched page 2 from https://thegrowthinsights.com/wp-json/wp/v2/posts?page=2&per_page=100
2026-06-04 16:58:39,481 - INFO - No more pages: https://worldbusinesshour.com/wp-json/wp/v2/posts?page=3&per_page=100
2026-06-04 16:58:39,573 - INFO - Fetched page 2 from https://worldbusinesshour.com/wp-json/wp/v2/posts?page=2&per_page=100
2026-06-04 16:58:39,836 - INFO - Fetched page 1 from https://businessmediums.com/wp-json/wp/v2/pages?page=1&per_page=100
2026-06-04 16:58:40,015 - INFO - Fetched page 3 from https://techmasternode.com/wp-json/wp/v2/posts?page=3&per_page=100
2026-06-04 16:58:40,082 - INFO - No more pages: https://thegrowthinsights.com/wp-json/wp/v2/posts?page=3&per_page=100
2026-06-04 16:58:40,117 - INFO - Fetched page 2 from https://techwebtrends.com/wp-json/wp/v2/posts?page=2&per_page=100
2026-06-04 16:58:40,204 - INFO - Fetched page 2 from https://thegrowthinsights.com/wp-json/wp/v2/posts?page=2&per_page=100
2026-06-04 16:58:40,207 - INFO - No more pages: https://worldbusinesshour.com/wp-json/wp/v2/posts?page=3&per_page=100
2026-06-04 16:58:40,241 - INFO - Fetched page 2 from https://techmasternode.com/wp-json/wp/v2/posts?page=2&per_page=100
2026-06-04 16:58:40,299 - INFO - Fetched page 1 from https://businessmediums.com/wp-json/wp/v2/pages?page=1&per_page=100
2026-06-04 16:58:40,575 - INFO - No more pages: https://techmasternode.com/wp-json/wp/v2/posts?page=4&per_page=100
2026-06-04 16:58:40,671 - INFO - Fetched page 3 from https://techwebtrends.com/wp-json/wp/v2/posts?page=3&per_page=100
2026-06-04 16:58:40,796 - INFO - Fetched page 2 from https://cxomatters.com/wp-json/wp/v2/posts?page=2&per_page=100
2026-06-04 16:58:40,841 - INFO - Fetched page 2 from https://cxomatters.com/wp-json/wp/v2/posts?page=2&per_page=100
2026-06-04 16:58:40,881 - INFO - No more pages: https://thegrowthinsights.com/wp-json/wp/v2/posts?page=3&per_page=100
2026-06-04 16:58:41,089 - INFO - Fetched page 3 from https://techmasternode.com/wp-json/wp/v2/posts?page=3&per_page=100
2026-06-04 16:58:41,298 - INFO - Fetched page 4 from https://techwebtrends.com/wp-json/wp/v2/posts?page=4&per_page=100
2026-06-04 16:58:41,568 - INFO - Fetched page 1 from https://thegrowthinsights.com/wp-json/wp/v2/pages?page=1&per_page=100
2026-06-04 16:58:41,573 - INFO - Fetched page 3 from https://cxomatters.com/wp-json/wp/v2/posts?page=3&per_page=100
2026-06-04 16:58:41,607 - INFO - Fetched page 3 from https://cxomatters.com/wp-json/wp/v2/posts?page=3&per_page=100
2026-06-04 16:58:41,691 - INFO - Fetched page 3 from https://techwebtrends.com/wp-json/wp/v2/posts?page=3&per_page=100
2026-06-04 16:58:41,701 - INFO - No more pages: https://techmasternode.com/wp-json/wp/v2/posts?page=4&per_page=100
2026-06-04 16:58:41,789 - INFO - No more pages: https://techwebtrends.com/wp-json/wp/v2/posts?page=5&per_page=100
2026-06-04 16:58:41,906 - INFO - Fetched page 1 from https://worldbusinesshour.com/wp-json/wp/v2/pages?page=1&per_page=100
2026-06-04 16:58:42,098 - INFO - Fetched page 1 from https://techmasternode.com/wp-json/wp/v2/pages?page=1&per_page=100
2026-06-04 16:58:42,183 - INFO - Fetched page 4 from https://techwebtrends.com/wp-json/wp/v2/posts?page=4&per_page=100
2026-06-04 16:58:42,208 - INFO - No more pages: https://cxomatters.com/wp-json/wp/v2/posts?page=4&per_page=100
2026-06-04 16:58:42,243 - INFO - No more pages: https://cxomatters.com/wp-json/wp/v2/posts?page=4&per_page=100
2026-06-04 16:58:42,249 - INFO - Fetched page 1 from https://thegrowthinsights.com/wp-json/wp/v2/pages?page=1&per_page=100
2026-06-04 16:58:42,310 - INFO - No more pages: https://thegrowthinsights.com/wp-json/wp/v2/pages?page=2&per_page=100
2026-06-04 16:58:42,319 - INFO - Fetched page 2 from https://businessmediums.com/wp-json/wp/v2/pages?page=2&per_page=100
2026-06-04 16:58:42,944 - INFO - No more pages: https://worldbusinesshour.com/wp-json/wp/v2/pages?page=2&per_page=100
2026-06-04 16:58:42,945 - INFO - Fetched page 1 from https://worldbusinesshour.com/wp-json/wp/v2/pages?page=1&per_page=100
2026-06-04 16:58:42,948 - INFO - No more pages: https://techmasternode.com/wp-json/wp/v2/pages?page=2&per_page=100
2026-06-04 16:58:42,951 - INFO - Fetched page 2 from https://businessmediums.com/wp-json/wp/v2/pages?page=2&per_page=100
2026-06-04 16:58:42,953 - INFO - No more pages: https://techwebtrends.com/wp-json/wp/v2/posts?page=5&per_page=100
2026-06-04 16:58:42,961 - INFO - No more pages: https://thegrowthinsights.com/wp-json/wp/v2/pages?page=2&per_page=100
2026-06-04 16:58:42,967 - INFO - No more pages: https://businessmediums.com/wp-json/wp/v2/pages?page=3&per_page=100
2026-06-04 16:58:42,978 - INFO - Fetched page 1 from https://techwebtrends.com/wp-json/wp/v2/pages?page=1&per_page=100
2026-06-04 16:58:43,244 - INFO - Fetched page 1 from https://techmasternode.com/wp-json/wp/v2/pages?page=1&per_page=100
2026-06-04 16:58:43,563 - INFO - Fetched page 1 from https://cxomatters.com/wp-json/wp/v2/pages?page=1&per_page=100
2026-06-04 16:58:43,570 - INFO - Fetched page 1 from https://cxomatters.com/wp-json/wp/v2/pages?page=1&per_page=100
2026-06-04 16:58:43,572 - INFO - No more pages: https://businessmediums.com/wp-json/wp/v2/pages?page=3&per_page=100
2026-06-04 16:58:43,817 - INFO - No more pages: https://techmasternode.com/wp-json/wp/v2/pages?page=2&per_page=100
2026-06-04 16:58:43,993 - INFO - Fetched page 1 from https://worldbusinesshour.com/wp-json/wp/v2/media?page=1&per_page=100
2026-06-04 16:58:44,033 - INFO - Fetched page 1 from https://businessmediums.com/wp-json/wp/v2/media?page=1&per_page=100
2026-06-04 16:58:44,068 - INFO - Fetched page 1 from https://thegrowthinsights.com/wp-json/wp/v2/media?page=1&per_page=100
2026-06-04 16:58:44,101 - INFO - Fetched page 1 from https://techwebtrends.com/wp-json/wp/v2/pages?page=1&per_page=100
2026-06-04 16:58:44,169 - INFO - No more pages: https://worldbusinesshour.com/wp-json/wp/v2/pages?page=2&per_page=100
2026-06-04 16:58:44,364 - INFO - Fetched page 1 from https://techmasternode.com/wp-json/wp/v2/media?page=1&per_page=100
2026-06-04 16:58:44,608 - INFO - Fetched page 1 from https://businessmediums.com/wp-json/wp/v2/media?page=1&per_page=100
2026-06-04 16:58:44,768 - INFO - Fetched page 1 from https://thegrowthinsights.com/wp-json/wp/v2/media?page=1&per_page=100
2026-06-04 16:58:44,906 - INFO - Fetched page 1 from https://techmasternode.com/wp-json/wp/v2/media?page=1&per_page=100
2026-06-04 16:58:44,969 - INFO - Fetched page 2 from https://cxomatters.com/wp-json/wp/v2/pages?page=2&per_page=100
2026-06-04 16:58:44,983 - INFO - Fetched page 2 from https://cxomatters.com/wp-json/wp/v2/pages?page=2&per_page=100
2026-06-04 16:58:45,025 - INFO - Fetched page 2 from https://worldbusinesshour.com/wp-json/wp/v2/media?page=2&per_page=100
2026-06-04 16:58:45,033 - INFO - Fetched page 2 from https://businessmediums.com/wp-json/wp/v2/media?page=2&per_page=100
2026-06-04 16:58:45,340 - INFO - Fetched page 1 from https://worldbusinesshour.com/wp-json/wp/v2/media?page=1&per_page=100
2026-06-04 16:58:45,462 - INFO - Fetched page 2 from https://techmasternode.com/wp-json/wp/v2/media?page=2&per_page=100
2026-06-04 16:58:45,594 - INFO - Fetched page 2 from https://techwebtrends.com/wp-json/wp/v2/pages?page=2&per_page=100
2026-06-04 16:58:45,617 - INFO - Fetched page 2 from https://businessmediums.com/wp-json/wp/v2/media?page=2&per_page=100
2026-06-04 16:58:45,764 - INFO - Fetched page 3 from https://businessmediums.com/wp-json/wp/v2/media?page=3&per_page=100
2026-06-04 16:58:45,820 - INFO - Fetched page 2 from https://thegrowthinsights.com/wp-json/wp/v2/media?page=2&per_page=100
2026-06-04 16:58:45,969 - INFO - Fetched page 2 from https://techmasternode.com/wp-json/wp/v2/media?page=2&per_page=100
2026-06-04 16:58:46,020 - INFO - Fetched page 3 from https://worldbusinesshour.com/wp-json/wp/v2/media?page=3&per_page=100
2026-06-04 16:58:46,099 - INFO - No more pages: https://techwebtrends.com/wp-json/wp/v2/pages?page=3&per_page=100
2026-06-04 16:58:46,224 - INFO - Fetched page 3 from https://cxomatters.com/wp-json/wp/v2/pages?page=3&per_page=100
2026-06-04 16:58:46,240 - INFO - Fetched page 3 from https://cxomatters.com/wp-json/wp/v2/pages?page=3&per_page=100
2026-06-04 16:58:46,386 - INFO - Fetched page 2 from https://worldbusinesshour.com/wp-json/wp/v2/media?page=2&per_page=100
2026-06-04 16:58:46,578 - INFO - Fetched page 2 from https://techwebtrends.com/wp-json/wp/v2/pages?page=2&per_page=100
2026-06-04 16:58:46,583 - INFO - Fetched page 3 from https://techmasternode.com/wp-json/wp/v2/media?page=3&per_page=100
2026-06-04 16:58:46,621 - INFO - Fetched page 3 from https://businessmediums.com/wp-json/wp/v2/media?page=3&per_page=100
2026-06-04 16:58:46,639 - INFO - Fetched page 2 from https://thegrowthinsights.com/wp-json/wp/v2/media?page=2&per_page=100
2026-06-04 16:58:46,752 - INFO - Fetched page 4 from https://businessmediums.com/wp-json/wp/v2/media?page=4&per_page=100
2026-06-04 16:58:46,801 - INFO - Fetched page 4 from https://worldbusinesshour.com/wp-json/wp/v2/media?page=4&per_page=100
2026-06-04 16:58:46,861 - INFO - No more pages: https://cxomatters.com/wp-json/wp/v2/pages?page=4&per_page=100
2026-06-04 16:58:46,894 - INFO - No more pages: https://cxomatters.com/wp-json/wp/v2/pages?page=4&per_page=100
2026-06-04 16:58:47,018 - INFO - Fetched page 3 from https://techmasternode.com/wp-json/wp/v2/media?page=3&per_page=100
2026-06-04 16:58:47,077 - INFO - Fetched page 1 from https://techwebtrends.com/wp-json/wp/v2/media?page=1&per_page=100
2026-06-04 16:58:47,080 - INFO - No more pages: https://techwebtrends.com/wp-json/wp/v2/pages?page=3&per_page=100
2026-06-04 16:58:47,463 - INFO - Fetched page 3 from https://worldbusinesshour.com/wp-json/wp/v2/media?page=3&per_page=100
2026-06-04 16:58:47,524 - INFO - Fetched page 5 from https://businessmediums.com/wp-json/wp/v2/media?page=5&per_page=100
2026-06-04 16:58:47,551 - INFO - Fetched page 3 from https://thegrowthinsights.com/wp-json/wp/v2/media?page=3&per_page=100
2026-06-04 16:58:47,616 - INFO - Fetched page 4 from https://techmasternode.com/wp-json/wp/v2/media?page=4&per_page=100
2026-06-04 16:58:47,620 - INFO - Fetched page 4 from https://businessmediums.com/wp-json/wp/v2/media?page=4&per_page=100
2026-06-04 16:58:47,894 - INFO - Fetched page 5 from https://worldbusinesshour.com/wp-json/wp/v2/media?page=5&per_page=100
2026-06-04 16:58:47,951 - INFO - Fetched page 1 from https://cxomatters.com/wp-json/wp/v2/media?page=1&per_page=100
2026-06-04 16:58:47,955 - INFO - Fetched page 1 from https://cxomatters.com/wp-json/wp/v2/media?page=1&per_page=100
2026-06-04 16:58:48,002 - INFO - Fetched page 2 from https://techwebtrends.com/wp-json/wp/v2/media?page=2&per_page=100
2026-06-04 16:58:48,034 - INFO - Fetched page 4 from https://techmasternode.com/wp-json/wp/v2/media?page=4&per_page=100
2026-06-04 16:58:48,083 - INFO - Fetched page 1 from https://techwebtrends.com/wp-json/wp/v2/media?page=1&per_page=100
2026-06-04 16:58:48,201 - INFO - Fetched page 4 from https://worldbusinesshour.com/wp-json/wp/v2/media?page=4&per_page=100
2026-06-04 16:58:48,319 - INFO - Fetched page 6 from https://businessmediums.com/wp-json/wp/v2/media?page=6&per_page=100
2026-06-04 16:58:48,335 - INFO - Fetched page 3 from https://thegrowthinsights.com/wp-json/wp/v2/media?page=3&per_page=100
2026-06-04 16:58:48,341 - INFO - Fetched page 5 from https://techmasternode.com/wp-json/wp/v2/media?page=5&per_page=100
2026-06-04 16:58:48,351 - INFO - Fetched page 5 from https://businessmediums.com/wp-json/wp/v2/media?page=5&per_page=100
2026-06-04 16:58:48,749 - INFO - Fetched page 5 from https://techmasternode.com/wp-json/wp/v2/media?page=5&per_page=100
2026-06-04 16:58:48,987 - INFO - Fetched page 4 from https://thegrowthinsights.com/wp-json/wp/v2/media?page=4&per_page=100
2026-06-04 16:58:48,991 - INFO - Fetched page 6 from https://worldbusinesshour.com/wp-json/wp/v2/media?page=6&per_page=100
2026-06-04 16:58:48,995 - INFO - Fetched page 3 from https://techwebtrends.com/wp-json/wp/v2/media?page=3&per_page=100
2026-06-04 16:58:49,005 - INFO - Fetched page 2 from https://techwebtrends.com/wp-json/wp/v2/media?page=2&per_page=100
2026-06-04 16:58:49,055 - INFO - Fetched page 6 from https://businessmediums.com/wp-json/wp/v2/media?page=6&per_page=100
2026-06-04 16:58:49,099 - INFO - Fetched page 2 from https://cxomatters.com/wp-json/wp/v2/media?page=2&per_page=100
2026-06-04 16:58:49,118 - INFO - Fetched page 2 from https://cxomatters.com/wp-json/wp/v2/media?page=2&per_page=100
2026-06-04 16:58:49,249 - INFO - Fetched page 5 from https://worldbusinesshour.com/wp-json/wp/v2/media?page=5&per_page=100
2026-06-04 16:58:49,615 - INFO - Fetched page 6 from https://techmasternode.com/wp-json/wp/v2/media?page=6&per_page=100
2026-06-04 16:58:49,617 - INFO - Fetched page 7 from https://worldbusinesshour.com/wp-json/wp/v2/media?page=7&per_page=100
2026-06-04 16:58:49,681 - INFO - Fetched page 7 from https://businessmediums.com/wp-json/wp/v2/media?page=7&per_page=100
2026-06-04 16:58:49,745 - INFO - Fetched page 6 from https://techmasternode.com/wp-json/wp/v2/media?page=6&per_page=100
2026-06-04 16:58:49,765 - INFO - Fetched page 4 from https://thegrowthinsights.com/wp-json/wp/v2/media?page=4&per_page=100
2026-06-04 16:58:49,943 - INFO - Fetched page 4 from https://techwebtrends.com/wp-json/wp/v2/media?page=4&per_page=100
2026-06-04 16:58:49,947 - INFO - Fetched page 3 from https://techwebtrends.com/wp-json/wp/v2/media?page=3&per_page=100
2026-06-04 16:58:50,053 - INFO - Fetched page 7 from https://businessmediums.com/wp-json/wp/v2/media?page=7&per_page=100
2026-06-04 16:58:50,115 - INFO - Fetched page 3 from https://cxomatters.com/wp-json/wp/v2/media?page=3&per_page=100
2026-06-04 16:58:50,159 - INFO - Fetched page 3 from https://cxomatters.com/wp-json/wp/v2/media?page=3&per_page=100
2026-06-04 16:58:50,238 - INFO - Fetched page 6 from https://worldbusinesshour.com/wp-json/wp/v2/media?page=6&per_page=100
2026-06-04 16:58:50,267 - INFO - Fetched page 5 from https://thegrowthinsights.com/wp-json/wp/v2/media?page=5&per_page=100
2026-06-04 16:58:50,269 - INFO - No more pages: https://worldbusinesshour.com/wp-json/wp/v2/media?page=8&per_page=100
2026-06-04 16:58:50,309 - INFO - Fetched page 7 from https://techmasternode.com/wp-json/wp/v2/media?page=7&per_page=100
2026-06-04 16:58:50,415 - INFO - Fetched page 7 from https://techmasternode.com/wp-json/wp/v2/media?page=7&per_page=100
2026-06-04 16:58:50,677 - INFO - Fetched page 8 from https://businessmediums.com/wp-json/wp/v2/media?page=8&per_page=100
2026-06-04 16:58:50,816 - INFO - Fetched page 8 from https://businessmediums.com/wp-json/wp/v2/media?page=8&per_page=100
2026-06-04 16:58:50,828 - INFO - Fetched page 5 from https://techwebtrends.com/wp-json/wp/v2/media?page=5&per_page=100
2026-06-04 16:58:50,848 - INFO - Fetched page 7 from https://worldbusinesshour.com/wp-json/wp/v2/media?page=7&per_page=100
2026-06-04 16:58:50,851 - INFO - No more pages: https://techmasternode.com/wp-json/wp/v2/media?page=8&per_page=100
2026-06-04 16:58:50,912 - INFO - Fetched page 4 from https://techwebtrends.com/wp-json/wp/v2/media?page=4&per_page=100
2026-06-04 16:58:50,946 - INFO - No more pages: https://techmasternode.com/wp-json/wp/v2/media?page=8&per_page=100
2026-06-04 16:58:51,027 - INFO - Fetched page 5 from https://thegrowthinsights.com/wp-json/wp/v2/media?page=5&per_page=100
2026-06-04 16:58:51,212 - INFO - Fetched page 4 from https://cxomatters.com/wp-json/wp/v2/media?page=4&per_page=100
2026-06-04 16:58:51,407 - INFO - Fetched page 9 from https://businessmediums.com/wp-json/wp/v2/media?page=9&per_page=100
2026-06-04 16:58:51,413 - INFO - Fetched page 6 from https://thegrowthinsights.com/wp-json/wp/v2/media?page=6&per_page=100
2026-06-04 16:58:51,448 - INFO - No more pages: https://worldbusinesshour.com/wp-json/wp/v2/media?page=8&per_page=100
2026-06-04 16:58:51,516 - INFO - Fetched page 4 from https://cxomatters.com/wp-json/wp/v2/media?page=4&per_page=100
2026-06-04 16:58:51,532 - INFO - Fetched page 6 from https://techwebtrends.com/wp-json/wp/v2/media?page=6&per_page=100
2026-06-04 16:58:51,549 - INFO - Fetched page 9 from https://businessmediums.com/wp-json/wp/v2/media?page=9&per_page=100
2026-06-04 16:58:51,769 - INFO - Fetched page 1 from https://worldbusinesshour.com/wp-json/wp/v2/resources?page=1&per_page=100
2026-06-04 16:58:51,786 - INFO - Fetched page 5 from https://techwebtrends.com/wp-json/wp/v2/media?page=5&per_page=100
2026-06-04 16:58:52,125 - INFO - Fetched page 6 from https://thegrowthinsights.com/wp-json/wp/v2/media?page=6&per_page=100
2026-06-04 16:58:52,129 - INFO - Fetched page 7 from https://techwebtrends.com/wp-json/wp/v2/media?page=7&per_page=100
2026-06-04 16:58:52,216 - INFO - Fetched page 7 from https://thegrowthinsights.com/wp-json/wp/v2/media?page=7&per_page=100
2026-06-04 16:58:52,259 - INFO - Fetched page 1 from https://techmasternode.com/wp-json/wp/v2/resources?page=1&per_page=100
2026-06-04 16:58:52,289 - INFO - Fetched page 5 from https://cxomatters.com/wp-json/wp/v2/media?page=5&per_page=100
2026-06-04 16:58:52,358 - INFO - Fetched page 1 from https://techmasternode.com/wp-json/wp/v2/resources?page=1&per_page=100
2026-06-04 16:58:52,368 - INFO - No more pages: https://worldbusinesshour.com/wp-json/wp/v2/resources?page=2&per_page=100
2026-06-04 16:58:52,415 - INFO - Fetched page 10 from https://businessmediums.com/wp-json/wp/v2/media?page=10&per_page=100
2026-06-04 16:58:52,444 - INFO - Fetched page 6 from https://techwebtrends.com/wp-json/wp/v2/media?page=6&per_page=100
2026-06-04 16:58:52,528 - INFO - Fetched page 10 from https://businessmediums.com/wp-json/wp/v2/media?page=10&per_page=100
2026-06-04 16:58:52,551 - INFO - Fetched page 5 from https://cxomatters.com/wp-json/wp/v2/media?page=5&per_page=100
2026-06-04 16:58:52,844 - INFO - No more pages: https://thegrowthinsights.com/wp-json/wp/v2/media?page=8&per_page=100
2026-06-04 16:58:52,879 - INFO - Fetched page 1 from https://worldbusinesshour.com/wp-json/wp/v2/resources?page=1&per_page=100
2026-06-04 16:58:52,882 - INFO - No more pages: https://techmasternode.com/wp-json/wp/v2/resources?page=2&per_page=100
2026-06-04 16:58:52,918 - INFO - Fetched page 7 from https://thegrowthinsights.com/wp-json/wp/v2/media?page=7&per_page=100
2026-06-04 16:58:52,936 - INFO - No more pages: https://techmasternode.com/wp-json/wp/v2/resources?page=2&per_page=100
2026-06-04 16:58:53,087 - INFO - Fetched page 7 from https://techwebtrends.com/wp-json/wp/v2/media?page=7&per_page=100
2026-06-04 16:58:53,203 - INFO - Fetched page 8 from https://techwebtrends.com/wp-json/wp/v2/media?page=8&per_page=100
2026-06-04 16:58:53,249 - INFO - Fetched page 6 from https://cxomatters.com/wp-json/wp/v2/media?page=6&per_page=100
2026-06-04 16:58:53,427 - INFO - Fetched page 11 from https://businessmediums.com/wp-json/wp/v2/media?page=11&per_page=100
2026-06-04 16:58:53,450 - INFO - No more pages: https://worldbusinesshour.com/wp-json/wp/v2/resources?page=2&per_page=100
2026-06-04 16:58:53,508 - INFO - Fetched page 11 from https://businessmediums.com/wp-json/wp/v2/media?page=11&per_page=100
2026-06-04 16:58:53,568 - INFO - No more pages: https://thegrowthinsights.com/wp-json/wp/v2/media?page=8&per_page=100
2026-06-04 16:58:53,667 - INFO - Fetched page 6 from https://cxomatters.com/wp-json/wp/v2/media?page=6&per_page=100
2026-06-04 16:58:53,936 - INFO - Fetched page 9 from https://techwebtrends.com/wp-json/wp/v2/media?page=9&per_page=100
2026-06-04 16:58:54,006 - INFO - Fetched page 8 from https://techwebtrends.com/wp-json/wp/v2/media?page=8&per_page=100
2026-06-04 16:58:54,261 - INFO - Fetched page 7 from https://cxomatters.com/wp-json/wp/v2/media?page=7&per_page=100
2026-06-04 16:58:54,328 - INFO - Fetched page 1 from https://thegrowthinsights.com/wp-json/wp/v2/resources?page=1&per_page=100
2026-06-04 16:58:54,487 - INFO - Fetched page 12 from https://businessmediums.com/wp-json/wp/v2/media?page=12&per_page=100
2026-06-04 16:58:54,492 - INFO - Fetched page 10 from https://techwebtrends.com/wp-json/wp/v2/media?page=10&per_page=100
2026-06-04 16:58:54,505 - INFO - Fetched page 12 from https://businessmediums.com/wp-json/wp/v2/media?page=12&per_page=100
2026-06-04 16:58:54,591 - INFO - Fetched page 1 from https://worldbusinesshour.com/wp-json/wp/v2/posts?page=1&per_page=100
2026-06-04 16:58:54,641 - INFO - Fetched page 9 from https://techwebtrends.com/wp-json/wp/v2/media?page=9&per_page=100
2026-06-04 16:58:54,714 - INFO - Fetched page 7 from https://cxomatters.com/wp-json/wp/v2/media?page=7&per_page=100
2026-06-04 16:58:54,977 - INFO - Fetched page 8 from https://cxomatters.com/wp-json/wp/v2/media?page=8&per_page=100
2026-06-04 16:58:54,982 - INFO - No more pages: https://thegrowthinsights.com/wp-json/wp/v2/resources?page=2&per_page=100
2026-06-04 16:58:55,034 - INFO - No more pages: https://techwebtrends.com/wp-json/wp/v2/media?page=11&per_page=100
2026-06-04 16:58:55,040 - INFO - Fetched page 1 from https://thegrowthinsights.com/wp-json/wp/v2/resources?page=1&per_page=100
2026-06-04 16:58:55,193 - INFO - Fetched page 10 from https://techwebtrends.com/wp-json/wp/v2/media?page=10&per_page=100
2026-06-04 16:58:55,270 - INFO - Fetched page 1 from https://techmasternode.com/wp-json/wp/v2/posts?page=1&per_page=100
2026-06-04 16:58:55,312 - INFO - Fetched page 1 from https://techmasternode.com/wp-json/wp/v2/posts?page=1&per_page=100
2026-06-04 16:58:55,534 - INFO - Fetched page 13 from https://businessmediums.com/wp-json/wp/v2/media?page=13&per_page=100
2026-06-04 16:58:55,544 - INFO - Fetched page 13 from https://businessmediums.com/wp-json/wp/v2/media?page=13&per_page=100
2026-06-04 16:58:55,601 - INFO - Fetched page 2 from https://worldbusinesshour.com/wp-json/wp/v2/posts?page=2&per_page=100
2026-06-04 16:58:55,638 - INFO - No more pages: https://thegrowthinsights.com/wp-json/wp/v2/resources?page=2&per_page=100
2026-06-04 16:58:55,696 - INFO - Fetched page 9 from https://cxomatters.com/wp-json/wp/v2/media?page=9&per_page=100
2026-06-04 16:58:55,704 - INFO - No more pages: https://techwebtrends.com/wp-json/wp/v2/media?page=11&per_page=100
2026-06-04 16:58:55,782 - INFO - Fetched page 1 from https://worldbusinesshour.com/wp-json/wp/v2/posts?page=1&per_page=100
2026-06-04 16:58:55,786 - INFO - Fetched page 8 from https://cxomatters.com/wp-json/wp/v2/media?page=8&per_page=100
2026-06-04 16:58:56,202 - INFO - No more pages: https://worldbusinesshour.com/wp-json/wp/v2/posts?page=3&per_page=100
2026-06-04 16:58:56,209 - INFO - API baseline created for World Business Hour - posts
2026-06-04 16:58:56,485 - INFO - Fetched page 1 from https://techwebtrends.com/wp-json/wp/v2/resources?page=1&per_page=100
2026-06-04 16:58:56,542 - INFO - Fetched page 14 from https://businessmediums.com/wp-json/wp/v2/media?page=14&per_page=100
2026-06-04 16:58:56,547 - INFO - Fetched page 14 from https://businessmediums.com/wp-json/wp/v2/media?page=14&per_page=100
2026-06-04 16:58:56,573 - INFO - Fetched page 9 from https://cxomatters.com/wp-json/wp/v2/media?page=9&per_page=100
2026-06-04 16:58:56,763 - INFO - Fetched page 10 from https://cxomatters.com/wp-json/wp/v2/media?page=10&per_page=100
2026-06-04 16:58:56,829 - INFO - Fetched page 2 from https://worldbusinesshour.com/wp-json/wp/v2/posts?page=2&per_page=100
2026-06-04 16:58:56,982 - INFO - Fetched page 1 from https://thegrowthinsights.com/wp-json/wp/v2/posts?page=1&per_page=100
2026-06-04 16:58:57,034 - INFO - No more pages: https://techwebtrends.com/wp-json/wp/v2/resources?page=2&per_page=100
2026-06-04 16:58:57,174 - INFO - Fetched page 1 from https://techwebtrends.com/wp-json/wp/v2/resources?page=1&per_page=100
2026-06-04 16:58:57,177 - INFO - No more pages: https://businessmediums.com/wp-json/wp/v2/media?page=15&per_page=100
2026-06-04 16:58:57,200 - INFO - No more pages: https://businessmediums.com/wp-json/wp/v2/media?page=15&per_page=100
2026-06-04 16:58:57,473 - INFO - Fetched page 2 from https://techmasternode.com/wp-json/wp/v2/posts?page=2&per_page=100
2026-06-04 16:58:57,476 - INFO - No more pages: https://worldbusinesshour.com/wp-json/wp/v2/posts?page=3&per_page=100
2026-06-04 16:58:57,480 - INFO - Fetched page 2 from https://techmasternode.com/wp-json/wp/v2/posts?page=2&per_page=100
2026-06-04 16:58:57,485 - INFO - No API changes in World Business Hour - posts
2026-06-04 16:58:57,543 - INFO - Fetched page 11 from https://cxomatters.com/wp-json/wp/v2/media?page=11&per_page=100
2026-06-04 16:58:57,624 - INFO - Fetched page 10 from https://cxomatters.com/wp-json/wp/v2/media?page=10&per_page=100
2026-06-04 16:58:57,692 - INFO - Fetched page 1 from https://thegrowthinsights.com/wp-json/wp/v2/posts?page=1&per_page=100
2026-06-04 16:58:57,733 - INFO - No more pages: https://techwebtrends.com/wp-json/wp/v2/resources?page=2&per_page=100
2026-06-04 16:58:58,241 - INFO - Fetched page 12 from https://cxomatters.com/wp-json/wp/v2/media?page=12&per_page=100
2026-06-04 16:58:58,306 - INFO - Fetched page 3 from https://techmasternode.com/wp-json/wp/v2/posts?page=3&per_page=100
2026-06-04 16:58:58,340 - INFO - Fetched page 3 from https://techmasternode.com/wp-json/wp/v2/posts?page=3&per_page=100
2026-06-04 16:58:58,363 - INFO - Fetched page 11 from https://cxomatters.com/wp-json/wp/v2/media?page=11&per_page=100
2026-06-04 16:58:58,432 - INFO - Fetched page 1 from https://worldbusinesshour.com/wp-json/wp/v2/pages?page=1&per_page=100
2026-06-04 16:58:58,601 - INFO - Fetched page 2 from https://thegrowthinsights.com/wp-json/wp/v2/posts?page=2&per_page=100
2026-06-04 16:58:58,620 - INFO - Fetched page 1 from https://businessmediums.com/wp-json/wp/v2/resources?page=1&per_page=100
2026-06-04 16:58:58,705 - INFO - Fetched page 1 from https://businessmediums.com/wp-json/wp/v2/resources?page=1&per_page=100
2026-06-04 16:58:58,836 - INFO - No more pages: https://cxomatters.com/wp-json/wp/v2/media?page=13&per_page=100
2026-06-04 16:58:58,847 - INFO - No more pages: https://techmasternode.com/wp-json/wp/v2/posts?page=4&per_page=100
2026-06-04 16:58:58,861 - INFO - API baseline created for Techmaster Node - posts
2026-06-04 16:58:58,865 - INFO - No more pages: https://techmasternode.com/wp-json/wp/v2/posts?page=4&per_page=100
2026-06-04 16:58:58,877 - INFO - No API changes in Techmaster Node - posts
2026-06-04 16:58:58,919 - INFO - Fetched page 1 from https://techwebtrends.com/wp-json/wp/v2/posts?page=1&per_page=100
2026-06-04 16:58:59,011 - INFO - No more pages: https://worldbusinesshour.com/wp-json/wp/v2/pages?page=2&per_page=100
2026-06-04 16:58:59,018 - INFO - API baseline created for World Business Hour - pages
2026-06-04 16:58:59,056 - INFO - Fetched page 12 from https://cxomatters.com/wp-json/wp/v2/media?page=12&per_page=100
2026-06-04 16:58:59,204 - INFO - No more pages: https://thegrowthinsights.com/wp-json/wp/v2/posts?page=3&per_page=100
2026-06-04 16:58:59,216 - INFO - API baseline created for The Growth Insights - posts
2026-06-04 16:58:59,218 - INFO - No more pages: https://businessmediums.com/wp-json/wp/v2/resources?page=2&per_page=100
2026-06-04 16:58:59,330 - INFO - No more pages: https://businessmediums.com/wp-json/wp/v2/resources?page=2&per_page=100
2026-06-04 16:58:59,355 - INFO - Fetched page 2 from https://thegrowthinsights.com/wp-json/wp/v2/posts?page=2&per_page=100
2026-06-04 16:58:59,594 - INFO - Fetched page 1 from https://techwebtrends.com/wp-json/wp/v2/posts?page=1&per_page=100
2026-06-04 16:58:59,648 - INFO - No more pages: https://cxomatters.com/wp-json/wp/v2/media?page=13&per_page=100
2026-06-04 16:58:59,786 - INFO - Fetched page 1 from https://worldbusinesshour.com/wp-json/wp/v2/pages?page=1&per_page=100
2026-06-04 16:58:59,936 - INFO - No more pages: https://thegrowthinsights.com/wp-json/wp/v2/posts?page=3&per_page=100
2026-06-04 16:58:59,946 - INFO - No API changes in The Growth Insights - posts
2026-06-04 16:59:00,057 - INFO - Fetched page 1 from https://worldbusinesshour.com/wp-json/wp/v2/media?page=1&per_page=100
2026-06-04 16:59:00,324 - INFO - Fetched page 1 from https://cxomatters.com/wp-json/wp/v2/resources?page=1&per_page=100
2026-06-04 16:59:00,335 - INFO - Fetched page 1 from https://techmasternode.com/wp-json/wp/v2/pages?page=1&per_page=100
2026-06-04 16:59:00,394 - INFO - No more pages: https://worldbusinesshour.com/wp-json/wp/v2/pages?page=2&per_page=100
2026-06-04 16:59:00,400 - INFO - No API changes in World Business Hour - pages
2026-06-04 16:59:00,409 - INFO - Fetched page 1 from https://techmasternode.com/wp-json/wp/v2/pages?page=1&per_page=100
2026-06-04 16:59:00,502 - INFO - Fetched page 2 from https://techwebtrends.com/wp-json/wp/v2/posts?page=2&per_page=100
2026-06-04 16:59:00,705 - INFO - Fetched page 1 from https://thegrowthinsights.com/wp-json/wp/v2/pages?page=1&per_page=100
2026-06-04 16:59:00,900 - INFO - No more pages: https://techmasternode.com/wp-json/wp/v2/pages?page=2&per_page=100
2026-06-04 16:59:00,906 - INFO - API baseline created for Techmaster Node - pages
2026-06-04 16:59:00,943 - INFO - No more pages: https://cxomatters.com/wp-json/wp/v2/resources?page=2&per_page=100
2026-06-04 16:59:00,973 - INFO - No more pages: https://techmasternode.com/wp-json/wp/v2/pages?page=2&per_page=100
2026-06-04 16:59:00,976 - INFO - No API changes in Techmaster Node - pages
2026-06-04 16:59:01,002 - INFO - Fetched page 1 from https://cxomatters.com/wp-json/wp/v2/resources?page=1&per_page=100
2026-06-04 16:59:01,071 - INFO - Fetched page 2 from https://worldbusinesshour.com/wp-json/wp/v2/media?page=2&per_page=100
2026-06-04 16:59:01,139 - INFO - Fetched page 2 from https://techwebtrends.com/wp-json/wp/v2/posts?page=2&per_page=100
2026-06-04 16:59:01,367 - INFO - Fetched page 1 from https://thegrowthinsights.com/wp-json/wp/v2/pages?page=1&per_page=100
2026-06-04 16:59:01,369 - INFO - No more pages: https://thegrowthinsights.com/wp-json/wp/v2/pages?page=2&per_page=100
2026-06-04 16:59:01,373 - INFO - API baseline created for The Growth Insights - pages
2026-06-04 16:59:01,384 - INFO - Fetched page 1 from https://businessmediums.com/wp-json/wp/v2/posts?page=1&per_page=100
2026-06-04 16:59:01,426 - INFO - Fetched page 1 from https://worldbusinesshour.com/wp-json/wp/v2/media?page=1&per_page=100
2026-06-04 16:59:01,436 - INFO - Fetched page 1 from https://businessmediums.com/wp-json/wp/v2/posts?page=1&per_page=100
2026-06-04 16:59:01,731 - INFO - No more pages: https://cxomatters.com/wp-json/wp/v2/resources?page=2&per_page=100
2026-06-04 16:59:02,060 - INFO - No more pages: https://thegrowthinsights.com/wp-json/wp/v2/pages?page=2&per_page=100
2026-06-04 16:59:02,062 - INFO - No API changes in The Growth Insights - pages
2026-06-04 16:59:02,071 - INFO - Fetched page 1 from https://techmasternode.com/wp-json/wp/v2/media?page=1&per_page=100
2026-06-04 16:59:02,107 - INFO - No more pages: https://businessmediums.com/wp-json/wp/v2/posts?page=2&per_page=100
2026-06-04 16:59:02,113 - INFO - API baseline created for Business Mediums - posts
2026-06-04 16:59:02,126 - INFO - Fetched page 3 from https://worldbusinesshour.com/wp-json/wp/v2/media?page=3&per_page=100
2026-06-04 16:59:02,138 - INFO - Fetched page 3 from https://techwebtrends.com/wp-json/wp/v2/posts?page=3&per_page=100
2026-06-04 16:59:02,141 - INFO - No more pages: https://businessmediums.com/wp-json/wp/v2/posts?page=2&per_page=100
2026-06-04 16:59:02,145 - INFO - No API changes in Business Mediums - posts
2026-06-04 16:59:02,442 - INFO - Fetched page 1 from https://techmasternode.com/wp-json/wp/v2/media?page=1&per_page=100
2026-06-04 16:59:02,642 - INFO - Fetched page 2 from https://worldbusinesshour.com/wp-json/wp/v2/media?page=2&per_page=100
2026-06-04 16:59:02,725 - INFO - Fetched page 4 from https://techwebtrends.com/wp-json/wp/v2/posts?page=4&per_page=100
2026-06-04 16:59:02,726 - INFO - Fetched page 3 from https://techwebtrends.com/wp-json/wp/v2/posts?page=3&per_page=100
2026-06-04 16:59:03,150 - INFO - Fetched page 4 from https://worldbusinesshour.com/wp-json/wp/v2/media?page=4&per_page=100
2026-06-04 16:59:03,175 - INFO - Fetched page 2 from https://techmasternode.com/wp-json/wp/v2/media?page=2&per_page=100
2026-06-04 16:59:03,187 - INFO - Fetched page 1 from https://thegrowthinsights.com/wp-json/wp/v2/media?page=1&per_page=100
2026-06-04 16:59:03,239 - INFO - No more pages: https://techwebtrends.com/wp-json/wp/v2/posts?page=5&per_page=100
2026-06-04 16:59:03,255 - INFO - API baseline created for TechWeb Trends - posts
2026-06-04 16:59:03,292 - INFO - Fetched page 1 from https://cxomatters.com/wp-json/wp/v2/posts?page=1&per_page=100
2026-06-04 16:59:03,307 - INFO - Fetched page 4 from https://techwebtrends.com/wp-json/wp/v2/posts?page=4&per_page=100
2026-06-04 16:59:03,582 - INFO - Fetched page 1 from https://businessmediums.com/wp-json/wp/v2/pages?page=1&per_page=100
2026-06-04 16:59:03,595 - INFO - Fetched page 2 from https://techmasternode.com/wp-json/wp/v2/media?page=2&per_page=100
2026-06-04 16:59:03,599 - INFO - Fetched page 1 from https://businessmediums.com/wp-json/wp/v2/pages?page=1&per_page=100
2026-06-04 16:59:03,725 - INFO - Fetched page 3 from https://worldbusinesshour.com/wp-json/wp/v2/media?page=3&per_page=100
2026-06-04 16:59:03,783 - INFO - Fetched page 1 from https://thegrowthinsights.com/wp-json/wp/v2/media?page=1&per_page=100
2026-06-04 16:59:03,796 - INFO - No more pages: https://techwebtrends.com/wp-json/wp/v2/posts?page=5&per_page=100
2026-06-04 16:59:03,820 - INFO - No API changes in TechWeb Trends - posts
2026-06-04 16:59:03,897 - INFO - Fetched page 1 from https://cxomatters.com/wp-json/wp/v2/posts?page=1&per_page=100
2026-06-04 16:59:04,161 - INFO - Fetched page 1 from https://techwebtrends.com/wp-json/wp/v2/pages?page=1&per_page=100
2026-06-04 16:59:04,257 - INFO - Fetched page 3 from https://techmasternode.com/wp-json/wp/v2/media?page=3&per_page=100
2026-06-04 16:59:04,266 - INFO - Fetched page 5 from https://worldbusinesshour.com/wp-json/wp/v2/media?page=5&per_page=100
2026-06-04 16:59:04,695 - INFO - Fetched page 3 from https://techmasternode.com/wp-json/wp/v2/media?page=3&per_page=100
2026-06-04 16:59:04,796 - INFO - Fetched page 4 from https://worldbusinesshour.com/wp-json/wp/v2/media?page=4&per_page=100
2026-06-04 16:59:04,926 - INFO - Fetched page 1 from https://techwebtrends.com/wp-json/wp/v2/pages?page=1&per_page=100
2026-06-04 16:59:04,954 - INFO - Fetched page 2 from https://thegrowthinsights.com/wp-json/wp/v2/media?page=2&per_page=100
2026-06-04 16:59:05,268 - INFO - Fetched page 2 from https://cxomatters.com/wp-json/wp/v2/posts?page=2&per_page=100
2026-06-04 16:59:05,324 - INFO - Fetched page 6 from https://worldbusinesshour.com/wp-json/wp/v2/media?page=6&per_page=100
2026-06-04 16:59:05,365 - INFO - Fetched page 4 from https://techmasternode.com/wp-json/wp/v2/media?page=4&per_page=100
2026-06-04 16:59:05,606 - INFO - Fetched page 2 from https://thegrowthinsights.com/wp-json/wp/v2/media?page=2&per_page=100
2026-06-04 16:59:05,669 - INFO - Fetched page 2 from https://cxomatters.com/wp-json/wp/v2/posts?page=2&per_page=100
2026-06-04 16:59:05,710 - INFO - Fetched page 4 from https://techmasternode.com/wp-json/wp/v2/media?page=4&per_page=100
2026-06-04 16:59:05,855 - INFO - Fetched page 5 from https://worldbusinesshour.com/wp-json/wp/v2/media?page=5&per_page=100
2026-06-04 16:59:06,021 - INFO - Fetched page 2 from https://businessmediums.com/wp-json/wp/v2/pages?page=2&per_page=100
2026-06-04 16:59:06,095 - INFO - Fetched page 7 from https://worldbusinesshour.com/wp-json/wp/v2/media?page=7&per_page=100
2026-06-04 16:59:06,112 - INFO - Fetched page 2 from https://businessmediums.com/wp-json/wp/v2/pages?page=2&per_page=100
2026-06-04 16:59:06,176 - INFO - Fetched page 5 from https://techmasternode.com/wp-json/wp/v2/media?page=5&per_page=100
2026-06-04 16:59:06,265 - INFO - Fetched page 3 from https://cxomatters.com/wp-json/wp/v2/posts?page=3&per_page=100
2026-06-04 16:59:06,402 - INFO - Fetched page 5 from https://techmasternode.com/wp-json/wp/v2/media?page=5&per_page=100
2026-06-04 16:59:06,590 - INFO - Fetched page 3 from https://cxomatters.com/wp-json/wp/v2/posts?page=3&per_page=100
2026-06-04 16:59:06,634 - INFO - Fetched page 2 from https://techwebtrends.com/wp-json/wp/v2/pages?page=2&per_page=100
2026-06-04 16:59:06,658 - INFO - No more pages: https://businessmediums.com/wp-json/wp/v2/pages?page=3&per_page=100
2026-06-04 16:59:06,665 - INFO - API baseline created for Business Mediums - pages
2026-06-04 16:59:06,710 - INFO - No more pages: https://worldbusinesshour.com/wp-json/wp/v2/media?page=8&per_page=100
2026-06-04 16:59:06,751 - INFO - No more pages: https://businessmediums.com/wp-json/wp/v2/pages?page=3&per_page=100
2026-06-04 16:59:06,775 - INFO - No API changes in Business Mediums - pages
2026-06-04 16:59:06,801 - INFO - API baseline created for World Business Hour - media
2026-06-04 16:59:06,816 - INFO - Fetched page 3 from https://thegrowthinsights.com/wp-json/wp/v2/media?page=3&per_page=100
2026-06-04 16:59:06,885 - INFO - Fetched page 6 from https://worldbusinesshour.com/wp-json/wp/v2/media?page=6&per_page=100
2026-06-04 16:59:06,887 - INFO - No more pages: https://cxomatters.com/wp-json/wp/v2/posts?page=4&per_page=100
2026-06-04 16:59:06,898 - INFO - API baseline created for CXO Matters - posts
2026-06-04 16:59:07,210 - INFO - No more pages: https://cxomatters.com/wp-json/wp/v2/posts?page=4&per_page=100
2026-06-04 16:59:07,229 - INFO - No API changes in CXO Matters - posts
2026-06-04 16:59:07,250 - INFO - No more pages: https://techwebtrends.com/wp-json/wp/v2/pages?page=3&per_page=100
2026-06-04 16:59:07,261 - INFO - API baseline created for TechWeb Trends - pages
2026-06-04 16:59:07,270 - INFO - Fetched page 6 from https://techmasternode.com/wp-json/wp/v2/media?page=6&per_page=100
2026-06-04 16:59:07,384 - INFO - Fetched page 2 from https://techwebtrends.com/wp-json/wp/v2/pages?page=2&per_page=100
2026-06-04 16:59:07,879 - INFO - Fetched page 3 from https://thegrowthinsights.com/wp-json/wp/v2/media?page=3&per_page=100
2026-06-04 16:59:07,900 - INFO - No more pages: https://techwebtrends.com/wp-json/wp/v2/pages?page=3&per_page=100
2026-06-04 16:59:07,904 - INFO - No API changes in TechWeb Trends - pages
2026-06-04 16:59:07,912 - INFO - Fetched page 1 from https://businessmediums.com/wp-json/wp/v2/media?page=1&per_page=100
2026-06-04 16:59:07,916 - INFO - Fetched page 6 from https://techmasternode.com/wp-json/wp/v2/media?page=6&per_page=100
2026-06-04 16:59:07,919 - INFO - Fetched page 1 from https://businessmediums.com/wp-json/wp/v2/media?page=1&per_page=100
2026-06-04 16:59:07,948 - INFO - Fetched page 7 from https://worldbusinesshour.com/wp-json/wp/v2/media?page=7&per_page=100
2026-06-04 16:59:07,958 - INFO - Fetched page 7 from https://techmasternode.com/wp-json/wp/v2/media?page=7&per_page=100
2026-06-04 16:59:08,226 - INFO - Fetched page 1 from https://cxomatters.com/wp-json/wp/v2/pages?page=1&per_page=100
2026-06-04 16:59:08,234 - INFO - Fetched page 1 from https://techwebtrends.com/wp-json/wp/v2/media?page=1&per_page=100
2026-06-04 16:59:08,243 - INFO - Fetched page 1 from https://worldbusinesshour.com/wp-json/wp/v2/resources?page=1&per_page=100
2026-06-04 16:59:08,285 - INFO - Fetched page 4 from https://thegrowthinsights.com/wp-json/wp/v2/media?page=4&per_page=100
2026-06-04 16:59:08,421 - INFO - Fetched page 1 from https://cxomatters.com/wp-json/wp/v2/pages?page=1&per_page=100
2026-06-04 16:59:08,518 - INFO - No more pages: https://techmasternode.com/wp-json/wp/v2/media?page=8&per_page=100
2026-06-04 16:59:08,579 - INFO - No more pages: https://worldbusinesshour.com/wp-json/wp/v2/media?page=8&per_page=100
2026-06-04 16:59:08,612 - INFO - No API changes in World Business Hour - media
2026-06-04 16:59:08,650 - INFO - API baseline created for Techmaster Node - media
2026-06-04 16:59:08,827 - INFO - No more pages: https://worldbusinesshour.com/wp-json/wp/v2/resources?page=2&per_page=100
2026-06-04 16:59:08,847 - INFO - Fetched page 1 from https://techwebtrends.com/wp-json/wp/v2/media?page=1&per_page=100
2026-06-04 16:59:08,926 - INFO - Fetched page 7 from https://techmasternode.com/wp-json/wp/v2/media?page=7&per_page=100
2026-06-04 16:59:08,995 - INFO - Fetched page 2 from https://businessmediums.com/wp-json/wp/v2/media?page=2&per_page=100
2026-06-04 16:59:09,066 - INFO - Fetched page 2 from https://businessmediums.com/wp-json/wp/v2/media?page=2&per_page=100
2026-06-04 16:59:09,218 - INFO - Fetched page 2 from https://techwebtrends.com/wp-json/wp/v2/media?page=2&per_page=100
2026-06-04 16:59:09,375 - INFO - Fetched page 2 from https://cxomatters.com/wp-json/wp/v2/pages?page=2&per_page=100
2026-06-04 16:59:09,466 - INFO - No more pages: https://techmasternode.com/wp-json/wp/v2/media?page=8&per_page=100
2026-06-04 16:59:09,522 - INFO - No API changes in Techmaster Node - media
2026-06-04 16:59:09,554 - INFO - Fetched page 4 from https://thegrowthinsights.com/wp-json/wp/v2/media?page=4&per_page=100
2026-06-04 16:59:09,561 - INFO - Fetched page 2 from https://cxomatters.com/wp-json/wp/v2/pages?page=2&per_page=100
2026-06-04 16:59:09,807 - INFO - Fetched page 5 from https://thegrowthinsights.com/wp-json/wp/v2/media?page=5&per_page=100
2026-06-04 16:59:09,859 - INFO - Fetched page 2 from https://techwebtrends.com/wp-json/wp/v2/media?page=2&per_page=100
2026-06-04 16:59:09,923 - INFO - Fetched page 3 from https://businessmediums.com/wp-json/wp/v2/media?page=3&per_page=100
2026-06-04 16:59:10,010 - INFO - Fetched page 3 from https://businessmediums.com/wp-json/wp/v2/media?page=3&per_page=100
2026-06-04 16:59:10,068 - INFO - Fetched page 1 from https://worldbusinesshour.com/wp-json/wp/v2/resources?page=1&per_page=100
2026-06-04 16:59:10,132 - INFO - Fetched page 3 from https://techwebtrends.com/wp-json/wp/v2/media?page=3&per_page=100
2026-06-04 16:59:10,242 - INFO - Fetched page 1 from https://techmasternode.com/wp-json/wp/v2/resources?page=1&per_page=100
2026-06-04 16:59:10,904 - INFO - No more pages: https://worldbusinesshour.com/wp-json/wp/v2/resources?page=2&per_page=100
2026-06-04 16:59:10,905 - INFO - Fetched page 3 from https://cxomatters.com/wp-json/wp/v2/pages?page=3&per_page=100
2026-06-04 16:59:10,922 - INFO - Fetched page 3 from https://cxomatters.com/wp-json/wp/v2/pages?page=3&per_page=100
2026-06-04 16:59:10,924 - INFO - Fetched page 4 from https://techwebtrends.com/wp-json/wp/v2/media?page=4&per_page=100
2026-06-04 16:59:10,926 - INFO - No more pages: https://techmasternode.com/wp-json/wp/v2/resources?page=2&per_page=100
2026-06-04 16:59:10,928 - INFO - Fetched page 3 from https://techwebtrends.com/wp-json/wp/v2/media?page=3&per_page=100
2026-06-04 16:59:10,933 - INFO - API baseline created for Techmaster Node - resources
2026-06-04 16:59:10,949 - INFO - Fetched page 6 from https://thegrowthinsights.com/wp-json/wp/v2/media?page=6&per_page=100
2026-06-04 16:59:10,960 - INFO - Fetched page 4 from https://businessmediums.com/wp-json/wp/v2/media?page=4&per_page=100
2026-06-04 16:59:11,007 - INFO - Fetched page 1 from https://techmasternode.com/wp-json/wp/v2/resources?page=1&per_page=100
2026-06-04 16:59:11,007 - INFO - Fetched page 4 from https://businessmediums.com/wp-json/wp/v2/media?page=4&per_page=100
2026-06-04 16:59:11,056 - INFO - Fetched page 5 from https://thegrowthinsights.com/wp-json/wp/v2/media?page=5&per_page=100
2026-06-04 16:59:11,537 - INFO - No more pages: https://cxomatters.com/wp-json/wp/v2/pages?page=4&per_page=100
2026-06-04 16:59:11,544 - INFO - API baseline created for CXO Matters - pages
2026-06-04 16:59:11,549 - INFO - No more pages: https://cxomatters.com/wp-json/wp/v2/pages?page=4&per_page=100
2026-06-04 16:59:11,553 - INFO - No API changes in CXO Matters - pages
2026-06-04 16:59:11,572 - INFO - Fetched page 4 from https://techwebtrends.com/wp-json/wp/v2/media?page=4&per_page=100
2026-06-04 16:59:11,597 - INFO - No more pages: https://techmasternode.com/wp-json/wp/v2/resources?page=2&per_page=100
2026-06-04 16:59:11,599 - INFO - No API changes in Techmaster Node - resources
2026-06-04 16:59:11,823 - INFO - Fetched page 5 from https://techwebtrends.com/wp-json/wp/v2/media?page=5&per_page=100
2026-06-04 16:59:11,964 - INFO - Fetched page 7 from https://thegrowthinsights.com/wp-json/wp/v2/media?page=7&per_page=100
2026-06-04 16:59:11,976 - INFO - Fetched page 5 from https://businessmediums.com/wp-json/wp/v2/media?page=5&per_page=100
2026-06-04 16:59:11,979 - INFO - Fetched page 5 from https://businessmediums.com/wp-json/wp/v2/media?page=5&per_page=100
2026-06-04 16:59:12,222 - INFO - Fetched page 6 from https://thegrowthinsights.com/wp-json/wp/v2/media?page=6&per_page=100
2026-06-04 16:59:12,484 - INFO - Fetched page 5 from https://techwebtrends.com/wp-json/wp/v2/media?page=5&per_page=100
2026-06-04 16:59:12,524 - INFO - Fetched page 6 from https://techwebtrends.com/wp-json/wp/v2/media?page=6&per_page=100
2026-06-04 16:59:12,621 - INFO - Fetched page 1 from https://cxomatters.com/wp-json/wp/v2/media?page=1&per_page=100
2026-06-04 16:59:12,625 - INFO - Fetched page 1 from https://cxomatters.com/wp-json/wp/v2/media?page=1&per_page=100
2026-06-04 16:59:12,778 - INFO - No more pages: https://thegrowthinsights.com/wp-json/wp/v2/media?page=8&per_page=100
2026-06-04 16:59:12,903 - INFO - API baseline created for The Growth Insights - media
2026-06-04 16:59:12,926 - INFO - Fetched page 6 from https://businessmediums.com/wp-json/wp/v2/media?page=6&per_page=100
2026-06-04 16:59:12,957 - INFO - Fetched page 6 from https://businessmediums.com/wp-json/wp/v2/media?page=6&per_page=100
2026-06-04 16:59:13,141 - INFO - Fetched page 7 from https://techwebtrends.com/wp-json/wp/v2/media?page=7&per_page=100
2026-06-04 16:59:13,167 - INFO - Fetched page 6 from https://techwebtrends.com/wp-json/wp/v2/media?page=6&per_page=100
2026-06-04 16:59:13,211 - INFO - Fetched page 7 from https://thegrowthinsights.com/wp-json/wp/v2/media?page=7&per_page=100
2026-06-04 16:59:13,902 - INFO - Fetched page 2 from https://cxomatters.com/wp-json/wp/v2/media?page=2&per_page=100
2026-06-04 16:59:13,906 - INFO - No more pages: https://thegrowthinsights.com/wp-json/wp/v2/media?page=8&per_page=100
2026-06-04 16:59:13,910 - INFO - Fetched page 7 from https://techwebtrends.com/wp-json/wp/v2/media?page=7&per_page=100
2026-06-04 16:59:13,949 - INFO - Fetched page 7 from https://businessmediums.com/wp-json/wp/v2/media?page=7&per_page=100
2026-06-04 16:59:13,961 - INFO - No API changes in The Growth Insights - media
2026-06-04 16:59:13,976 - INFO - Fetched page 7 from https://businessmediums.com/wp-json/wp/v2/media?page=7&per_page=100
2026-06-04 16:59:14,003 - INFO - Fetched page 2 from https://cxomatters.com/wp-json/wp/v2/media?page=2&per_page=100
2026-06-04 16:59:14,055 - INFO - Fetched page 8 from https://techwebtrends.com/wp-json/wp/v2/media?page=8&per_page=100
2026-06-04 16:59:14,377 - INFO - Fetched page 1 from https://thegrowthinsights.com/wp-json/wp/v2/resources?page=1&per_page=100
2026-06-04 16:59:14,651 - INFO - Fetched page 9 from https://techwebtrends.com/wp-json/wp/v2/media?page=9&per_page=100
2026-06-04 16:59:14,853 - INFO - Fetched page 8 from https://techwebtrends.com/wp-json/wp/v2/media?page=8&per_page=100
2026-06-04 16:59:14,916 - INFO - Fetched page 8 from https://businessmediums.com/wp-json/wp/v2/media?page=8&per_page=100
2026-06-04 16:59:14,947 - INFO - Fetched page 8 from https://businessmediums.com/wp-json/wp/v2/media?page=8&per_page=100
2026-06-04 16:59:14,985 - INFO - No more pages: https://thegrowthinsights.com/wp-json/wp/v2/resources?page=2&per_page=100
2026-06-04 16:59:15,004 - INFO - Fetched page 3 from https://cxomatters.com/wp-json/wp/v2/media?page=3&per_page=100
2026-06-04 16:59:15,024 - INFO - Fetched page 3 from https://cxomatters.com/wp-json/wp/v2/media?page=3&per_page=100
2026-06-04 16:59:15,199 - INFO - Fetched page 10 from https://techwebtrends.com/wp-json/wp/v2/media?page=10&per_page=100
2026-06-04 16:59:15,501 - INFO - Fetched page 9 from https://techwebtrends.com/wp-json/wp/v2/media?page=9&per_page=100
2026-06-04 16:59:15,538 - INFO - Fetched page 1 from https://thegrowthinsights.com/wp-json/wp/v2/resources?page=1&per_page=100
2026-06-04 16:59:15,702 - INFO - No more pages: https://techwebtrends.com/wp-json/wp/v2/media?page=11&per_page=100
2026-06-04 16:59:15,758 - INFO - API baseline created for TechWeb Trends - media
2026-06-04 16:59:15,759 - INFO - Fetched page 9 from https://businessmediums.com/wp-json/wp/v2/media?page=9&per_page=100
2026-06-04 16:59:15,854 - INFO - Fetched page 9 from https://businessmediums.com/wp-json/wp/v2/media?page=9&per_page=100
2026-06-04 16:59:16,076 - INFO - Fetched page 10 from https://techwebtrends.com/wp-json/wp/v2/media?page=10&per_page=100
2026-06-04 16:59:16,154 - INFO - No more pages: https://thegrowthinsights.com/wp-json/wp/v2/resources?page=2&per_page=100
2026-06-04 16:59:16,205 - INFO - Fetched page 4 from https://cxomatters.com/wp-json/wp/v2/media?page=4&per_page=100
2026-06-04 16:59:16,246 - INFO - Fetched page 4 from https://cxomatters.com/wp-json/wp/v2/media?page=4&per_page=100
2026-06-04 16:59:16,861 - INFO - No more pages: https://techwebtrends.com/wp-json/wp/v2/media?page=11&per_page=100
2026-06-04 16:59:16,863 - INFO - Fetched page 10 from https://businessmediums.com/wp-json/wp/v2/media?page=10&per_page=100
2026-06-04 16:59:16,866 - INFO - Fetched page 10 from https://businessmediums.com/wp-json/wp/v2/media?page=10&per_page=100
2026-06-04 16:59:16,888 - INFO - No API changes in TechWeb Trends - media
2026-06-04 16:59:17,279 - INFO - Fetched page 5 from https://cxomatters.com/wp-json/wp/v2/media?page=5&per_page=100
2026-06-04 16:59:17,354 - INFO - Fetched page 1 from https://techwebtrends.com/wp-json/wp/v2/resources?page=1&per_page=100
2026-06-04 16:59:17,368 - INFO - Fetched page 5 from https://cxomatters.com/wp-json/wp/v2/media?page=5&per_page=100
2026-06-04 16:59:17,850 - INFO - Fetched page 11 from https://businessmediums.com/wp-json/wp/v2/media?page=11&per_page=100
2026-06-04 16:59:17,909 - INFO - No more pages: https://techwebtrends.com/wp-json/wp/v2/resources?page=2&per_page=100
2026-06-04 16:59:17,911 - INFO - Fetched page 11 from https://businessmediums.com/wp-json/wp/v2/media?page=11&per_page=100
2026-06-04 16:59:17,916 - INFO - API baseline created for TechWeb Trends - resources
2026-06-04 16:59:18,385 - INFO - Fetched page 6 from https://cxomatters.com/wp-json/wp/v2/media?page=6&per_page=100
2026-06-04 16:59:18,455 - INFO - Fetched page 6 from https://cxomatters.com/wp-json/wp/v2/media?page=6&per_page=100
2026-06-04 16:59:18,466 - INFO - Fetched page 1 from https://techwebtrends.com/wp-json/wp/v2/resources?page=1&per_page=100
2026-06-04 16:59:18,832 - INFO - Fetched page 12 from https://businessmediums.com/wp-json/wp/v2/media?page=12&per_page=100
2026-06-04 16:59:18,882 - INFO - Fetched page 12 from https://businessmediums.com/wp-json/wp/v2/media?page=12&per_page=100
2026-06-04 16:59:18,985 - INFO - No more pages: https://techwebtrends.com/wp-json/wp/v2/resources?page=2&per_page=100
2026-06-04 16:59:18,987 - INFO - No API changes in TechWeb Trends - resources
2026-06-04 16:59:19,443 - INFO - Fetched page 7 from https://cxomatters.com/wp-json/wp/v2/media?page=7&per_page=100
2026-06-04 16:59:19,521 - INFO - Fetched page 7 from https://cxomatters.com/wp-json/wp/v2/media?page=7&per_page=100
2026-06-04 16:59:19,850 - INFO - Fetched page 13 from https://businessmediums.com/wp-json/wp/v2/media?page=13&per_page=100
2026-06-04 16:59:19,858 - INFO - Fetched page 13 from https://businessmediums.com/wp-json/wp/v2/media?page=13&per_page=100
2026-06-04 16:59:20,440 - INFO - Fetched page 8 from https://cxomatters.com/wp-json/wp/v2/media?page=8&per_page=100
2026-06-04 16:59:20,522 - INFO - Fetched page 8 from https://cxomatters.com/wp-json/wp/v2/media?page=8&per_page=100
2026-06-04 16:59:20,800 - INFO - Fetched page 14 from https://businessmediums.com/wp-json/wp/v2/media?page=14&per_page=100
2026-06-04 16:59:20,831 - INFO - Fetched page 14 from https://businessmediums.com/wp-json/wp/v2/media?page=14&per_page=100
2026-06-04 16:59:21,412 - INFO - Fetched page 9 from https://cxomatters.com/wp-json/wp/v2/media?page=9&per_page=100
2026-06-04 16:59:21,437 - INFO - No more pages: https://businessmediums.com/wp-json/wp/v2/media?page=15&per_page=100
2026-06-04 16:59:21,446 - INFO - No more pages: https://businessmediums.com/wp-json/wp/v2/media?page=15&per_page=100
2026-06-04 16:59:21,517 - INFO - API baseline created for Business Mediums - media
2026-06-04 16:59:21,531 - INFO - API baseline created for Business Mediums - media
2026-06-04 16:59:21,542 - INFO - Fetched page 9 from https://cxomatters.com/wp-json/wp/v2/media?page=9&per_page=100
2026-06-04 16:59:22,524 - INFO - Fetched page 10 from https://cxomatters.com/wp-json/wp/v2/media?page=10&per_page=100
2026-06-04 16:59:22,612 - INFO - Fetched page 10 from https://cxomatters.com/wp-json/wp/v2/media?page=10&per_page=100
2026-06-04 16:59:22,940 - INFO - Fetched page 1 from https://businessmediums.com/wp-json/wp/v2/resources?page=1&per_page=100
2026-06-04 16:59:22,947 - INFO - Fetched page 1 from https://businessmediums.com/wp-json/wp/v2/resources?page=1&per_page=100
2026-06-04 16:59:23,522 - INFO - Fetched page 11 from https://cxomatters.com/wp-json/wp/v2/media?page=11&per_page=100
2026-06-04 16:59:23,530 - INFO - No more pages: https://businessmediums.com/wp-json/wp/v2/resources?page=2&per_page=100
2026-06-04 16:59:23,535 - INFO - API baseline created for Business Mediums - resources
2026-06-04 16:59:23,540 - INFO - No more pages: https://businessmediums.com/wp-json/wp/v2/resources?page=2&per_page=100
2026-06-04 16:59:23,542 - INFO - No API changes in Business Mediums - resources
2026-06-04 16:59:23,633 - INFO - Fetched page 11 from https://cxomatters.com/wp-json/wp/v2/media?page=11&per_page=100
2026-06-04 16:59:24,478 - INFO - Fetched page 12 from https://cxomatters.com/wp-json/wp/v2/media?page=12&per_page=100
2026-06-04 16:59:24,690 - INFO - Fetched page 12 from https://cxomatters.com/wp-json/wp/v2/media?page=12&per_page=100
2026-06-04 16:59:25,111 - INFO - No more pages: https://cxomatters.com/wp-json/wp/v2/media?page=13&per_page=100
2026-06-04 16:59:25,223 - INFO - API baseline created for CXO Matters - media
2026-06-04 16:59:25,372 - INFO - No more pages: https://cxomatters.com/wp-json/wp/v2/media?page=13&per_page=100
2026-06-04 16:59:25,417 - INFO - No API changes in CXO Matters - media
2026-06-04 16:59:26,758 - INFO - Fetched page 1 from https://cxomatters.com/wp-json/wp/v2/resources?page=1&per_page=100
2026-06-04 16:59:27,087 - INFO - Fetched page 1 from https://cxomatters.com/wp-json/wp/v2/resources?page=1&per_page=100
2026-06-04 16:59:27,331 - INFO - No more pages: https://cxomatters.com/wp-json/wp/v2/resources?page=2&per_page=100
2026-06-04 16:59:27,336 - INFO - API baseline created for CXO Matters - resources
2026-06-04 16:59:27,690 - INFO - No more pages: https://cxomatters.com/wp-json/wp/v2/resources?page=2&per_page=100
2026-06-04 16:59:27,692 - INFO - No API changes in CXO Matters - resources
2026-06-04 17:02:29,525 - INFO - Fetched page 1 from https://cxomatters.com/wp-json/wp/v2/posts?page=1&per_page=100
2026-06-04 17:02:29,963 - INFO - Fetched page 1 from https://businessmediums.com/wp-json/wp/v2/posts?page=1&per_page=100
2026-06-04 17:02:30,320 - INFO - Fetched page 1 from https://cxomatters.com/wp-json/wp/v2/posts?page=1&per_page=100
2026-06-04 17:02:30,420 - INFO - Fetched page 1 from https://techmasternode.com/wp-json/wp/v2/posts?page=1&per_page=100
2026-06-04 17:02:30,459 - INFO - Fetched page 1 from https://businessmediums.com/wp-json/wp/v2/posts?page=1&per_page=100
2026-06-04 17:02:30,596 - INFO - Fetched page 1 from https://techwebtrends.com/wp-json/wp/v2/posts?page=1&per_page=100
2026-06-04 17:02:30,597 - INFO - Fetched page 1 from https://techmasternode.com/wp-json/wp/v2/posts?page=1&per_page=100
2026-06-04 17:02:30,599 - INFO - No more pages: https://businessmediums.com/wp-json/wp/v2/posts?page=2&per_page=100
2026-06-04 17:02:30,623 - INFO - Fetched page 1 from https://worldbusinesshour.com/wp-json/wp/v2/posts?page=1&per_page=100
2026-06-04 17:02:30,631 - INFO - Fetched page 1 from https://thegrowthinsights.com/wp-json/wp/v2/posts?page=1&per_page=100
2026-06-04 17:02:30,654 - INFO - Fetched page 1 from https://techwebtrends.com/wp-json/wp/v2/posts?page=1&per_page=100
2026-06-04 17:02:30,726 - INFO - Fetched page 1 from https://worldbusinesshour.com/wp-json/wp/v2/posts?page=1&per_page=100
2026-06-04 17:02:30,775 - INFO - Fetched page 1 from https://thegrowthinsights.com/wp-json/wp/v2/posts?page=1&per_page=100
2026-06-04 17:02:31,208 - INFO - No more pages: https://businessmediums.com/wp-json/wp/v2/posts?page=2&per_page=100
2026-06-04 17:02:31,720 - INFO - Fetched page 2 from https://worldbusinesshour.com/wp-json/wp/v2/posts?page=2&per_page=100
2026-06-04 17:02:31,807 - INFO - Fetched page 2 from https://cxomatters.com/wp-json/wp/v2/posts?page=2&per_page=100
2026-06-04 17:02:31,935 - INFO - Fetched page 1 from https://businessmediums.com/wp-json/wp/v2/pages?page=1&per_page=100
2026-06-04 17:02:32,037 - INFO - Fetched page 2 from https://cxomatters.com/wp-json/wp/v2/posts?page=2&per_page=100
2026-06-04 17:02:32,269 - INFO - Fetched page 2 from https://techmasternode.com/wp-json/wp/v2/posts?page=2&per_page=100
2026-06-04 17:02:32,305 - INFO - Fetched page 2 from https://techwebtrends.com/wp-json/wp/v2/posts?page=2&per_page=100
2026-06-04 17:02:32,332 - INFO - Fetched page 2 from https://techwebtrends.com/wp-json/wp/v2/posts?page=2&per_page=100
2026-06-04 17:02:32,359 - INFO - Fetched page 2 from https://thegrowthinsights.com/wp-json/wp/v2/posts?page=2&per_page=100
2026-06-04 17:02:32,402 - INFO - Fetched page 2 from https://techmasternode.com/wp-json/wp/v2/posts?page=2&per_page=100
2026-06-04 17:02:32,455 - INFO - Fetched page 2 from https://thegrowthinsights.com/wp-json/wp/v2/posts?page=2&per_page=100
2026-06-04 17:02:32,510 - INFO - Fetched page 1 from https://businessmediums.com/wp-json/wp/v2/pages?page=1&per_page=100
2026-06-04 17:02:32,511 - INFO - Fetched page 3 from https://cxomatters.com/wp-json/wp/v2/posts?page=3&per_page=100
2026-06-04 17:02:32,800 - INFO - Fetched page 3 from https://cxomatters.com/wp-json/wp/v2/posts?page=3&per_page=100
2026-06-04 17:02:33,005 - INFO - No more pages: https://thegrowthinsights.com/wp-json/wp/v2/posts?page=3&per_page=100
2026-06-04 17:02:33,113 - INFO - Fetched page 3 from https://techmasternode.com/wp-json/wp/v2/posts?page=3&per_page=100
2026-06-04 17:02:33,173 - INFO - Fetched page 3 from https://techmasternode.com/wp-json/wp/v2/posts?page=3&per_page=100
2026-06-04 17:02:33,183 - INFO - No more pages: https://cxomatters.com/wp-json/wp/v2/posts?page=4&per_page=100
2026-06-04 17:02:33,458 - INFO - No more pages: https://cxomatters.com/wp-json/wp/v2/posts?page=4&per_page=100
2026-06-04 17:02:33,576 - INFO - No more pages: https://thegrowthinsights.com/wp-json/wp/v2/posts?page=3&per_page=100
2026-06-04 17:02:33,662 - INFO - No more pages: https://worldbusinesshour.com/wp-json/wp/v2/posts?page=3&per_page=100
2026-06-04 17:02:33,675 - INFO - No more pages: https://techmasternode.com/wp-json/wp/v2/posts?page=4&per_page=100
2026-06-04 17:02:33,769 - INFO - No more pages: https://techmasternode.com/wp-json/wp/v2/posts?page=4&per_page=100
2026-06-04 17:02:34,058 - INFO - Fetched page 3 from https://techwebtrends.com/wp-json/wp/v2/posts?page=3&per_page=100
2026-06-04 17:02:34,421 - INFO - Fetched page 2 from https://worldbusinesshour.com/wp-json/wp/v2/posts?page=2&per_page=100
2026-06-04 17:02:34,429 - INFO - Fetched page 2 from https://businessmediums.com/wp-json/wp/v2/pages?page=2&per_page=100
2026-06-04 17:02:34,558 - INFO - Fetched page 1 from https://thegrowthinsights.com/wp-json/wp/v2/pages?page=1&per_page=100
2026-06-04 17:02:34,565 - INFO - Fetched page 1 from https://cxomatters.com/wp-json/wp/v2/pages?page=1&per_page=100
2026-06-04 17:02:34,600 - INFO - Fetched page 3 from https://techwebtrends.com/wp-json/wp/v2/posts?page=3&per_page=100
2026-06-04 17:02:34,615 - INFO - Fetched page 4 from https://techwebtrends.com/wp-json/wp/v2/posts?page=4&per_page=100
2026-06-04 17:02:34,755 - INFO - Fetched page 1 from https://cxomatters.com/wp-json/wp/v2/pages?page=1&per_page=100
2026-06-04 17:02:34,841 - INFO - Fetched page 2 from https://businessmediums.com/wp-json/wp/v2/pages?page=2&per_page=100
2026-06-04 17:02:35,037 - INFO - Fetched page 1 from https://thegrowthinsights.com/wp-json/wp/v2/pages?page=1&per_page=100
2026-06-04 17:02:35,065 - INFO - No more pages: https://worldbusinesshour.com/wp-json/wp/v2/posts?page=3&per_page=100
2026-06-04 17:02:35,066 - INFO - No more pages: https://businessmediums.com/wp-json/wp/v2/pages?page=3&per_page=100
2026-06-04 17:02:35,133 - INFO - Fetched page 4 from https://techwebtrends.com/wp-json/wp/v2/posts?page=4&per_page=100
2026-06-04 17:02:35,233 - INFO - No more pages: https://techwebtrends.com/wp-json/wp/v2/posts?page=5&per_page=100
2026-06-04 17:02:35,234 - INFO - No more pages: https://thegrowthinsights.com/wp-json/wp/v2/pages?page=2&per_page=100
2026-06-04 17:02:35,362 - INFO - Fetched page 1 from https://techmasternode.com/wp-json/wp/v2/pages?page=1&per_page=100
2026-06-04 17:02:35,451 - INFO - Fetched page 1 from https://techmasternode.com/wp-json/wp/v2/pages?page=1&per_page=100
2026-06-04 17:02:35,489 - INFO - No more pages: https://businessmediums.com/wp-json/wp/v2/pages?page=3&per_page=100
2026-06-04 17:02:35,648 - INFO - No more pages: https://thegrowthinsights.com/wp-json/wp/v2/pages?page=2&per_page=100
2026-06-04 17:02:35,678 - INFO - No more pages: https://techwebtrends.com/wp-json/wp/v2/posts?page=5&per_page=100
2026-06-04 17:02:35,792 - INFO - Fetched page 2 from https://cxomatters.com/wp-json/wp/v2/pages?page=2&per_page=100
2026-06-04 17:02:35,964 - INFO - Fetched page 2 from https://cxomatters.com/wp-json/wp/v2/pages?page=2&per_page=100
2026-06-04 17:02:36,000 - INFO - No more pages: https://techmasternode.com/wp-json/wp/v2/pages?page=2&per_page=100
2026-06-04 17:02:36,005 - INFO - Fetched page 1 from https://worldbusinesshour.com/wp-json/wp/v2/pages?page=1&per_page=100
2026-06-04 17:02:36,052 - INFO - No more pages: https://techmasternode.com/wp-json/wp/v2/pages?page=2&per_page=100
2026-06-04 17:02:36,142 - INFO - Fetched page 1 from https://businessmediums.com/wp-json/wp/v2/media?page=1&per_page=100
2026-06-04 17:02:36,423 - INFO - Fetched page 1 from https://techwebtrends.com/wp-json/wp/v2/pages?page=1&per_page=100
2026-06-04 17:02:36,602 - INFO - Fetched page 1 from https://businessmediums.com/wp-json/wp/v2/media?page=1&per_page=100
2026-06-04 17:02:36,725 - INFO - No more pages: https://worldbusinesshour.com/wp-json/wp/v2/pages?page=2&per_page=100
2026-06-04 17:02:36,863 - INFO - Fetched page 1 from https://techwebtrends.com/wp-json/wp/v2/pages?page=1&per_page=100
2026-06-04 17:02:37,031 - INFO - Fetched page 3 from https://cxomatters.com/wp-json/wp/v2/pages?page=3&per_page=100
2026-06-04 17:02:37,035 - INFO - Fetched page 1 from https://thegrowthinsights.com/wp-json/wp/v2/media?page=1&per_page=100
2026-06-04 17:02:37,266 - INFO - Fetched page 3 from https://cxomatters.com/wp-json/wp/v2/pages?page=3&per_page=100
2026-06-04 17:02:37,271 - INFO - Fetched page 2 from https://businessmediums.com/wp-json/wp/v2/media?page=2&per_page=100
2026-06-04 17:02:37,390 - INFO - Fetched page 1 from https://worldbusinesshour.com/wp-json/wp/v2/pages?page=1&per_page=100
2026-06-04 17:02:37,523 - INFO - Fetched page 1 from https://techmasternode.com/wp-json/wp/v2/media?page=1&per_page=100
2026-06-04 17:02:37,526 - INFO - Fetched page 1 from https://thegrowthinsights.com/wp-json/wp/v2/media?page=1&per_page=100
2026-06-04 17:02:37,591 - INFO - Fetched page 1 from https://techmasternode.com/wp-json/wp/v2/media?page=1&per_page=100
2026-06-04 17:02:37,726 - INFO - Fetched page 2 from https://businessmediums.com/wp-json/wp/v2/media?page=2&per_page=100
2026-06-04 17:02:37,799 - INFO - Fetched page 1 from https://worldbusinesshour.com/wp-json/wp/v2/media?page=1&per_page=100
2026-06-04 17:02:37,846 - INFO - No more pages: https://cxomatters.com/wp-json/wp/v2/pages?page=4&per_page=100
2026-06-04 17:02:37,967 - INFO - No more pages: https://cxomatters.com/wp-json/wp/v2/pages?page=4&per_page=100
2026-06-04 17:02:38,133 - INFO - No more pages: https://worldbusinesshour.com/wp-json/wp/v2/pages?page=2&per_page=100
2026-06-04 17:02:38,309 - INFO - Fetched page 3 from https://businessmediums.com/wp-json/wp/v2/media?page=3&per_page=100
2026-06-04 17:02:38,693 - INFO - Fetched page 2 from https://techmasternode.com/wp-json/wp/v2/media?page=2&per_page=100
2026-06-04 17:02:38,739 - INFO - Fetched page 2 from https://techmasternode.com/wp-json/wp/v2/media?page=2&per_page=100
2026-06-04 17:02:38,788 - INFO - Fetched page 3 from https://businessmediums.com/wp-json/wp/v2/media?page=3&per_page=100
2026-06-04 17:02:38,876 - INFO - Fetched page 2 from https://techwebtrends.com/wp-json/wp/v2/pages?page=2&per_page=100
2026-06-04 17:02:39,002 - INFO - Fetched page 2 from https://worldbusinesshour.com/wp-json/wp/v2/media?page=2&per_page=100
2026-06-04 17:02:39,102 - INFO - Fetched page 1 from https://cxomatters.com/wp-json/wp/v2/media?page=1&per_page=100
2026-06-04 17:02:39,136 - INFO - Fetched page 1 from https://cxomatters.com/wp-json/wp/v2/media?page=1&per_page=100
2026-06-04 17:02:39,172 - INFO - Fetched page 2 from https://thegrowthinsights.com/wp-json/wp/v2/media?page=2&per_page=100
2026-06-04 17:02:39,441 - INFO - Fetched page 2 from https://thegrowthinsights.com/wp-json/wp/v2/media?page=2&per_page=100
2026-06-04 17:02:39,539 - INFO - Fetched page 2 from https://techwebtrends.com/wp-json/wp/v2/pages?page=2&per_page=100
2026-06-04 17:02:39,594 - INFO - Fetched page 4 from https://businessmediums.com/wp-json/wp/v2/media?page=4&per_page=100
2026-06-04 17:02:39,657 - INFO - No more pages: https://techwebtrends.com/wp-json/wp/v2/pages?page=3&per_page=100
2026-06-04 17:02:40,001 - INFO - Fetched page 4 from https://businessmediums.com/wp-json/wp/v2/media?page=4&per_page=100
2026-06-04 17:02:40,063 - INFO - Fetched page 3 from https://techmasternode.com/wp-json/wp/v2/media?page=3&per_page=100
2026-06-04 17:02:40,215 - INFO - Fetched page 3 from https://techmasternode.com/wp-json/wp/v2/media?page=3&per_page=100
2026-06-04 17:02:40,376 - INFO - No more pages: https://techwebtrends.com/wp-json/wp/v2/pages?page=3&per_page=100
2026-06-04 17:02:40,376 - INFO - Fetched page 3 from https://worldbusinesshour.com/wp-json/wp/v2/media?page=3&per_page=100
2026-06-04 17:02:40,395 - INFO - Fetched page 2 from https://cxomatters.com/wp-json/wp/v2/media?page=2&per_page=100
2026-06-04 17:02:40,445 - INFO - Fetched page 2 from https://cxomatters.com/wp-json/wp/v2/media?page=2&per_page=100
2026-06-04 17:02:40,446 - INFO - Fetched page 1 from https://worldbusinesshour.com/wp-json/wp/v2/media?page=1&per_page=100
2026-06-04 17:02:40,800 - INFO - Fetched page 5 from https://businessmediums.com/wp-json/wp/v2/media?page=5&per_page=100
2026-06-04 17:02:40,849 - INFO - Fetched page 1 from https://techwebtrends.com/wp-json/wp/v2/media?page=1&per_page=100
2026-06-04 17:02:41,152 - INFO - Fetched page 3 from https://thegrowthinsights.com/wp-json/wp/v2/media?page=3&per_page=100
2026-06-04 17:02:41,161 - INFO - Fetched page 5 from https://businessmediums.com/wp-json/wp/v2/media?page=5&per_page=100
2026-06-04 17:02:41,310 - INFO - Fetched page 4 from https://techmasternode.com/wp-json/wp/v2/media?page=4&per_page=100
2026-06-04 17:02:41,392 - INFO - Fetched page 3 from https://thegrowthinsights.com/wp-json/wp/v2/media?page=3&per_page=100
2026-06-04 17:02:41,522 - INFO - Fetched page 1 from https://techwebtrends.com/wp-json/wp/v2/media?page=1&per_page=100
2026-06-04 17:02:41,578 - INFO - Fetched page 4 from https://techmasternode.com/wp-json/wp/v2/media?page=4&per_page=100
2026-06-04 17:02:41,640 - INFO - Fetched page 4 from https://worldbusinesshour.com/wp-json/wp/v2/media?page=4&per_page=100
2026-06-04 17:02:41,673 - INFO - Fetched page 3 from https://cxomatters.com/wp-json/wp/v2/media?page=3&per_page=100
2026-06-04 17:02:41,677 - INFO - Fetched page 3 from https://cxomatters.com/wp-json/wp/v2/media?page=3&per_page=100
2026-06-04 17:02:41,835 - INFO - Fetched page 6 from https://businessmediums.com/wp-json/wp/v2/media?page=6&per_page=100
2026-06-04 17:02:41,842 - INFO - Fetched page 2 from https://techwebtrends.com/wp-json/wp/v2/media?page=2&per_page=100
2026-06-04 17:02:42,006 - INFO - Fetched page 2 from https://worldbusinesshour.com/wp-json/wp/v2/media?page=2&per_page=100
2026-06-04 17:02:42,131 - INFO - Fetched page 6 from https://businessmediums.com/wp-json/wp/v2/media?page=6&per_page=100
2026-06-04 17:02:42,328 - INFO - Fetched page 5 from https://techmasternode.com/wp-json/wp/v2/media?page=5&per_page=100
2026-06-04 17:02:42,648 - INFO - Fetched page 2 from https://techwebtrends.com/wp-json/wp/v2/media?page=2&per_page=100
2026-06-04 17:02:42,802 - INFO - Fetched page 4 from https://thegrowthinsights.com/wp-json/wp/v2/media?page=4&per_page=100
2026-06-04 17:02:42,847 - INFO - Fetched page 5 from https://techmasternode.com/wp-json/wp/v2/media?page=5&per_page=100
2026-06-04 17:02:42,865 - INFO - Fetched page 4 from https://cxomatters.com/wp-json/wp/v2/media?page=4&per_page=100
2026-06-04 17:02:42,912 - INFO - Fetched page 4 from https://cxomatters.com/wp-json/wp/v2/media?page=4&per_page=100
2026-06-04 17:02:42,951 - INFO - Fetched page 3 from https://techwebtrends.com/wp-json/wp/v2/media?page=3&per_page=100
2026-06-04 17:02:42,974 - INFO - Fetched page 7 from https://businessmediums.com/wp-json/wp/v2/media?page=7&per_page=100
2026-06-04 17:02:42,983 - INFO - Fetched page 5 from https://worldbusinesshour.com/wp-json/wp/v2/media?page=5&per_page=100
2026-06-04 17:02:43,190 - INFO - Fetched page 3 from https://worldbusinesshour.com/wp-json/wp/v2/media?page=3&per_page=100
2026-06-04 17:02:43,197 - INFO - Fetched page 4 from https://thegrowthinsights.com/wp-json/wp/v2/media?page=4&per_page=100
2026-06-04 17:02:43,240 - INFO - Fetched page 7 from https://businessmediums.com/wp-json/wp/v2/media?page=7&per_page=100
2026-06-04 17:02:43,538 - INFO - Fetched page 6 from https://techmasternode.com/wp-json/wp/v2/media?page=6&per_page=100
2026-06-04 17:02:43,669 - INFO - Fetched page 3 from https://techwebtrends.com/wp-json/wp/v2/media?page=3&per_page=100
2026-06-04 17:02:43,879 - INFO - Fetched page 4 from https://techwebtrends.com/wp-json/wp/v2/media?page=4&per_page=100
2026-06-04 17:02:44,051 - INFO - Fetched page 5 from https://cxomatters.com/wp-json/wp/v2/media?page=5&per_page=100
2026-06-04 17:02:44,210 - INFO - Fetched page 6 from https://worldbusinesshour.com/wp-json/wp/v2/media?page=6&per_page=100
2026-06-04 17:02:44,220 - INFO - Fetched page 8 from https://businessmediums.com/wp-json/wp/v2/media?page=8&per_page=100
2026-06-04 17:02:44,238 - INFO - Fetched page 5 from https://thegrowthinsights.com/wp-json/wp/v2/media?page=5&per_page=100
2026-06-04 17:02:44,238 - INFO - Fetched page 5 from https://cxomatters.com/wp-json/wp/v2/media?page=5&per_page=100
2026-06-04 17:02:44,250 - INFO - Fetched page 8 from https://businessmediums.com/wp-json/wp/v2/media?page=8&per_page=100
2026-06-04 17:02:44,263 - INFO - Fetched page 7 from https://techmasternode.com/wp-json/wp/v2/media?page=7&per_page=100
2026-06-04 17:02:44,339 - INFO - Fetched page 4 from https://worldbusinesshour.com/wp-json/wp/v2/media?page=4&per_page=100
2026-06-04 17:02:44,370 - INFO - Fetched page 6 from https://techmasternode.com/wp-json/wp/v2/media?page=6&per_page=100
2026-06-04 17:02:44,599 - INFO - Fetched page 4 from https://techwebtrends.com/wp-json/wp/v2/media?page=4&per_page=100
2026-06-04 17:02:44,811 - INFO - Fetched page 5 from https://techwebtrends.com/wp-json/wp/v2/media?page=5&per_page=100
2026-06-04 17:02:44,827 - INFO - Fetched page 5 from https://thegrowthinsights.com/wp-json/wp/v2/media?page=5&per_page=100
2026-06-04 17:02:44,848 - INFO - No more pages: https://techmasternode.com/wp-json/wp/v2/media?page=8&per_page=100
2026-06-04 17:02:44,858 - INFO - Fetched page 7 from https://worldbusinesshour.com/wp-json/wp/v2/media?page=7&per_page=100
2026-06-04 17:02:44,968 - INFO - Fetched page 9 from https://businessmediums.com/wp-json/wp/v2/media?page=9&per_page=100
2026-06-04 17:02:45,194 - INFO - Fetched page 6 from https://cxomatters.com/wp-json/wp/v2/media?page=6&per_page=100
2026-06-04 17:02:45,197 - INFO - Fetched page 9 from https://businessmediums.com/wp-json/wp/v2/media?page=9&per_page=100
2026-06-04 17:02:45,343 - INFO - Fetched page 6 from https://cxomatters.com/wp-json/wp/v2/media?page=6&per_page=100
2026-06-04 17:02:45,369 - INFO - Fetched page 7 from https://techmasternode.com/wp-json/wp/v2/media?page=7&per_page=100
2026-06-04 17:02:45,438 - INFO - Fetched page 6 from https://thegrowthinsights.com/wp-json/wp/v2/media?page=6&per_page=100
2026-06-04 17:02:45,452 - INFO - Fetched page 5 from https://worldbusinesshour.com/wp-json/wp/v2/media?page=5&per_page=100
2026-06-04 17:02:45,487 - INFO - No more pages: https://worldbusinesshour.com/wp-json/wp/v2/media?page=8&per_page=100
2026-06-04 17:02:45,521 - INFO - Fetched page 6 from https://techwebtrends.com/wp-json/wp/v2/media?page=6&per_page=100
2026-06-04 17:02:45,581 - INFO - Fetched page 5 from https://techwebtrends.com/wp-json/wp/v2/media?page=5&per_page=100
2026-06-04 17:02:45,995 - INFO - Fetched page 6 from https://thegrowthinsights.com/wp-json/wp/v2/media?page=6&per_page=100
2026-06-04 17:02:46,035 - INFO - No more pages: https://techmasternode.com/wp-json/wp/v2/media?page=8&per_page=100
2026-06-04 17:02:46,133 - INFO - Fetched page 10 from https://businessmediums.com/wp-json/wp/v2/media?page=10&per_page=100
2026-06-04 17:02:46,191 - INFO - Fetched page 10 from https://businessmediums.com/wp-json/wp/v2/media?page=10&per_page=100
2026-06-04 17:02:46,214 - INFO - Fetched page 7 from https://cxomatters.com/wp-json/wp/v2/media?page=7&per_page=100
2026-06-04 17:02:46,240 - INFO - Fetched page 7 from https://techwebtrends.com/wp-json/wp/v2/media?page=7&per_page=100
2026-06-04 17:02:46,275 - INFO - Fetched page 6 from https://techwebtrends.com/wp-json/wp/v2/media?page=6&per_page=100
2026-06-04 17:02:46,429 - INFO - Fetched page 7 from https://cxomatters.com/wp-json/wp/v2/media?page=7&per_page=100
2026-06-04 17:02:46,569 - INFO - Fetched page 1 from https://techmasternode.com/wp-json/wp/v2/resources?page=1&per_page=100
2026-06-04 17:02:46,584 - INFO - Fetched page 6 from https://worldbusinesshour.com/wp-json/wp/v2/media?page=6&per_page=100
2026-06-04 17:02:46,591 - INFO - Fetched page 7 from https://thegrowthinsights.com/wp-json/wp/v2/media?page=7&per_page=100
2026-06-04 17:02:46,958 - INFO - Fetched page 7 from https://techwebtrends.com/wp-json/wp/v2/media?page=7&per_page=100
2026-06-04 17:02:47,048 - INFO - Fetched page 7 from https://thegrowthinsights.com/wp-json/wp/v2/media?page=7&per_page=100
2026-06-04 17:02:47,172 - INFO - Fetched page 11 from https://businessmediums.com/wp-json/wp/v2/media?page=11&per_page=100
2026-06-04 17:02:47,179 - INFO - No more pages: https://techmasternode.com/wp-json/wp/v2/resources?page=2&per_page=100
2026-06-04 17:02:47,222 - INFO - Fetched page 1 from https://worldbusinesshour.com/wp-json/wp/v2/resources?page=1&per_page=100
2026-06-04 17:02:47,248 - INFO - Fetched page 11 from https://businessmediums.com/wp-json/wp/v2/media?page=11&per_page=100
2026-06-04 17:02:47,251 - INFO - No more pages: https://thegrowthinsights.com/wp-json/wp/v2/media?page=8&per_page=100
2026-06-04 17:02:47,281 - INFO - Fetched page 8 from https://techwebtrends.com/wp-json/wp/v2/media?page=8&per_page=100
2026-06-04 17:02:47,306 - INFO - Fetched page 8 from https://cxomatters.com/wp-json/wp/v2/media?page=8&per_page=100
2026-06-04 17:02:47,311 - INFO - Fetched page 7 from https://worldbusinesshour.com/wp-json/wp/v2/media?page=7&per_page=100
2026-06-04 17:02:47,504 - INFO - Fetched page 8 from https://cxomatters.com/wp-json/wp/v2/media?page=8&per_page=100
2026-06-04 17:02:47,819 - INFO - Fetched page 1 from https://techmasternode.com/wp-json/wp/v2/resources?page=1&per_page=100
2026-06-04 17:02:47,836 - INFO - No more pages: https://thegrowthinsights.com/wp-json/wp/v2/media?page=8&per_page=100
2026-06-04 17:02:47,912 - INFO - No more pages: https://worldbusinesshour.com/wp-json/wp/v2/resources?page=2&per_page=100
2026-06-04 17:02:48,001 - INFO - Fetched page 8 from https://techwebtrends.com/wp-json/wp/v2/media?page=8&per_page=100
2026-06-04 17:02:48,033 - INFO - Fetched page 9 from https://techwebtrends.com/wp-json/wp/v2/media?page=9&per_page=100
2026-06-04 17:02:48,049 - INFO - No more pages: https://worldbusinesshour.com/wp-json/wp/v2/media?page=8&per_page=100
2026-06-04 17:02:48,290 - INFO - Fetched page 12 from https://businessmediums.com/wp-json/wp/v2/media?page=12&per_page=100
2026-06-04 17:02:48,340 - INFO - Fetched page 12 from https://businessmediums.com/wp-json/wp/v2/media?page=12&per_page=100
2026-06-04 17:02:48,411 - INFO - Fetched page 9 from https://cxomatters.com/wp-json/wp/v2/media?page=9&per_page=100
2026-06-04 17:02:48,529 - INFO - No more pages: https://techmasternode.com/wp-json/wp/v2/resources?page=2&per_page=100
2026-06-04 17:02:48,666 - INFO - Fetched page 9 from https://cxomatters.com/wp-json/wp/v2/media?page=9&per_page=100
2026-06-04 17:02:48,802 - INFO - Fetched page 10 from https://techwebtrends.com/wp-json/wp/v2/media?page=10&per_page=100
2026-06-04 17:02:48,851 - INFO - Fetched page 9 from https://techwebtrends.com/wp-json/wp/v2/media?page=9&per_page=100
2026-06-04 17:02:48,888 - INFO - Fetched page 1 from https://thegrowthinsights.com/wp-json/wp/v2/resources?page=1&per_page=100
2026-06-04 17:02:49,478 - INFO - Fetched page 13 from https://businessmediums.com/wp-json/wp/v2/media?page=13&per_page=100
2026-06-04 17:02:49,522 - INFO - No more pages: https://techwebtrends.com/wp-json/wp/v2/media?page=11&per_page=100
2026-06-04 17:02:49,526 - INFO - Fetched page 13 from https://businessmediums.com/wp-json/wp/v2/media?page=13&per_page=100
2026-06-04 17:02:49,628 - INFO - Fetched page 10 from https://techwebtrends.com/wp-json/wp/v2/media?page=10&per_page=100
2026-06-04 17:02:49,630 - INFO - Fetched page 10 from https://cxomatters.com/wp-json/wp/v2/media?page=10&per_page=100
2026-06-04 17:02:49,697 - INFO - No more pages: https://thegrowthinsights.com/wp-json/wp/v2/resources?page=2&per_page=100
2026-06-04 17:02:49,971 - INFO - Fetched page 1 from https://worldbusinesshour.com/wp-json/wp/v2/resources?page=1&per_page=100
2026-06-04 17:02:49,991 - INFO - Fetched page 10 from https://cxomatters.com/wp-json/wp/v2/media?page=10&per_page=100
2026-06-04 17:02:50,456 - INFO - No more pages: https://techwebtrends.com/wp-json/wp/v2/media?page=11&per_page=100
2026-06-04 17:02:50,511 - INFO - Fetched page 1 from https://thegrowthinsights.com/wp-json/wp/v2/resources?page=1&per_page=100
2026-06-04 17:02:50,673 - INFO - Fetched page 14 from https://businessmediums.com/wp-json/wp/v2/media?page=14&per_page=100
2026-06-04 17:02:50,807 - INFO - No more pages: https://worldbusinesshour.com/wp-json/wp/v2/resources?page=2&per_page=100
2026-06-04 17:02:50,852 - INFO - Fetched page 14 from https://businessmediums.com/wp-json/wp/v2/media?page=14&per_page=100
2026-06-04 17:02:50,916 - INFO - Fetched page 11 from https://cxomatters.com/wp-json/wp/v2/media?page=11&per_page=100
2026-06-04 17:02:51,135 - INFO - Fetched page 11 from https://cxomatters.com/wp-json/wp/v2/media?page=11&per_page=100
2026-06-04 17:02:51,320 - INFO - No more pages: https://businessmediums.com/wp-json/wp/v2/media?page=15&per_page=100
2026-06-04 17:02:51,459 - INFO - Fetched page 1 from https://techwebtrends.com/wp-json/wp/v2/resources?page=1&per_page=100
2026-06-04 17:02:51,556 - INFO - No more pages: https://businessmediums.com/wp-json/wp/v2/media?page=15&per_page=100
2026-06-04 17:02:51,649 - INFO - Fetched page 12 from https://cxomatters.com/wp-json/wp/v2/media?page=12&per_page=100
2026-06-04 17:02:51,807 - INFO - Fetched page 12 from https://cxomatters.com/wp-json/wp/v2/media?page=12&per_page=100
2026-06-04 17:02:51,984 - INFO - No more pages: https://techwebtrends.com/wp-json/wp/v2/resources?page=2&per_page=100
2026-06-04 17:02:52,146 - INFO - Fetched page 1 from https://techwebtrends.com/wp-json/wp/v2/resources?page=1&per_page=100
2026-06-04 17:02:52,248 - INFO - No more pages: https://thegrowthinsights.com/wp-json/wp/v2/resources?page=2&per_page=100
2026-06-04 17:02:52,305 - INFO - No more pages: https://cxomatters.com/wp-json/wp/v2/media?page=13&per_page=100
2026-06-04 17:02:52,452 - INFO - No more pages: https://cxomatters.com/wp-json/wp/v2/media?page=13&per_page=100
2026-06-04 17:02:52,710 - INFO - No more pages: https://techwebtrends.com/wp-json/wp/v2/resources?page=2&per_page=100
2026-06-04 17:02:52,808 - INFO - Fetched page 1 from https://businessmediums.com/wp-json/wp/v2/resources?page=1&per_page=100
2026-06-04 17:02:53,064 - INFO - Fetched page 1 from https://businessmediums.com/wp-json/wp/v2/resources?page=1&per_page=100
2026-06-04 17:02:53,696 - INFO - No more pages: https://businessmediums.com/wp-json/wp/v2/resources?page=2&per_page=100
2026-06-04 17:02:53,727 - INFO - No more pages: https://businessmediums.com/wp-json/wp/v2/resources?page=2&per_page=100
2026-06-04 17:02:53,880 - INFO - Fetched page 1 from https://cxomatters.com/wp-json/wp/v2/resources?page=1&per_page=100
2026-06-04 17:02:54,007 - INFO - Fetched page 1 from https://cxomatters.com/wp-json/wp/v2/resources?page=1&per_page=100
2026-06-04 17:02:54,628 - INFO - No more pages: https://cxomatters.com/wp-json/wp/v2/resources?page=2&per_page=100
2026-06-04 17:02:54,658 - INFO - No more pages: https://cxomatters.com/wp-json/wp/v2/resources?page=2&per_page=100
2026-06-04 17:05:57,223 - INFO - Fetched page 1 from https://techwebtrends.com/wp-json/wp/v2/posts?page=1&per_page=100
2026-06-04 17:05:57,256 - INFO - Fetched page 1 from https://techwebtrends.com/wp-json/wp/v2/posts?page=1&per_page=100
2026-06-04 17:05:57,946 - INFO - Fetched page 1 from https://thegrowthinsights.com/wp-json/wp/v2/posts?page=1&per_page=100
2026-06-04 17:05:57,953 - INFO - Fetched page 1 from https://thegrowthinsights.com/wp-json/wp/v2/posts?page=1&per_page=100
2026-06-04 17:05:58,010 - INFO - Fetched page 1 from https://businessmediums.com/wp-json/wp/v2/posts?page=1&per_page=100
2026-06-04 17:05:58,056 - INFO - Fetched page 1 from https://cxomatters.com/wp-json/wp/v2/posts?page=1&per_page=100
2026-06-04 17:05:58,118 - INFO - Fetched page 1 from https://cxomatters.com/wp-json/wp/v2/posts?page=1&per_page=100
2026-06-04 17:05:58,381 - INFO - Fetched page 1 from https://techmasternode.com/wp-json/wp/v2/posts?page=1&per_page=100
2026-06-04 17:05:58,389 - INFO - Fetched page 1 from https://techmasternode.com/wp-json/wp/v2/posts?page=1&per_page=100
2026-06-04 17:05:58,459 - INFO - Fetched page 1 from https://worldbusinesshour.com/wp-json/wp/v2/posts?page=1&per_page=100
2026-06-04 17:05:58,487 - INFO - Fetched page 1 from https://worldbusinesshour.com/wp-json/wp/v2/posts?page=1&per_page=100
2026-06-04 17:05:58,852 - INFO - Fetched page 1 from https://businessmediums.com/wp-json/wp/v2/posts?page=1&per_page=100
2026-06-04 17:05:59,087 - INFO - Fetched page 2 from https://techwebtrends.com/wp-json/wp/v2/posts?page=2&per_page=100
2026-06-04 17:05:59,099 - INFO - Fetched page 2 from https://techwebtrends.com/wp-json/wp/v2/posts?page=2&per_page=100
2026-06-04 17:05:59,678 - INFO - Fetched page 2 from https://worldbusinesshour.com/wp-json/wp/v2/posts?page=2&per_page=100
2026-06-04 17:05:59,681 - INFO - Fetched page 2 from https://worldbusinesshour.com/wp-json/wp/v2/posts?page=2&per_page=100
2026-06-04 17:05:59,829 - INFO - Fetched page 2 from https://thegrowthinsights.com/wp-json/wp/v2/posts?page=2&per_page=100
2026-06-04 17:05:59,896 - INFO - Fetched page 2 from https://cxomatters.com/wp-json/wp/v2/posts?page=2&per_page=100
2026-06-04 17:05:59,950 - INFO - Fetched page 2 from https://cxomatters.com/wp-json/wp/v2/posts?page=2&per_page=100
2026-06-04 17:05:59,969 - INFO - Fetched page 2 from https://thegrowthinsights.com/wp-json/wp/v2/posts?page=2&per_page=100
2026-06-04 17:06:00,366 - INFO - Fetched page 2 from https://techmasternode.com/wp-json/wp/v2/posts?page=2&per_page=100
2026-06-04 17:06:00,380 - INFO - No more pages: https://worldbusinesshour.com/wp-json/wp/v2/posts?page=3&per_page=100
2026-06-04 17:06:00,387 - INFO - No more pages: https://worldbusinesshour.com/wp-json/wp/v2/posts?page=3&per_page=100
2026-06-04 17:06:00,564 - INFO - No more pages: https://thegrowthinsights.com/wp-json/wp/v2/posts?page=3&per_page=100
2026-06-04 17:06:00,595 - INFO - No more pages: https://thegrowthinsights.com/wp-json/wp/v2/posts?page=3&per_page=100
2026-06-04 17:06:00,625 - INFO - Fetched page 3 from https://techwebtrends.com/wp-json/wp/v2/posts?page=3&per_page=100
2026-06-04 17:06:00,635 - INFO - Fetched page 3 from https://cxomatters.com/wp-json/wp/v2/posts?page=3&per_page=100
2026-06-04 17:06:00,662 - INFO - Fetched page 3 from https://cxomatters.com/wp-json/wp/v2/posts?page=3&per_page=100
2026-06-04 17:06:00,709 - INFO - Fetched page 2 from https://techmasternode.com/wp-json/wp/v2/posts?page=2&per_page=100
2026-06-04 17:06:00,722 - INFO - Fetched page 3 from https://techwebtrends.com/wp-json/wp/v2/posts?page=3&per_page=100
2026-06-04 17:06:01,266 - INFO - Fetched page 3 from https://techmasternode.com/wp-json/wp/v2/posts?page=3&per_page=100
2026-06-04 17:06:01,278 - INFO - Fetched page 4 from https://techwebtrends.com/wp-json/wp/v2/posts?page=4&per_page=100
2026-06-04 17:06:01,281 - INFO - No more pages: https://businessmediums.com/wp-json/wp/v2/posts?page=2&per_page=100
2026-06-04 17:06:01,282 - INFO - No more pages: https://businessmediums.com/wp-json/wp/v2/posts?page=2&per_page=100
2026-06-04 17:06:01,308 - INFO - Fetched page 4 from https://techwebtrends.com/wp-json/wp/v2/posts?page=4&per_page=100
2026-06-04 17:06:01,331 - INFO - No more pages: https://cxomatters.com/wp-json/wp/v2/posts?page=4&per_page=100
2026-06-04 17:06:01,346 - INFO - No more pages: https://cxomatters.com/wp-json/wp/v2/posts?page=4&per_page=100
2026-06-04 17:06:01,727 - INFO - Fetched page 3 from https://techmasternode.com/wp-json/wp/v2/posts?page=3&per_page=100
2026-06-04 17:06:01,853 - INFO - No more pages: https://techwebtrends.com/wp-json/wp/v2/posts?page=5&per_page=100
2026-06-04 17:06:01,866 - INFO - No more pages: https://techwebtrends.com/wp-json/wp/v2/posts?page=5&per_page=100
2026-06-04 17:06:01,903 - INFO - No more pages: https://techmasternode.com/wp-json/wp/v2/posts?page=4&per_page=100
2026-06-04 17:06:02,029 - INFO - Fetched page 1 from https://thegrowthinsights.com/wp-json/wp/v2/pages?page=1&per_page=100
2026-06-04 17:06:02,034 - INFO - Fetched page 1 from https://thegrowthinsights.com/wp-json/wp/v2/pages?page=1&per_page=100
2026-06-04 17:06:02,320 - INFO - No more pages: https://techmasternode.com/wp-json/wp/v2/posts?page=4&per_page=100
2026-06-04 17:06:02,710 - INFO - No more pages: https://thegrowthinsights.com/wp-json/wp/v2/pages?page=2&per_page=100
2026-06-04 17:06:02,726 - INFO - No more pages: https://thegrowthinsights.com/wp-json/wp/v2/pages?page=2&per_page=100
2026-06-04 17:06:02,916 - INFO - Fetched page 1 from https://worldbusinesshour.com/wp-json/wp/v2/pages?page=1&per_page=100
2026-06-04 17:06:02,949 - INFO - Fetched page 1 from https://businessmediums.com/wp-json/wp/v2/pages?page=1&per_page=100
2026-06-04 17:06:03,029 - INFO - Fetched page 1 from https://techwebtrends.com/wp-json/wp/v2/pages?page=1&per_page=100
2026-06-04 17:06:03,114 - INFO - Fetched page 1 from https://cxomatters.com/wp-json/wp/v2/pages?page=1&per_page=100
2026-06-04 17:06:03,146 - INFO - Fetched page 1 from https://worldbusinesshour.com/wp-json/wp/v2/pages?page=1&per_page=100
2026-06-04 17:06:03,226 - INFO - Fetched page 1 from https://techwebtrends.com/wp-json/wp/v2/pages?page=1&per_page=100
2026-06-04 17:06:03,353 - INFO - Fetched page 1 from https://businessmediums.com/wp-json/wp/v2/pages?page=1&per_page=100
2026-06-04 17:06:03,382 - INFO - Fetched page 1 from https://cxomatters.com/wp-json/wp/v2/pages?page=1&per_page=100
2026-06-04 17:06:03,708 - INFO - Fetched page 1 from https://techmasternode.com/wp-json/wp/v2/pages?page=1&per_page=100
2026-06-04 17:06:03,814 - INFO - No more pages: https://worldbusinesshour.com/wp-json/wp/v2/pages?page=2&per_page=100
2026-06-04 17:06:03,877 - INFO - Fetched page 1 from https://techmasternode.com/wp-json/wp/v2/pages?page=1&per_page=100
2026-06-04 17:06:04,054 - INFO - No more pages: https://worldbusinesshour.com/wp-json/wp/v2/pages?page=2&per_page=100
2026-06-04 17:06:04,492 - INFO - No more pages: https://techmasternode.com/wp-json/wp/v2/pages?page=2&per_page=100
2026-06-04 17:06:04,516 - INFO - No more pages: https://techmasternode.com/wp-json/wp/v2/pages?page=2&per_page=100
2026-06-04 17:06:04,697 - INFO - Fetched page 2 from https://cxomatters.com/wp-json/wp/v2/pages?page=2&per_page=100
2026-06-04 17:06:04,911 - INFO - Fetched page 2 from https://cxomatters.com/wp-json/wp/v2/pages?page=2&per_page=100
2026-06-04 17:06:05,041 - INFO - Fetched page 1 from https://thegrowthinsights.com/wp-json/wp/v2/media?page=1&per_page=100
2026-06-04 17:06:05,118 - INFO - Fetched page 1 from https://worldbusinesshour.com/wp-json/wp/v2/media?page=1&per_page=100
2026-06-04 17:06:05,160 - INFO - Fetched page 1 from https://worldbusinesshour.com/wp-json/wp/v2/media?page=1&per_page=100
2026-06-04 17:06:05,256 - INFO - Fetched page 1 from https://thegrowthinsights.com/wp-json/wp/v2/media?page=1&per_page=100
2026-06-04 17:06:05,506 - INFO - Fetched page 2 from https://techwebtrends.com/wp-json/wp/v2/pages?page=2&per_page=100
2026-06-04 17:06:05,719 - INFO - Fetched page 2 from https://techwebtrends.com/wp-json/wp/v2/pages?page=2&per_page=100
2026-06-04 17:06:06,007 - INFO - Fetched page 3 from https://cxomatters.com/wp-json/wp/v2/pages?page=3&per_page=100
2026-06-04 17:06:06,115 - INFO - No more pages: https://techwebtrends.com/wp-json/wp/v2/pages?page=3&per_page=100
2026-06-04 17:06:06,155 - INFO - Fetched page 1 from https://techmasternode.com/wp-json/wp/v2/media?page=1&per_page=100
2026-06-04 17:06:06,158 - INFO - Fetched page 1 from https://techmasternode.com/wp-json/wp/v2/media?page=1&per_page=100
2026-06-04 17:06:06,166 - INFO - Fetched page 3 from https://cxomatters.com/wp-json/wp/v2/pages?page=3&per_page=100
2026-06-04 17:06:06,293 - INFO - No more pages: https://techwebtrends.com/wp-json/wp/v2/pages?page=3&per_page=100
2026-06-04 17:06:06,355 - INFO - Fetched page 2 from https://worldbusinesshour.com/wp-json/wp/v2/media?page=2&per_page=100
2026-06-04 17:06:06,435 - INFO - Fetched page 2 from https://worldbusinesshour.com/wp-json/wp/v2/media?page=2&per_page=100
2026-06-04 17:06:06,797 - INFO - No more pages: https://cxomatters.com/wp-json/wp/v2/pages?page=4&per_page=100
2026-06-04 17:06:06,947 - INFO - Fetched page 2 from https://thegrowthinsights.com/wp-json/wp/v2/media?page=2&per_page=100
2026-06-04 17:06:06,953 - INFO - No more pages: https://cxomatters.com/wp-json/wp/v2/pages?page=4&per_page=100
2026-06-04 17:06:07,061 - INFO - Fetched page 2 from https://thegrowthinsights.com/wp-json/wp/v2/media?page=2&per_page=100
2026-06-04 17:06:07,325 - INFO - Fetched page 1 from https://techwebtrends.com/wp-json/wp/v2/media?page=1&per_page=100
2026-06-04 17:06:07,413 - INFO - Fetched page 2 from https://techmasternode.com/wp-json/wp/v2/media?page=2&per_page=100
2026-06-04 17:06:07,435 - INFO - Fetched page 1 from https://techwebtrends.com/wp-json/wp/v2/media?page=1&per_page=100
2026-06-04 17:06:07,480 - INFO - Fetched page 2 from https://techmasternode.com/wp-json/wp/v2/media?page=2&per_page=100
2026-06-04 17:06:07,497 - INFO - Fetched page 3 from https://worldbusinesshour.com/wp-json/wp/v2/media?page=3&per_page=100
2026-06-04 17:06:07,615 - INFO - Fetched page 3 from https://worldbusinesshour.com/wp-json/wp/v2/media?page=3&per_page=100
2026-06-04 17:06:07,910 - INFO - Fetched page 1 from https://cxomatters.com/wp-json/wp/v2/media?page=1&per_page=100
2026-06-04 17:06:08,106 - INFO - Fetched page 1 from https://cxomatters.com/wp-json/wp/v2/media?page=1&per_page=100
2026-06-04 17:06:08,382 - INFO - Fetched page 2 from https://techwebtrends.com/wp-json/wp/v2/media?page=2&per_page=100
2026-06-04 17:06:08,433 - INFO - Fetched page 2 from https://techwebtrends.com/wp-json/wp/v2/media?page=2&per_page=100
2026-06-04 17:06:08,610 - INFO - Fetched page 3 from https://techmasternode.com/wp-json/wp/v2/media?page=3&per_page=100
2026-06-04 17:06:08,633 - INFO - Fetched page 3 from https://techmasternode.com/wp-json/wp/v2/media?page=3&per_page=100
2026-06-04 17:06:08,649 - INFO - Fetched page 4 from https://worldbusinesshour.com/wp-json/wp/v2/media?page=4&per_page=100
2026-06-04 17:06:08,669 - INFO - Fetched page 4 from https://worldbusinesshour.com/wp-json/wp/v2/media?page=4&per_page=100
2026-06-04 17:06:08,700 - INFO - Fetched page 3 from https://thegrowthinsights.com/wp-json/wp/v2/media?page=3&per_page=100
2026-06-04 17:06:08,878 - INFO - Fetched page 3 from https://thegrowthinsights.com/wp-json/wp/v2/media?page=3&per_page=100
2026-06-04 17:06:08,972 - INFO - Fetched page 2 from https://cxomatters.com/wp-json/wp/v2/media?page=2&per_page=100
2026-06-04 17:06:09,237 - INFO - Fetched page 2 from https://cxomatters.com/wp-json/wp/v2/media?page=2&per_page=100
2026-06-04 17:06:09,333 - INFO - Fetched page 3 from https://techwebtrends.com/wp-json/wp/v2/media?page=3&per_page=100
2026-06-04 17:06:09,411 - INFO - Fetched page 2 from https://businessmediums.com/wp-json/wp/v2/pages?page=2&per_page=100
2026-06-04 17:06:09,442 - INFO - Fetched page 2 from https://businessmediums.com/wp-json/wp/v2/pages?page=2&per_page=100
2026-06-04 17:06:09,696 - INFO - Fetched page 4 from https://techmasternode.com/wp-json/wp/v2/media?page=4&per_page=100
2026-06-04 17:06:09,732 - INFO - Fetched page 3 from https://techwebtrends.com/wp-json/wp/v2/media?page=3&per_page=100
2026-06-04 17:06:09,756 - INFO - Fetched page 5 from https://worldbusinesshour.com/wp-json/wp/v2/media?page=5&per_page=100
2026-06-04 17:06:09,848 - INFO - Fetched page 5 from https://worldbusinesshour.com/wp-json/wp/v2/media?page=5&per_page=100
2026-06-04 17:06:09,885 - INFO - Fetched page 4 from https://techmasternode.com/wp-json/wp/v2/media?page=4&per_page=100
2026-06-04 17:06:10,118 - INFO - Fetched page 3 from https://cxomatters.com/wp-json/wp/v2/media?page=3&per_page=100
2026-06-04 17:06:10,230 - INFO - Fetched page 4 from https://thegrowthinsights.com/wp-json/wp/v2/media?page=4&per_page=100
2026-06-04 17:06:10,277 - INFO - Fetched page 3 from https://cxomatters.com/wp-json/wp/v2/media?page=3&per_page=100
2026-06-04 17:06:10,350 - INFO - Fetched page 4 from https://techwebtrends.com/wp-json/wp/v2/media?page=4&per_page=100
2026-06-04 17:06:10,452 - INFO - Fetched page 4 from https://thegrowthinsights.com/wp-json/wp/v2/media?page=4&per_page=100
2026-06-04 17:06:10,716 - INFO - Fetched page 5 from https://techmasternode.com/wp-json/wp/v2/media?page=5&per_page=100
2026-06-04 17:06:10,754 - INFO - Fetched page 4 from https://techwebtrends.com/wp-json/wp/v2/media?page=4&per_page=100
2026-06-04 17:06:10,966 - INFO - Fetched page 5 from https://techmasternode.com/wp-json/wp/v2/media?page=5&per_page=100
2026-06-04 17:06:10,974 - INFO - Fetched page 6 from https://worldbusinesshour.com/wp-json/wp/v2/media?page=6&per_page=100
2026-06-04 17:06:10,982 - INFO - Fetched page 6 from https://worldbusinesshour.com/wp-json/wp/v2/media?page=6&per_page=100
2026-06-04 17:06:11,170 - INFO - Fetched page 4 from https://cxomatters.com/wp-json/wp/v2/media?page=4&per_page=100
2026-06-04 17:06:11,339 - INFO - Fetched page 4 from https://cxomatters.com/wp-json/wp/v2/media?page=4&per_page=100
2026-06-04 17:06:11,341 - INFO - Fetched page 5 from https://techwebtrends.com/wp-json/wp/v2/media?page=5&per_page=100
2026-06-04 17:06:11,526 - INFO - Fetched page 5 from https://thegrowthinsights.com/wp-json/wp/v2/media?page=5&per_page=100
2026-06-04 17:06:11,673 - INFO - Fetched page 7 from https://worldbusinesshour.com/wp-json/wp/v2/media?page=7&per_page=100
2026-06-04 17:06:11,726 - INFO - Fetched page 7 from https://worldbusinesshour.com/wp-json/wp/v2/media?page=7&per_page=100
2026-06-04 17:06:11,745 - INFO - Fetched page 5 from https://techwebtrends.com/wp-json/wp/v2/media?page=5&per_page=100
2026-06-04 17:06:11,763 - INFO - Fetched page 6 from https://techmasternode.com/wp-json/wp/v2/media?page=6&per_page=100
2026-06-04 17:06:11,783 - INFO - Fetched page 5 from https://thegrowthinsights.com/wp-json/wp/v2/media?page=5&per_page=100
2026-06-04 17:06:11,989 - INFO - Fetched page 6 from https://techwebtrends.com/wp-json/wp/v2/media?page=6&per_page=100
2026-06-04 17:06:12,161 - INFO - Fetched page 6 from https://techmasternode.com/wp-json/wp/v2/media?page=6&per_page=100
2026-06-04 17:06:12,188 - INFO - Fetched page 5 from https://cxomatters.com/wp-json/wp/v2/media?page=5&per_page=100
2026-06-04 17:06:12,303 - INFO - No more pages: https://worldbusinesshour.com/wp-json/wp/v2/media?page=8&per_page=100
2026-06-04 17:06:12,363 - INFO - No more pages: https://worldbusinesshour.com/wp-json/wp/v2/media?page=8&per_page=100
2026-06-04 17:06:12,376 - INFO - Fetched page 5 from https://cxomatters.com/wp-json/wp/v2/media?page=5&per_page=100
2026-06-04 17:06:12,511 - INFO - Fetched page 7 from https://techmasternode.com/wp-json/wp/v2/media?page=7&per_page=100
2026-06-04 17:06:12,632 - INFO - Fetched page 6 from https://thegrowthinsights.com/wp-json/wp/v2/media?page=6&per_page=100
2026-06-04 17:06:12,650 - INFO - Fetched page 7 from https://techwebtrends.com/wp-json/wp/v2/media?page=7&per_page=100
2026-06-04 17:06:12,696 - INFO - Fetched page 6 from https://techwebtrends.com/wp-json/wp/v2/media?page=6&per_page=100
2026-06-04 17:06:12,913 - INFO - Fetched page 7 from https://techmasternode.com/wp-json/wp/v2/media?page=7&per_page=100
2026-06-04 17:06:12,926 - INFO - Fetched page 6 from https://thegrowthinsights.com/wp-json/wp/v2/media?page=6&per_page=100
2026-06-04 17:06:13,134 - INFO - No more pages: https://techmasternode.com/wp-json/wp/v2/media?page=8&per_page=100
2026-06-04 17:06:13,274 - INFO - Fetched page 6 from https://cxomatters.com/wp-json/wp/v2/media?page=6&per_page=100
2026-06-04 17:06:13,417 - INFO - Fetched page 6 from https://cxomatters.com/wp-json/wp/v2/media?page=6&per_page=100
2026-06-04 17:06:13,522 - INFO - Fetched page 7 from https://thegrowthinsights.com/wp-json/wp/v2/media?page=7&per_page=100
2026-06-04 17:06:13,527 - INFO - No more pages: https://techmasternode.com/wp-json/wp/v2/media?page=8&per_page=100
2026-06-04 17:06:13,717 - INFO - Fetched page 8 from https://techwebtrends.com/wp-json/wp/v2/media?page=8&per_page=100
2026-06-04 17:06:13,781 - INFO - Fetched page 7 from https://techwebtrends.com/wp-json/wp/v2/media?page=7&per_page=100
2026-06-04 17:06:13,848 - INFO - Fetched page 1 from https://worldbusinesshour.com/wp-json/wp/v2/resources?page=1&per_page=100
2026-06-04 17:06:13,860 - INFO - Fetched page 7 from https://thegrowthinsights.com/wp-json/wp/v2/media?page=7&per_page=100
2026-06-04 17:06:13,861 - INFO - Fetched page 1 from https://worldbusinesshour.com/wp-json/wp/v2/resources?page=1&per_page=100
2026-06-04 17:06:14,132 - INFO - No more pages: https://businessmediums.com/wp-json/wp/v2/pages?page=3&per_page=100
2026-06-04 17:06:14,147 - INFO - No more pages: https://businessmediums.com/wp-json/wp/v2/pages?page=3&per_page=100
2026-06-04 17:06:14,201 - INFO - No more pages: https://thegrowthinsights.com/wp-json/wp/v2/media?page=8&per_page=100
2026-06-04 17:06:14,375 - INFO - Fetched page 7 from https://cxomatters.com/wp-json/wp/v2/media?page=7&per_page=100
2026-06-04 17:06:14,446 - INFO - Fetched page 9 from https://techwebtrends.com/wp-json/wp/v2/media?page=9&per_page=100
2026-06-04 17:06:14,473 - INFO - Fetched page 7 from https://cxomatters.com/wp-json/wp/v2/media?page=7&per_page=100
2026-06-04 17:06:14,496 - INFO - No more pages: https://worldbusinesshour.com/wp-json/wp/v2/resources?page=2&per_page=100
2026-06-04 17:06:14,530 - INFO - No more pages: https://worldbusinesshour.com/wp-json/wp/v2/resources?page=2&per_page=100
2026-06-04 17:06:14,673 - INFO - No more pages: https://thegrowthinsights.com/wp-json/wp/v2/media?page=8&per_page=100
2026-06-04 17:06:14,771 - INFO - Fetched page 8 from https://techwebtrends.com/wp-json/wp/v2/media?page=8&per_page=100
2026-06-04 17:06:14,836 - INFO - Fetched page 1 from https://techmasternode.com/wp-json/wp/v2/resources?page=1&per_page=100
2026-06-04 17:06:15,036 - INFO - Fetched page 1 from https://techmasternode.com/wp-json/wp/v2/resources?page=1&per_page=100
2026-06-04 17:06:15,050 - INFO - Fetched page 10 from https://techwebtrends.com/wp-json/wp/v2/media?page=10&per_page=100
2026-06-04 17:06:15,306 - INFO - Fetched page 1 from https://businessmediums.com/wp-json/wp/v2/media?page=1&per_page=100
2026-06-04 17:06:15,320 - INFO - Fetched page 1 from https://businessmediums.com/wp-json/wp/v2/media?page=1&per_page=100
2026-06-04 17:06:15,364 - INFO - Fetched page 8 from https://cxomatters.com/wp-json/wp/v2/media?page=8&per_page=100
2026-06-04 17:06:15,404 - INFO - Fetched page 8 from https://cxomatters.com/wp-json/wp/v2/media?page=8&per_page=100
2026-06-04 17:06:15,446 - INFO - No more pages: https://techmasternode.com/wp-json/wp/v2/resources?page=2&per_page=100
2026-06-04 17:06:15,558 - INFO - No more pages: https://techwebtrends.com/wp-json/wp/v2/media?page=11&per_page=100
2026-06-04 17:06:15,600 - INFO - No more pages: https://techmasternode.com/wp-json/wp/v2/resources?page=2&per_page=100
2026-06-04 17:06:15,713 - INFO - Fetched page 9 from https://techwebtrends.com/wp-json/wp/v2/media?page=9&per_page=100
2026-06-04 17:06:15,723 - INFO - Fetched page 1 from https://thegrowthinsights.com/wp-json/wp/v2/resources?page=1&per_page=100
2026-06-04 17:06:16,223 - INFO - Fetched page 1 from https://thegrowthinsights.com/wp-json/wp/v2/resources?page=1&per_page=100
2026-06-04 17:06:16,383 - INFO - Fetched page 2 from https://businessmediums.com/wp-json/wp/v2/media?page=2&per_page=100
2026-06-04 17:06:16,386 - INFO - Fetched page 10 from https://techwebtrends.com/wp-json/wp/v2/media?page=10&per_page=100
2026-06-04 17:06:16,425 - INFO - Fetched page 2 from https://businessmediums.com/wp-json/wp/v2/media?page=2&per_page=100
2026-06-04 17:06:16,491 - INFO - No more pages: https://thegrowthinsights.com/wp-json/wp/v2/resources?page=2&per_page=100
2026-06-04 17:06:16,631 - INFO - Fetched page 9 from https://cxomatters.com/wp-json/wp/v2/media?page=9&per_page=100
2026-06-04 17:06:16,676 - INFO - Fetched page 9 from https://cxomatters.com/wp-json/wp/v2/media?page=9&per_page=100
2026-06-04 17:06:16,824 - INFO - No more pages: https://thegrowthinsights.com/wp-json/wp/v2/resources?page=2&per_page=100
2026-06-04 17:06:17,039 - INFO - No more pages: https://techwebtrends.com/wp-json/wp/v2/media?page=11&per_page=100
2026-06-04 17:06:17,103 - INFO - Fetched page 1 from https://techwebtrends.com/wp-json/wp/v2/resources?page=1&per_page=100
2026-06-04 17:06:17,604 - INFO - No more pages: https://techwebtrends.com/wp-json/wp/v2/resources?page=2&per_page=100
2026-06-04 17:06:17,762 - INFO - Fetched page 10 from https://cxomatters.com/wp-json/wp/v2/media?page=10&per_page=100
2026-06-04 17:06:17,798 - INFO - Fetched page 10 from https://cxomatters.com/wp-json/wp/v2/media?page=10&per_page=100
2026-06-04 17:06:18,536 - INFO - Fetched page 1 from https://techwebtrends.com/wp-json/wp/v2/resources?page=1&per_page=100
2026-06-04 17:06:20,764 - INFO - Fetched page 11 from https://cxomatters.com/wp-json/wp/v2/media?page=11&per_page=100
2026-06-04 17:06:20,876 - INFO - Fetched page 11 from https://cxomatters.com/wp-json/wp/v2/media?page=11&per_page=100
2026-06-04 17:06:21,097 - INFO - No more pages: https://techwebtrends.com/wp-json/wp/v2/resources?page=2&per_page=100
2026-06-04 17:06:21,820 - INFO - Fetched page 12 from https://cxomatters.com/wp-json/wp/v2/media?page=12&per_page=100
2026-06-04 17:06:21,885 - INFO - Fetched page 12 from https://cxomatters.com/wp-json/wp/v2/media?page=12&per_page=100
2026-06-04 17:06:22,441 - INFO - No more pages: https://cxomatters.com/wp-json/wp/v2/media?page=13&per_page=100
2026-06-04 17:06:22,548 - INFO - No more pages: https://cxomatters.com/wp-json/wp/v2/media?page=13&per_page=100
2026-06-04 17:06:23,905 - INFO - Fetched page 1 from https://cxomatters.com/wp-json/wp/v2/resources?page=1&per_page=100
2026-06-04 17:06:24,156 - INFO - Fetched page 1 from https://cxomatters.com/wp-json/wp/v2/resources?page=1&per_page=100
2026-06-04 17:06:24,559 - INFO - No more pages: https://cxomatters.com/wp-json/wp/v2/resources?page=2&per_page=100
2026-06-04 17:06:24,759 - INFO - No more pages: https://cxomatters.com/wp-json/wp/v2/resources?page=2&per_page=100
2026-06-04 17:06:28,099 - INFO - Fetched page 3 from https://businessmediums.com/wp-json/wp/v2/media?page=3&per_page=100
2026-06-04 17:06:28,105 - INFO - Fetched page 3 from https://businessmediums.com/wp-json/wp/v2/media?page=3&per_page=100
2026-06-04 17:06:29,212 - INFO - Fetched page 4 from https://businessmediums.com/wp-json/wp/v2/media?page=4&per_page=100
2026-06-04 17:06:29,220 - INFO - Fetched page 4 from https://businessmediums.com/wp-json/wp/v2/media?page=4&per_page=100
2026-06-04 17:06:30,192 - INFO - Fetched page 5 from https://businessmediums.com/wp-json/wp/v2/media?page=5&per_page=100
2026-06-04 17:06:30,232 - INFO - Fetched page 5 from https://businessmediums.com/wp-json/wp/v2/media?page=5&per_page=100
2026-06-04 17:06:35,745 - INFO - Fetched page 6 from https://businessmediums.com/wp-json/wp/v2/media?page=6&per_page=100
2026-06-04 17:06:35,746 - INFO - Fetched page 6 from https://businessmediums.com/wp-json/wp/v2/media?page=6&per_page=100
2026-06-04 17:06:36,917 - INFO - Fetched page 7 from https://businessmediums.com/wp-json/wp/v2/media?page=7&per_page=100
2026-06-04 17:06:36,917 - INFO - Fetched page 7 from https://businessmediums.com/wp-json/wp/v2/media?page=7&per_page=100
2026-06-04 17:06:41,747 - INFO - Fetched page 8 from https://businessmediums.com/wp-json/wp/v2/media?page=8&per_page=100
2026-06-04 17:06:41,783 - INFO - Fetched page 8 from https://businessmediums.com/wp-json/wp/v2/media?page=8&per_page=100
2026-06-04 17:06:42,566 - INFO - Fetched page 9 from https://businessmediums.com/wp-json/wp/v2/media?page=9&per_page=100
2026-06-04 17:06:42,566 - INFO - Fetched page 9 from https://businessmediums.com/wp-json/wp/v2/media?page=9&per_page=100
2026-06-04 17:06:43,581 - INFO - Fetched page 10 from https://businessmediums.com/wp-json/wp/v2/media?page=10&per_page=100
2026-06-04 17:06:43,622 - INFO - Fetched page 10 from https://businessmediums.com/wp-json/wp/v2/media?page=10&per_page=100
2026-06-04 17:06:51,835 - INFO - Fetched page 11 from https://businessmediums.com/wp-json/wp/v2/media?page=11&per_page=100
2026-06-04 17:06:51,965 - INFO - Fetched page 11 from https://businessmediums.com/wp-json/wp/v2/media?page=11&per_page=100
2026-06-04 17:06:52,992 - INFO - Fetched page 12 from https://businessmediums.com/wp-json/wp/v2/media?page=12&per_page=100
2026-06-04 17:06:53,075 - INFO - Fetched page 12 from https://businessmediums.com/wp-json/wp/v2/media?page=12&per_page=100
2026-06-04 17:06:54,226 - INFO - Fetched page 13 from https://businessmediums.com/wp-json/wp/v2/media?page=13&per_page=100
2026-06-04 17:06:54,227 - INFO - Fetched page 13 from https://businessmediums.com/wp-json/wp/v2/media?page=13&per_page=100
2026-06-04 17:06:55,294 - INFO - Fetched page 14 from https://businessmediums.com/wp-json/wp/v2/media?page=14&per_page=100
2026-06-04 17:06:55,532 - INFO - Fetched page 14 from https://businessmediums.com/wp-json/wp/v2/media?page=14&per_page=100
2026-06-04 17:06:55,986 - INFO - No more pages: https://businessmediums.com/wp-json/wp/v2/media?page=15&per_page=100
2026-06-04 17:06:56,245 - INFO - No more pages: https://businessmediums.com/wp-json/wp/v2/media?page=15&per_page=100
2026-06-04 17:06:57,525 - INFO - Fetched page 1 from https://businessmediums.com/wp-json/wp/v2/resources?page=1&per_page=100
2026-06-04 17:06:57,752 - INFO - Fetched page 1 from https://businessmediums.com/wp-json/wp/v2/resources?page=1&per_page=100
2026-06-04 17:06:58,267 - INFO - No more pages: https://businessmediums.com/wp-json/wp/v2/resources?page=2&per_page=100
2026-06-04 17:06:58,426 - INFO - No more pages: https://businessmediums.com/wp-json/wp/v2/resources?page=2&per_page=100
2026-06-04 17:10:01,834 - INFO - Fetched page 1 from https://techwebtrends.com/wp-json/wp/v2/posts?page=1&per_page=100
2026-06-04 17:10:01,837 - INFO - Fetched page 1 from https://techwebtrends.com/wp-json/wp/v2/posts?page=1&per_page=100
2026-06-04 17:10:02,026 - INFO - Fetched page 1 from https://cxomatters.com/wp-json/wp/v2/posts?page=1&per_page=100
2026-06-04 17:10:02,099 - INFO - Fetched page 1 from https://cxomatters.com/wp-json/wp/v2/posts?page=1&per_page=100
2026-06-04 17:10:02,207 - INFO - Fetched page 1 from https://techmasternode.com/wp-json/wp/v2/posts?page=1&per_page=100
2026-06-04 17:10:02,314 - INFO - Fetched page 1 from https://techmasternode.com/wp-json/wp/v2/posts?page=1&per_page=100
2026-06-04 17:10:02,470 - INFO - Fetched page 1 from https://businessmediums.com/wp-json/wp/v2/posts?page=1&per_page=100
2026-06-04 17:10:02,586 - INFO - Fetched page 1 from https://worldbusinesshour.com/wp-json/wp/v2/posts?page=1&per_page=100
2026-06-04 17:10:02,666 - INFO - Fetched page 1 from https://worldbusinesshour.com/wp-json/wp/v2/posts?page=1&per_page=100
2026-06-04 17:10:03,186 - INFO - Fetched page 1 from https://thegrowthinsights.com/wp-json/wp/v2/posts?page=1&per_page=100
2026-06-04 17:10:03,199 - INFO - No more pages: https://businessmediums.com/wp-json/wp/v2/posts?page=2&per_page=100
2026-06-04 17:10:03,262 - INFO - Fetched page 1 from https://businessmediums.com/wp-json/wp/v2/posts?page=1&per_page=100
2026-06-04 17:10:03,367 - INFO - Fetched page 1 from https://thegrowthinsights.com/wp-json/wp/v2/posts?page=1&per_page=100
2026-06-04 17:10:03,574 - INFO - Fetched page 2 from https://techwebtrends.com/wp-json/wp/v2/posts?page=2&per_page=100
2026-06-04 17:10:03,627 - INFO - Fetched page 2 from https://techwebtrends.com/wp-json/wp/v2/posts?page=2&per_page=100
2026-06-04 17:10:03,815 - INFO - Fetched page 2 from https://worldbusinesshour.com/wp-json/wp/v2/posts?page=2&per_page=100
2026-06-04 17:10:03,871 - INFO - Fetched page 2 from https://cxomatters.com/wp-json/wp/v2/posts?page=2&per_page=100
2026-06-04 17:10:03,875 - INFO - Fetched page 2 from https://worldbusinesshour.com/wp-json/wp/v2/posts?page=2&per_page=100
2026-06-04 17:10:03,920 - INFO - Fetched page 2 from https://cxomatters.com/wp-json/wp/v2/posts?page=2&per_page=100
2026-06-04 17:10:03,954 - INFO - No more pages: https://businessmediums.com/wp-json/wp/v2/posts?page=2&per_page=100
2026-06-04 17:10:04,144 - INFO - Fetched page 2 from https://techmasternode.com/wp-json/wp/v2/posts?page=2&per_page=100
2026-06-04 17:10:04,194 - INFO - Fetched page 2 from https://techmasternode.com/wp-json/wp/v2/posts?page=2&per_page=100
2026-06-04 17:10:04,620 - INFO - No more pages: https://worldbusinesshour.com/wp-json/wp/v2/posts?page=3&per_page=100
2026-06-04 17:10:04,631 - INFO - Fetched page 3 from https://cxomatters.com/wp-json/wp/v2/posts?page=3&per_page=100
2026-06-04 17:10:04,638 - INFO - No more pages: https://worldbusinesshour.com/wp-json/wp/v2/posts?page=3&per_page=100
2026-06-04 17:10:04,696 - INFO - Fetched page 3 from https://cxomatters.com/wp-json/wp/v2/posts?page=3&per_page=100
2026-06-04 17:10:04,718 - INFO - Fetched page 1 from https://businessmediums.com/wp-json/wp/v2/pages?page=1&per_page=100
2026-06-04 17:10:04,949 - INFO - Fetched page 3 from https://techmasternode.com/wp-json/wp/v2/posts?page=3&per_page=100
2026-06-04 17:10:04,964 - INFO - Fetched page 2 from https://thegrowthinsights.com/wp-json/wp/v2/posts?page=2&per_page=100
2026-06-04 17:10:05,121 - INFO - Fetched page 2 from https://thegrowthinsights.com/wp-json/wp/v2/posts?page=2&per_page=100
2026-06-04 17:10:05,173 - INFO - Fetched page 3 from https://techmasternode.com/wp-json/wp/v2/posts?page=3&per_page=100
2026-06-04 17:10:05,251 - INFO - Fetched page 3 from https://techwebtrends.com/wp-json/wp/v2/posts?page=3&per_page=100
2026-06-04 17:10:05,316 - INFO - No more pages: https://cxomatters.com/wp-json/wp/v2/posts?page=4&per_page=100
2026-06-04 17:10:05,350 - INFO - Fetched page 3 from https://techwebtrends.com/wp-json/wp/v2/posts?page=3&per_page=100
2026-06-04 17:10:05,377 - INFO - No more pages: https://cxomatters.com/wp-json/wp/v2/posts?page=4&per_page=100
2026-06-04 17:10:05,611 - INFO - Fetched page 1 from https://businessmediums.com/wp-json/wp/v2/pages?page=1&per_page=100
2026-06-04 17:10:05,616 - INFO - No more pages: https://techmasternode.com/wp-json/wp/v2/posts?page=4&per_page=100
2026-06-04 17:10:05,655 - INFO - No more pages: https://thegrowthinsights.com/wp-json/wp/v2/posts?page=3&per_page=100
2026-06-04 17:10:05,807 - INFO - No more pages: https://techmasternode.com/wp-json/wp/v2/posts?page=4&per_page=100
2026-06-04 17:10:05,831 - INFO - No more pages: https://thegrowthinsights.com/wp-json/wp/v2/posts?page=3&per_page=100
2026-06-04 17:10:05,870 - INFO - Fetched page 4 from https://techwebtrends.com/wp-json/wp/v2/posts?page=4&per_page=100
2026-06-04 17:10:05,987 - INFO - Fetched page 4 from https://techwebtrends.com/wp-json/wp/v2/posts?page=4&per_page=100
2026-06-04 17:10:06,634 - INFO - No more pages: https://techwebtrends.com/wp-json/wp/v2/posts?page=5&per_page=100
2026-06-04 17:10:06,634 - INFO - No more pages: https://techwebtrends.com/wp-json/wp/v2/posts?page=5&per_page=100
2026-06-04 17:10:06,682 - INFO - Fetched page 1 from https://cxomatters.com/wp-json/wp/v2/pages?page=1&per_page=100
2026-06-04 17:10:06,686 - INFO - Fetched page 1 from https://cxomatters.com/wp-json/wp/v2/pages?page=1&per_page=100
2026-06-04 17:10:07,038 - INFO - Fetched page 1 from https://worldbusinesshour.com/wp-json/wp/v2/pages?page=1&per_page=100
2026-06-04 17:10:07,076 - INFO - Fetched page 1 from https://thegrowthinsights.com/wp-json/wp/v2/pages?page=1&per_page=100
2026-06-04 17:10:07,124 - INFO - Fetched page 1 from https://worldbusinesshour.com/wp-json/wp/v2/pages?page=1&per_page=100
2026-06-04 17:10:07,178 - INFO - Fetched page 1 from https://techmasternode.com/wp-json/wp/v2/pages?page=1&per_page=100
2026-06-04 17:10:07,355 - INFO - Fetched page 1 from https://techmasternode.com/wp-json/wp/v2/pages?page=1&per_page=100
2026-06-04 17:10:07,388 - INFO - Fetched page 2 from https://businessmediums.com/wp-json/wp/v2/pages?page=2&per_page=100
2026-06-04 17:10:07,536 - INFO - Fetched page 1 from https://thegrowthinsights.com/wp-json/wp/v2/pages?page=1&per_page=100
2026-06-04 17:10:07,671 - INFO - No more pages: https://worldbusinesshour.com/wp-json/wp/v2/pages?page=2&per_page=100
2026-06-04 17:10:08,147 - INFO - No more pages: https://techmasternode.com/wp-json/wp/v2/pages?page=2&per_page=100
2026-06-04 17:10:08,147 - INFO - No more pages: https://worldbusinesshour.com/wp-json/wp/v2/pages?page=2&per_page=100
2026-06-04 17:10:08,152 - INFO - No more pages: https://businessmediums.com/wp-json/wp/v2/pages?page=3&per_page=100
2026-06-04 17:10:08,166 - INFO - No more pages: https://thegrowthinsights.com/wp-json/wp/v2/pages?page=2&per_page=100
2026-06-04 17:10:08,189 - INFO - No more pages: https://thegrowthinsights.com/wp-json/wp/v2/pages?page=2&per_page=100
2026-06-04 17:10:08,191 - INFO - Fetched page 2 from https://businessmediums.com/wp-json/wp/v2/pages?page=2&per_page=100
2026-06-04 17:10:08,244 - INFO - Fetched page 2 from https://cxomatters.com/wp-json/wp/v2/pages?page=2&per_page=100
2026-06-04 17:10:08,247 - INFO - No more pages: https://techmasternode.com/wp-json/wp/v2/pages?page=2&per_page=100
2026-06-04 17:10:08,283 - INFO - Fetched page 1 from https://techwebtrends.com/wp-json/wp/v2/pages?page=1&per_page=100
2026-06-04 17:10:08,295 - INFO - Fetched page 2 from https://cxomatters.com/wp-json/wp/v2/pages?page=2&per_page=100
2026-06-04 17:10:08,316 - INFO - Fetched page 1 from https://techwebtrends.com/wp-json/wp/v2/pages?page=1&per_page=100
2026-06-04 17:10:08,803 - INFO - No more pages: https://businessmediums.com/wp-json/wp/v2/pages?page=3&per_page=100
2026-06-04 17:10:09,250 - INFO - Fetched page 1 from https://worldbusinesshour.com/wp-json/wp/v2/media?page=1&per_page=100
2026-06-04 17:10:09,285 - INFO - Fetched page 1 from https://worldbusinesshour.com/wp-json/wp/v2/media?page=1&per_page=100
2026-06-04 17:10:09,297 - INFO - Fetched page 1 from https://businessmediums.com/wp-json/wp/v2/media?page=1&per_page=100
2026-06-04 17:10:09,536 - INFO - Fetched page 3 from https://cxomatters.com/wp-json/wp/v2/pages?page=3&per_page=100
2026-06-04 17:10:09,586 - INFO - Fetched page 3 from https://cxomatters.com/wp-json/wp/v2/pages?page=3&per_page=100
2026-06-04 17:10:09,593 - INFO - Fetched page 1 from https://techmasternode.com/wp-json/wp/v2/media?page=1&per_page=100
2026-06-04 17:10:09,669 - INFO - Fetched page 1 from https://techmasternode.com/wp-json/wp/v2/media?page=1&per_page=100
2026-06-04 17:10:09,870 - INFO - Fetched page 1 from https://businessmediums.com/wp-json/wp/v2/media?page=1&per_page=100
2026-06-04 17:10:09,977 - INFO - Fetched page 1 from https://thegrowthinsights.com/wp-json/wp/v2/media?page=1&per_page=100
2026-06-04 17:10:10,099 - INFO - Fetched page 1 from https://thegrowthinsights.com/wp-json/wp/v2/media?page=1&per_page=100
2026-06-04 17:10:10,217 - INFO - No more pages: https://cxomatters.com/wp-json/wp/v2/pages?page=4&per_page=100
2026-06-04 17:10:10,328 - INFO - Fetched page 2 from https://worldbusinesshour.com/wp-json/wp/v2/media?page=2&per_page=100
2026-06-04 17:10:10,335 - INFO - Fetched page 2 from https://businessmediums.com/wp-json/wp/v2/media?page=2&per_page=100
2026-06-04 17:10:10,347 - INFO - No more pages: https://cxomatters.com/wp-json/wp/v2/pages?page=4&per_page=100
2026-06-04 17:10:10,406 - INFO - Fetched page 2 from https://worldbusinesshour.com/wp-json/wp/v2/media?page=2&per_page=100
2026-06-04 17:10:10,866 - INFO - Fetched page 2 from https://techwebtrends.com/wp-json/wp/v2/pages?page=2&per_page=100
2026-06-04 17:10:11,018 - INFO - Fetched page 2 from https://techwebtrends.com/wp-json/wp/v2/pages?page=2&per_page=100
2026-06-04 17:10:11,072 - INFO - Fetched page 2 from https://techmasternode.com/wp-json/wp/v2/media?page=2&per_page=100
2026-06-04 17:10:11,107 - INFO - Fetched page 2 from https://businessmediums.com/wp-json/wp/v2/media?page=2&per_page=100
2026-06-04 17:10:11,123 - INFO - Fetched page 2 from https://techmasternode.com/wp-json/wp/v2/media?page=2&per_page=100
2026-06-04 17:10:11,336 - INFO - Fetched page 1 from https://cxomatters.com/wp-json/wp/v2/media?page=1&per_page=100
2026-06-04 17:10:11,403 - INFO - Fetched page 3 from https://worldbusinesshour.com/wp-json/wp/v2/media?page=3&per_page=100
2026-06-04 17:10:11,441 - INFO - Fetched page 1 from https://cxomatters.com/wp-json/wp/v2/media?page=1&per_page=100
2026-06-04 17:10:11,450 - INFO - Fetched page 3 from https://businessmediums.com/wp-json/wp/v2/media?page=3&per_page=100
2026-06-04 17:10:11,474 - INFO - Fetched page 3 from https://worldbusinesshour.com/wp-json/wp/v2/media?page=3&per_page=100
2026-06-04 17:10:11,596 - INFO - No more pages: https://techwebtrends.com/wp-json/wp/v2/pages?page=3&per_page=100
2026-06-04 17:10:11,799 - INFO - Fetched page 2 from https://thegrowthinsights.com/wp-json/wp/v2/media?page=2&per_page=100
2026-06-04 17:10:11,803 - INFO - No more pages: https://techwebtrends.com/wp-json/wp/v2/pages?page=3&per_page=100
2026-06-04 17:10:11,865 - INFO - Fetched page 2 from https://thegrowthinsights.com/wp-json/wp/v2/media?page=2&per_page=100
2026-06-04 17:10:12,127 - INFO - Fetched page 3 from https://businessmediums.com/wp-json/wp/v2/media?page=3&per_page=100
2026-06-04 17:10:12,212 - INFO - Fetched page 4 from https://worldbusinesshour.com/wp-json/wp/v2/media?page=4&per_page=100
2026-06-04 17:10:12,320 - INFO - Fetched page 4 from https://worldbusinesshour.com/wp-json/wp/v2/media?page=4&per_page=100
2026-06-04 17:10:12,326 - INFO - Fetched page 3 from https://techmasternode.com/wp-json/wp/v2/media?page=3&per_page=100
2026-06-04 17:10:12,402 - INFO - Fetched page 3 from https://techmasternode.com/wp-json/wp/v2/media?page=3&per_page=100
2026-06-04 17:10:12,405 - INFO - Fetched page 2 from https://cxomatters.com/wp-json/wp/v2/media?page=2&per_page=100
2026-06-04 17:10:12,452 - INFO - Fetched page 4 from https://businessmediums.com/wp-json/wp/v2/media?page=4&per_page=100
2026-06-04 17:10:12,489 - INFO - Fetched page 2 from https://cxomatters.com/wp-json/wp/v2/media?page=2&per_page=100
2026-06-04 17:10:12,668 - INFO - Fetched page 1 from https://techwebtrends.com/wp-json/wp/v2/media?page=1&per_page=100
2026-06-04 17:10:12,902 - INFO - Fetched page 1 from https://techwebtrends.com/wp-json/wp/v2/media?page=1&per_page=100
2026-06-04 17:10:13,220 - INFO - Fetched page 4 from https://businessmediums.com/wp-json/wp/v2/media?page=4&per_page=100
2026-06-04 17:10:13,673 - INFO - Fetched page 3 from https://cxomatters.com/wp-json/wp/v2/media?page=3&per_page=100
2026-06-04 17:10:13,712 - INFO - Fetched page 5 from https://worldbusinesshour.com/wp-json/wp/v2/media?page=5&per_page=100
2026-06-04 17:10:14,320 - INFO - Fetched page 4 from https://techmasternode.com/wp-json/wp/v2/media?page=4&per_page=100
2026-06-04 17:10:14,359 - INFO - Fetched page 5 from https://worldbusinesshour.com/wp-json/wp/v2/media?page=5&per_page=100
2026-06-04 17:10:14,413 - INFO - Fetched page 2 from https://techwebtrends.com/wp-json/wp/v2/media?page=2&per_page=100
2026-06-04 17:10:14,413 - INFO - Fetched page 5 from https://businessmediums.com/wp-json/wp/v2/media?page=5&per_page=100
2026-06-04 17:10:14,432 - INFO - Fetched page 3 from https://cxomatters.com/wp-json/wp/v2/media?page=3&per_page=100
2026-06-04 17:10:14,544 - INFO - Fetched page 3 from https://thegrowthinsights.com/wp-json/wp/v2/media?page=3&per_page=100
2026-06-04 17:10:14,549 - INFO - Fetched page 4 from https://techmasternode.com/wp-json/wp/v2/media?page=4&per_page=100
2026-06-04 17:10:14,763 - INFO - Fetched page 3 from https://thegrowthinsights.com/wp-json/wp/v2/media?page=3&per_page=100
2026-06-04 17:10:14,806 - INFO - Fetched page 5 from https://businessmediums.com/wp-json/wp/v2/media?page=5&per_page=100
2026-06-04 17:10:14,820 - INFO - Fetched page 2 from https://techwebtrends.com/wp-json/wp/v2/media?page=2&per_page=100
2026-06-04 17:10:15,368 - INFO - Fetched page 4 from https://cxomatters.com/wp-json/wp/v2/media?page=4&per_page=100
2026-06-04 17:10:15,494 - INFO - Fetched page 6 from https://businessmediums.com/wp-json/wp/v2/media?page=6&per_page=100
2026-06-04 17:10:15,537 - INFO - Fetched page 3 from https://techwebtrends.com/wp-json/wp/v2/media?page=3&per_page=100
2026-06-04 17:10:15,700 - INFO - Fetched page 6 from https://worldbusinesshour.com/wp-json/wp/v2/media?page=6&per_page=100
2026-06-04 17:10:15,715 - INFO - Fetched page 6 from https://worldbusinesshour.com/wp-json/wp/v2/media?page=6&per_page=100
2026-06-04 17:10:15,746 - INFO - Fetched page 5 from https://techmasternode.com/wp-json/wp/v2/media?page=5&per_page=100
2026-06-04 17:10:15,758 - INFO - Fetched page 4 from https://cxomatters.com/wp-json/wp/v2/media?page=4&per_page=100
2026-06-04 17:10:15,799 - INFO - Fetched page 5 from https://techmasternode.com/wp-json/wp/v2/media?page=5&per_page=100
2026-06-04 17:10:15,819 - INFO - Fetched page 6 from https://businessmediums.com/wp-json/wp/v2/media?page=6&per_page=100
2026-06-04 17:10:15,860 - INFO - Fetched page 3 from https://techwebtrends.com/wp-json/wp/v2/media?page=3&per_page=100
2026-06-04 17:10:16,337 - INFO - Fetched page 7 from https://worldbusinesshour.com/wp-json/wp/v2/media?page=7&per_page=100
2026-06-04 17:10:16,370 - INFO - Fetched page 4 from https://thegrowthinsights.com/wp-json/wp/v2/media?page=4&per_page=100
2026-06-04 17:10:16,377 - INFO - Fetched page 7 from https://worldbusinesshour.com/wp-json/wp/v2/media?page=7&per_page=100
2026-06-04 17:10:16,470 - INFO - Fetched page 5 from https://cxomatters.com/wp-json/wp/v2/media?page=5&per_page=100
2026-06-04 17:10:16,492 - INFO - Fetched page 4 from https://techwebtrends.com/wp-json/wp/v2/media?page=4&per_page=100
2026-06-04 17:10:16,574 - INFO - Fetched page 4 from https://thegrowthinsights.com/wp-json/wp/v2/media?page=4&per_page=100
2026-06-04 17:10:16,578 - INFO - Fetched page 7 from https://businessmediums.com/wp-json/wp/v2/media?page=7&per_page=100
2026-06-04 17:10:16,824 - INFO - Fetched page 7 from https://businessmediums.com/wp-json/wp/v2/media?page=7&per_page=100
2026-06-04 17:10:16,831 - INFO - Fetched page 5 from https://cxomatters.com/wp-json/wp/v2/media?page=5&per_page=100
2026-06-04 17:10:16,875 - INFO - Fetched page 4 from https://techwebtrends.com/wp-json/wp/v2/media?page=4&per_page=100
2026-06-04 17:10:17,005 - INFO - No more pages: https://worldbusinesshour.com/wp-json/wp/v2/media?page=8&per_page=100
2026-06-04 17:10:17,141 - INFO - No more pages: https://worldbusinesshour.com/wp-json/wp/v2/media?page=8&per_page=100
2026-06-04 17:10:17,161 - INFO - Fetched page 6 from https://techmasternode.com/wp-json/wp/v2/media?page=6&per_page=100
2026-06-04 17:10:17,220 - INFO - Fetched page 6 from https://techmasternode.com/wp-json/wp/v2/media?page=6&per_page=100
2026-06-04 17:10:17,436 - INFO - Fetched page 5 from https://techwebtrends.com/wp-json/wp/v2/media?page=5&per_page=100
2026-06-04 17:10:17,524 - INFO - Fetched page 6 from https://cxomatters.com/wp-json/wp/v2/media?page=6&per_page=100
2026-06-04 17:10:17,692 - INFO - Fetched page 8 from https://businessmediums.com/wp-json/wp/v2/media?page=8&per_page=100
2026-06-04 17:10:17,894 - INFO - Fetched page 8 from https://businessmediums.com/wp-json/wp/v2/media?page=8&per_page=100
2026-06-04 17:10:17,911 - INFO - Fetched page 5 from https://techwebtrends.com/wp-json/wp/v2/media?page=5&per_page=100
2026-06-04 17:10:18,033 - INFO - Fetched page 5 from https://thegrowthinsights.com/wp-json/wp/v2/media?page=5&per_page=100
2026-06-04 17:10:18,052 - INFO - Fetched page 5 from https://thegrowthinsights.com/wp-json/wp/v2/media?page=5&per_page=100
2026-06-04 17:10:18,127 - INFO - Fetched page 7 from https://techmasternode.com/wp-json/wp/v2/media?page=7&per_page=100
2026-06-04 17:10:18,156 - INFO - Fetched page 6 from https://cxomatters.com/wp-json/wp/v2/media?page=6&per_page=100
2026-06-04 17:10:18,202 - INFO - Fetched page 7 from https://techmasternode.com/wp-json/wp/v2/media?page=7&per_page=100
2026-06-04 17:10:18,370 - INFO - Fetched page 6 from https://techwebtrends.com/wp-json/wp/v2/media?page=6&per_page=100
2026-06-04 17:10:18,593 - INFO - Fetched page 1 from https://worldbusinesshour.com/wp-json/wp/v2/resources?page=1&per_page=100
2026-06-04 17:10:18,622 - INFO - Fetched page 7 from https://cxomatters.com/wp-json/wp/v2/media?page=7&per_page=100
2026-06-04 17:10:18,714 - INFO - No more pages: https://techmasternode.com/wp-json/wp/v2/media?page=8&per_page=100
2026-06-04 17:10:18,718 - INFO - Fetched page 1 from https://worldbusinesshour.com/wp-json/wp/v2/resources?page=1&per_page=100
2026-06-04 17:10:18,720 - INFO - Fetched page 9 from https://businessmediums.com/wp-json/wp/v2/media?page=9&per_page=100
2026-06-04 17:10:18,770 - INFO - No more pages: https://techmasternode.com/wp-json/wp/v2/media?page=8&per_page=100
2026-06-04 17:10:18,898 - INFO - Fetched page 6 from https://techwebtrends.com/wp-json/wp/v2/media?page=6&per_page=100
2026-06-04 17:10:18,974 - INFO - Fetched page 9 from https://businessmediums.com/wp-json/wp/v2/media?page=9&per_page=100
2026-06-04 17:10:18,993 - INFO - Fetched page 7 from https://techwebtrends.com/wp-json/wp/v2/media?page=7&per_page=100
2026-06-04 17:10:19,144 - INFO - Fetched page 6 from https://thegrowthinsights.com/wp-json/wp/v2/media?page=6&per_page=100
2026-06-04 17:10:19,183 - INFO - Fetched page 6 from https://thegrowthinsights.com/wp-json/wp/v2/media?page=6&per_page=100
2026-06-04 17:10:19,195 - INFO - No more pages: https://worldbusinesshour.com/wp-json/wp/v2/resources?page=2&per_page=100
2026-06-04 17:10:19,264 - INFO - Fetched page 7 from https://cxomatters.com/wp-json/wp/v2/media?page=7&per_page=100
2026-06-04 17:10:19,401 - INFO - No more pages: https://worldbusinesshour.com/wp-json/wp/v2/resources?page=2&per_page=100
2026-06-04 17:10:19,656 - INFO - Fetched page 8 from https://cxomatters.com/wp-json/wp/v2/media?page=8&per_page=100
2026-06-04 17:10:19,675 - INFO - Fetched page 7 from https://techwebtrends.com/wp-json/wp/v2/media?page=7&per_page=100
2026-06-04 17:10:19,700 - INFO - Fetched page 10 from https://businessmediums.com/wp-json/wp/v2/media?page=10&per_page=100
2026-06-04 17:10:19,952 - INFO - Fetched page 8 from https://techwebtrends.com/wp-json/wp/v2/media?page=8&per_page=100
2026-06-04 17:10:19,981 - INFO - Fetched page 10 from https://businessmediums.com/wp-json/wp/v2/media?page=10&per_page=100
2026-06-04 17:10:20,126 - INFO - Fetched page 7 from https://thegrowthinsights.com/wp-json/wp/v2/media?page=7&per_page=100
2026-06-04 17:10:20,273 - INFO - Fetched page 1 from https://techmasternode.com/wp-json/wp/v2/resources?page=1&per_page=100
2026-06-04 17:10:20,281 - INFO - Fetched page 7 from https://thegrowthinsights.com/wp-json/wp/v2/media?page=7&per_page=100
2026-06-04 17:10:20,378 - INFO - Fetched page 1 from https://techmasternode.com/wp-json/wp/v2/resources?page=1&per_page=100
2026-06-04 17:10:20,423 - INFO - Fetched page 9 from https://cxomatters.com/wp-json/wp/v2/media?page=9&per_page=100
2026-06-04 17:10:20,472 - INFO - Fetched page 8 from https://cxomatters.com/wp-json/wp/v2/media?page=8&per_page=100
2026-06-04 17:10:20,610 - INFO - Fetched page 9 from https://techwebtrends.com/wp-json/wp/v2/media?page=9&per_page=100
2026-06-04 17:10:20,657 - INFO - Fetched page 8 from https://techwebtrends.com/wp-json/wp/v2/media?page=8&per_page=100
2026-06-04 17:10:20,680 - INFO - Fetched page 11 from https://businessmediums.com/wp-json/wp/v2/media?page=11&per_page=100
2026-06-04 17:10:20,726 - INFO - No more pages: https://thegrowthinsights.com/wp-json/wp/v2/media?page=8&per_page=100
2026-06-04 17:10:20,867 - INFO - No more pages: https://techmasternode.com/wp-json/wp/v2/resources?page=2&per_page=100
2026-06-04 17:10:20,925 - INFO - No more pages: https://techmasternode.com/wp-json/wp/v2/resources?page=2&per_page=100
2026-06-04 17:10:20,997 - INFO - No more pages: https://thegrowthinsights.com/wp-json/wp/v2/media?page=8&per_page=100
2026-06-04 17:10:21,033 - INFO - Fetched page 11 from https://businessmediums.com/wp-json/wp/v2/media?page=11&per_page=100
2026-06-04 17:10:21,205 - INFO - Fetched page 10 from https://techwebtrends.com/wp-json/wp/v2/media?page=10&per_page=100
2026-06-04 17:10:21,289 - INFO - Fetched page 9 from https://techwebtrends.com/wp-json/wp/v2/media?page=9&per_page=100
2026-06-04 17:10:21,533 - INFO - Fetched page 9 from https://cxomatters.com/wp-json/wp/v2/media?page=9&per_page=100
2026-06-04 17:10:21,566 - INFO - Fetched page 10 from https://cxomatters.com/wp-json/wp/v2/media?page=10&per_page=100
2026-06-04 17:10:21,668 - INFO - Fetched page 12 from https://businessmediums.com/wp-json/wp/v2/media?page=12&per_page=100
2026-06-04 17:10:21,781 - INFO - No more pages: https://techwebtrends.com/wp-json/wp/v2/media?page=11&per_page=100
2026-06-04 17:10:21,872 - INFO - Fetched page 10 from https://techwebtrends.com/wp-json/wp/v2/media?page=10&per_page=100
2026-06-04 17:10:22,031 - INFO - Fetched page 12 from https://businessmediums.com/wp-json/wp/v2/media?page=12&per_page=100
2026-06-04 17:10:22,338 - INFO - Fetched page 1 from https://thegrowthinsights.com/wp-json/wp/v2/resources?page=1&per_page=100
2026-06-04 17:10:22,355 - INFO - Fetched page 11 from https://cxomatters.com/wp-json/wp/v2/media?page=11&per_page=100
2026-06-04 17:10:22,479 - INFO - Fetched page 1 from https://thegrowthinsights.com/wp-json/wp/v2/resources?page=1&per_page=100
2026-06-04 17:10:22,586 - INFO - No more pages: https://techwebtrends.com/wp-json/wp/v2/media?page=11&per_page=100
2026-06-04 17:10:22,602 - INFO - Fetched page 10 from https://cxomatters.com/wp-json/wp/v2/media?page=10&per_page=100
2026-06-04 17:10:22,728 - INFO - Fetched page 13 from https://businessmediums.com/wp-json/wp/v2/media?page=13&per_page=100
2026-06-04 17:10:23,085 - INFO - Fetched page 13 from https://businessmediums.com/wp-json/wp/v2/media?page=13&per_page=100
2026-06-04 17:10:23,101 - INFO - No more pages: https://thegrowthinsights.com/wp-json/wp/v2/resources?page=2&per_page=100
2026-06-04 17:10:23,256 - INFO - No more pages: https://thegrowthinsights.com/wp-json/wp/v2/resources?page=2&per_page=100
2026-06-04 17:10:23,799 - INFO - Fetched page 12 from https://cxomatters.com/wp-json/wp/v2/media?page=12&per_page=100
2026-06-04 17:10:23,840 - INFO - Fetched page 11 from https://cxomatters.com/wp-json/wp/v2/media?page=11&per_page=100
2026-06-04 17:10:23,841 - INFO - Fetched page 1 from https://techwebtrends.com/wp-json/wp/v2/resources?page=1&per_page=100
2026-06-04 17:10:23,867 - INFO - Fetched page 14 from https://businessmediums.com/wp-json/wp/v2/media?page=14&per_page=100
2026-06-04 17:10:24,089 - INFO - Fetched page 14 from https://businessmediums.com/wp-json/wp/v2/media?page=14&per_page=100
2026-06-04 17:10:24,145 - INFO - Fetched page 1 from https://techwebtrends.com/wp-json/wp/v2/resources?page=1&per_page=100
2026-06-04 17:10:24,529 - INFO - No more pages: https://techwebtrends.com/wp-json/wp/v2/resources?page=2&per_page=100
2026-06-04 17:10:24,590 - INFO - No more pages: https://cxomatters.com/wp-json/wp/v2/media?page=13&per_page=100
2026-06-04 17:10:24,604 - INFO - No more pages: https://businessmediums.com/wp-json/wp/v2/media?page=15&per_page=100
2026-06-04 17:10:24,733 - INFO - No more pages: https://businessmediums.com/wp-json/wp/v2/media?page=15&per_page=100
2026-06-04 17:10:24,733 - INFO - No more pages: https://techwebtrends.com/wp-json/wp/v2/resources?page=2&per_page=100
2026-06-04 17:10:24,873 - INFO - Fetched page 12 from https://cxomatters.com/wp-json/wp/v2/media?page=12&per_page=100
2026-06-04 17:10:25,560 - INFO - No more pages: https://cxomatters.com/wp-json/wp/v2/media?page=13&per_page=100
2026-06-04 17:10:26,177 - INFO - Fetched page 1 from https://businessmediums.com/wp-json/wp/v2/resources?page=1&per_page=100
2026-06-04 17:10:26,190 - INFO - Fetched page 1 from https://cxomatters.com/wp-json/wp/v2/resources?page=1&per_page=100
2026-06-04 17:10:26,240 - INFO - Fetched page 1 from https://businessmediums.com/wp-json/wp/v2/resources?page=1&per_page=100
2026-06-04 17:10:26,804 - INFO - No more pages: https://businessmediums.com/wp-json/wp/v2/resources?page=2&per_page=100
2026-06-04 17:10:26,812 - INFO - No more pages: https://cxomatters.com/wp-json/wp/v2/resources?page=2&per_page=100
2026-06-04 17:10:26,887 - INFO - No more pages: https://businessmediums.com/wp-json/wp/v2/resources?page=2&per_page=100
2026-06-04 17:10:27,051 - INFO - Fetched page 1 from https://cxomatters.com/wp-json/wp/v2/resources?page=1&per_page=100
2026-06-04 17:10:27,676 - INFO - No more pages: https://cxomatters.com/wp-json/wp/v2/resources?page=2&per_page=100
2026-06-04 17:13:29,617 - INFO - Fetched page 1 from https://cxomatters.com/wp-json/wp/v2/posts?page=1&per_page=100
2026-06-04 17:13:29,852 - INFO - Fetched page 1 from https://thegrowthinsights.com/wp-json/wp/v2/posts?page=1&per_page=100
2026-06-04 17:13:30,015 - INFO - Fetched page 1 from https://techwebtrends.com/wp-json/wp/v2/posts?page=1&per_page=100
2026-06-04 17:13:30,088 - INFO - Fetched page 1 from https://businessmediums.com/wp-json/wp/v2/posts?page=1&per_page=100
2026-06-04 17:13:30,138 - INFO - Fetched page 1 from https://techmasternode.com/wp-json/wp/v2/posts?page=1&per_page=100
2026-06-04 17:13:30,266 - INFO - Fetched page 1 from https://cxomatters.com/wp-json/wp/v2/posts?page=1&per_page=100
2026-06-04 17:13:30,281 - INFO - Fetched page 1 from https://worldbusinesshour.com/wp-json/wp/v2/posts?page=1&per_page=100
2026-06-04 17:13:30,440 - INFO - Fetched page 1 from https://techwebtrends.com/wp-json/wp/v2/posts?page=1&per_page=100
2026-06-04 17:13:30,689 - INFO - Fetched page 1 from https://techmasternode.com/wp-json/wp/v2/posts?page=1&per_page=100
2026-06-04 17:13:30,704 - INFO - No more pages: https://businessmediums.com/wp-json/wp/v2/posts?page=2&per_page=100
2026-06-04 17:13:30,715 - INFO - Fetched page 1 from https://worldbusinesshour.com/wp-json/wp/v2/posts?page=1&per_page=100
2026-06-04 17:13:30,738 - INFO - Fetched page 1 from https://thegrowthinsights.com/wp-json/wp/v2/posts?page=1&per_page=100
2026-06-04 17:13:30,770 - INFO - Fetched page 1 from https://businessmediums.com/wp-json/wp/v2/posts?page=1&per_page=100
2026-06-04 17:13:31,222 - INFO - Fetched page 2 from https://cxomatters.com/wp-json/wp/v2/posts?page=2&per_page=100
2026-06-04 17:13:31,445 - INFO - Fetched page 2 from https://worldbusinesshour.com/wp-json/wp/v2/posts?page=2&per_page=100
2026-06-04 17:13:31,468 - INFO - No more pages: https://businessmediums.com/wp-json/wp/v2/posts?page=2&per_page=100
2026-06-04 17:13:31,530 - INFO - Fetched page 2 from https://thegrowthinsights.com/wp-json/wp/v2/posts?page=2&per_page=100
2026-06-04 17:13:31,611 - INFO - Fetched page 2 from https://techwebtrends.com/wp-json/wp/v2/posts?page=2&per_page=100
2026-06-04 17:13:31,881 - INFO - Fetched page 2 from https://worldbusinesshour.com/wp-json/wp/v2/posts?page=2&per_page=100
2026-06-04 17:13:31,929 - INFO - Fetched page 2 from https://techmasternode.com/wp-json/wp/v2/posts?page=2&per_page=100
2026-06-04 17:13:32,016 - INFO - Fetched page 3 from https://cxomatters.com/wp-json/wp/v2/posts?page=3&per_page=100
2026-06-04 17:13:32,091 - INFO - Fetched page 2 from https://cxomatters.com/wp-json/wp/v2/posts?page=2&per_page=100
2026-06-04 17:13:32,105 - INFO - No more pages: https://worldbusinesshour.com/wp-json/wp/v2/posts?page=3&per_page=100
2026-06-04 17:13:32,139 - INFO - No more pages: https://thegrowthinsights.com/wp-json/wp/v2/posts?page=3&per_page=100
2026-06-04 17:13:32,187 - INFO - Fetched page 1 from https://businessmediums.com/wp-json/wp/v2/pages?page=1&per_page=100
2026-06-04 17:13:32,329 - INFO - Fetched page 2 from https://techwebtrends.com/wp-json/wp/v2/posts?page=2&per_page=100
2026-06-04 17:13:32,416 - INFO - Fetched page 2 from https://thegrowthinsights.com/wp-json/wp/v2/posts?page=2&per_page=100
2026-06-04 17:13:32,495 - INFO - No more pages: https://worldbusinesshour.com/wp-json/wp/v2/posts?page=3&per_page=100
2026-06-04 17:13:32,662 - INFO - Fetched page 3 from https://techmasternode.com/wp-json/wp/v2/posts?page=3&per_page=100
2026-06-04 17:13:32,665 - INFO - No more pages: https://cxomatters.com/wp-json/wp/v2/posts?page=4&per_page=100
2026-06-04 17:13:32,832 - INFO - Fetched page 1 from https://businessmediums.com/wp-json/wp/v2/pages?page=1&per_page=100
2026-06-04 17:13:32,844 - INFO - Fetched page 3 from https://cxomatters.com/wp-json/wp/v2/posts?page=3&per_page=100
2026-06-04 17:13:32,875 - INFO - Fetched page 2 from https://techmasternode.com/wp-json/wp/v2/posts?page=2&per_page=100
2026-06-04 17:13:33,033 - INFO - No more pages: https://thegrowthinsights.com/wp-json/wp/v2/posts?page=3&per_page=100
2026-06-04 17:13:33,178 - INFO - Fetched page 3 from https://techwebtrends.com/wp-json/wp/v2/posts?page=3&per_page=100
2026-06-04 17:13:33,214 - INFO - No more pages: https://techmasternode.com/wp-json/wp/v2/posts?page=4&per_page=100
2026-06-04 17:13:33,448 - INFO - No more pages: https://cxomatters.com/wp-json/wp/v2/posts?page=4&per_page=100
2026-06-04 17:13:33,579 - INFO - Fetched page 3 from https://techwebtrends.com/wp-json/wp/v2/posts?page=3&per_page=100
2026-06-04 17:13:33,601 - INFO - Fetched page 1 from https://thegrowthinsights.com/wp-json/wp/v2/pages?page=1&per_page=100
2026-06-04 17:13:33,632 - INFO - Fetched page 3 from https://techmasternode.com/wp-json/wp/v2/posts?page=3&per_page=100
2026-06-04 17:13:33,711 - INFO - Fetched page 4 from https://techwebtrends.com/wp-json/wp/v2/posts?page=4&per_page=100
2026-06-04 17:13:33,847 - INFO - Fetched page 1 from https://cxomatters.com/wp-json/wp/v2/pages?page=1&per_page=100
2026-06-04 17:13:34,159 - INFO - No more pages: https://techmasternode.com/wp-json/wp/v2/posts?page=4&per_page=100
2026-06-04 17:13:34,162 - INFO - Fetched page 4 from https://techwebtrends.com/wp-json/wp/v2/posts?page=4&per_page=100
2026-06-04 17:13:34,216 - INFO - No more pages: https://techwebtrends.com/wp-json/wp/v2/posts?page=5&per_page=100
2026-06-04 17:13:34,219 - INFO - No more pages: https://thegrowthinsights.com/wp-json/wp/v2/pages?page=2&per_page=100
2026-06-04 17:13:34,433 - INFO - Fetched page 1 from https://worldbusinesshour.com/wp-json/wp/v2/pages?page=1&per_page=100
2026-06-04 17:13:34,462 - INFO - Fetched page 1 from https://thegrowthinsights.com/wp-json/wp/v2/pages?page=1&per_page=100
2026-06-04 17:13:34,600 - INFO - Fetched page 1 from https://cxomatters.com/wp-json/wp/v2/pages?page=1&per_page=100
2026-06-04 17:13:34,683 - INFO - Fetched page 2 from https://businessmediums.com/wp-json/wp/v2/pages?page=2&per_page=100
2026-06-04 17:13:34,732 - INFO - Fetched page 1 from https://techmasternode.com/wp-json/wp/v2/pages?page=1&per_page=100
2026-06-04 17:13:34,732 - INFO - No more pages: https://techwebtrends.com/wp-json/wp/v2/posts?page=5&per_page=100
2026-06-04 17:13:34,782 - INFO - Fetched page 1 from https://worldbusinesshour.com/wp-json/wp/v2/pages?page=1&per_page=100
2026-06-04 17:13:35,004 - INFO - No more pages: https://worldbusinesshour.com/wp-json/wp/v2/pages?page=2&per_page=100
2026-06-04 17:13:35,020 - INFO - Fetched page 2 from https://cxomatters.com/wp-json/wp/v2/pages?page=2&per_page=100
2026-06-04 17:13:35,084 - INFO - No more pages: https://thegrowthinsights.com/wp-json/wp/v2/pages?page=2&per_page=100
2026-06-04 17:13:35,220 - INFO - Fetched page 2 from https://businessmediums.com/wp-json/wp/v2/pages?page=2&per_page=100
2026-06-04 17:13:35,285 - INFO - No more pages: https://techmasternode.com/wp-json/wp/v2/pages?page=2&per_page=100
2026-06-04 17:13:35,307 - INFO - No more pages: https://businessmediums.com/wp-json/wp/v2/pages?page=3&per_page=100
2026-06-04 17:13:35,362 - INFO - Fetched page 1 from https://techwebtrends.com/wp-json/wp/v2/pages?page=1&per_page=100
2026-06-04 17:13:35,377 - INFO - No more pages: https://worldbusinesshour.com/wp-json/wp/v2/pages?page=2&per_page=100
2026-06-04 17:13:35,720 - INFO - Fetched page 1 from https://techmasternode.com/wp-json/wp/v2/pages?page=1&per_page=100
2026-06-04 17:13:35,794 - INFO - Fetched page 2 from https://cxomatters.com/wp-json/wp/v2/pages?page=2&per_page=100
2026-06-04 17:13:35,900 - INFO - No more pages: https://businessmediums.com/wp-json/wp/v2/pages?page=3&per_page=100
2026-06-04 17:13:35,913 - INFO - Fetched page 1 from https://thegrowthinsights.com/wp-json/wp/v2/media?page=1&per_page=100
2026-06-04 17:13:35,939 - INFO - Fetched page 1 from https://techwebtrends.com/wp-json/wp/v2/pages?page=1&per_page=100
2026-06-04 17:13:36,025 - INFO - Fetched page 1 from https://worldbusinesshour.com/wp-json/wp/v2/media?page=1&per_page=100
2026-06-04 17:13:36,224 - INFO - Fetched page 3 from https://cxomatters.com/wp-json/wp/v2/pages?page=3&per_page=100
2026-06-04 17:13:36,275 - INFO - No more pages: https://techmasternode.com/wp-json/wp/v2/pages?page=2&per_page=100
2026-06-04 17:13:36,424 - INFO - Fetched page 1 from https://worldbusinesshour.com/wp-json/wp/v2/media?page=1&per_page=100
2026-06-04 17:13:36,470 - INFO - Fetched page 1 from https://techmasternode.com/wp-json/wp/v2/media?page=1&per_page=100
2026-06-04 17:13:36,786 - INFO - Fetched page 1 from https://businessmediums.com/wp-json/wp/v2/pages?page=1&per_page=100
2026-06-04 17:13:36,814 - INFO - Fetched page 1 from https://thegrowthinsights.com/wp-json/wp/v2/media?page=1&per_page=100
2026-06-04 17:13:36,826 - INFO - No more pages: https://cxomatters.com/wp-json/wp/v2/pages?page=4&per_page=100
2026-06-04 17:13:37,063 - INFO - Fetched page 3 from https://cxomatters.com/wp-json/wp/v2/pages?page=3&per_page=100
2026-06-04 17:13:37,124 - INFO - Fetched page 2 from https://worldbusinesshour.com/wp-json/wp/v2/media?page=2&per_page=100
2026-06-04 17:13:37,266 - INFO - Fetched page 1 from https://businessmediums.com/wp-json/wp/v2/pages?page=1&per_page=100
2026-06-04 17:13:37,407 - INFO - Fetched page 1 from https://techmasternode.com/wp-json/wp/v2/media?page=1&per_page=100
2026-06-04 17:13:37,460 - INFO - Fetched page 2 from https://worldbusinesshour.com/wp-json/wp/v2/media?page=2&per_page=100
2026-06-04 17:13:37,589 - INFO - Fetched page 2 from https://thegrowthinsights.com/wp-json/wp/v2/media?page=2&per_page=100
2026-06-04 17:13:37,673 - INFO - No more pages: https://cxomatters.com/wp-json/wp/v2/pages?page=4&per_page=100
2026-06-04 17:13:37,676 - INFO - Fetched page 2 from https://techmasternode.com/wp-json/wp/v2/media?page=2&per_page=100
2026-06-04 17:13:37,866 - INFO - Fetched page 1 from https://cxomatters.com/wp-json/wp/v2/media?page=1&per_page=100
2026-06-04 17:13:37,890 - INFO - Fetched page 2 from https://techwebtrends.com/wp-json/wp/v2/pages?page=2&per_page=100
2026-06-04 17:13:38,165 - INFO - Fetched page 3 from https://worldbusinesshour.com/wp-json/wp/v2/media?page=3&per_page=100
2026-06-04 17:13:38,355 - INFO - Fetched page 2 from https://techwebtrends.com/wp-json/wp/v2/pages?page=2&per_page=100
2026-06-04 17:13:38,379 - INFO - No more pages: https://techwebtrends.com/wp-json/wp/v2/pages?page=3&per_page=100
2026-06-04 17:13:38,485 - INFO - Fetched page 2 from https://techmasternode.com/wp-json/wp/v2/media?page=2&per_page=100
2026-06-04 17:13:38,521 - INFO - Fetched page 2 from https://thegrowthinsights.com/wp-json/wp/v2/media?page=2&per_page=100
2026-06-04 17:13:38,535 - INFO - Fetched page 3 from https://worldbusinesshour.com/wp-json/wp/v2/media?page=3&per_page=100
2026-06-04 17:13:38,739 - INFO - Fetched page 1 from https://cxomatters.com/wp-json/wp/v2/media?page=1&per_page=100
2026-06-04 17:13:38,771 - INFO - Fetched page 3 from https://techmasternode.com/wp-json/wp/v2/media?page=3&per_page=100
2026-06-04 17:13:38,907 - INFO - Fetched page 2 from https://cxomatters.com/wp-json/wp/v2/media?page=2&per_page=100
2026-06-04 17:13:38,915 - INFO - No more pages: https://techwebtrends.com/wp-json/wp/v2/pages?page=3&per_page=100
2026-06-04 17:13:38,939 - INFO - Fetched page 4 from https://worldbusinesshour.com/wp-json/wp/v2/media?page=4&per_page=100
2026-06-04 17:13:39,085 - INFO - Fetched page 2 from https://businessmediums.com/wp-json/wp/v2/pages?page=2&per_page=100
2026-06-04 17:13:39,286 - INFO - Fetched page 3 from https://thegrowthinsights.com/wp-json/wp/v2/media?page=3&per_page=100
2026-06-04 17:13:39,297 - INFO - Fetched page 1 from https://techwebtrends.com/wp-json/wp/v2/media?page=1&per_page=100
2026-06-04 17:13:39,346 - INFO - Fetched page 4 from https://worldbusinesshour.com/wp-json/wp/v2/media?page=4&per_page=100
2026-06-04 17:13:39,517 - INFO - Fetched page 3 from https://techmasternode.com/wp-json/wp/v2/media?page=3&per_page=100
2026-06-04 17:13:39,591 - INFO - Fetched page 2 from https://businessmediums.com/wp-json/wp/v2/pages?page=2&per_page=100
2026-06-04 17:13:39,684 - INFO - No more pages: https://businessmediums.com/wp-json/wp/v2/pages?page=3&per_page=100
2026-06-04 17:13:39,692 - INFO - API changes detected in Business Mediums - pages
2026-06-04 17:13:39,766 - INFO - Fetched page 4 from https://techmasternode.com/wp-json/wp/v2/media?page=4&per_page=100
2026-06-04 17:13:39,837 - INFO - Fetched page 2 from https://cxomatters.com/wp-json/wp/v2/media?page=2&per_page=100
2026-06-04 17:13:39,871 - INFO - Fetched page 1 from https://techwebtrends.com/wp-json/wp/v2/media?page=1&per_page=100
2026-06-04 17:13:40,008 - INFO - Fetched page 5 from https://worldbusinesshour.com/wp-json/wp/v2/media?page=5&per_page=100
2026-06-04 17:13:40,132 - INFO - Fetched page 3 from https://cxomatters.com/wp-json/wp/v2/media?page=3&per_page=100
2026-06-04 17:13:40,173 - INFO - No more pages: https://businessmediums.com/wp-json/wp/v2/pages?page=3&per_page=100
2026-06-04 17:13:40,185 - INFO - API changes detected in Business Mediums - pages
2026-06-04 17:13:40,217 - INFO - Fetched page 3 from https://thegrowthinsights.com/wp-json/wp/v2/media?page=3&per_page=100
2026-06-04 17:13:40,236 - INFO - Fetched page 2 from https://techwebtrends.com/wp-json/wp/v2/media?page=2&per_page=100
2026-06-04 17:13:40,382 - INFO - Fetched page 5 from https://worldbusinesshour.com/wp-json/wp/v2/media?page=5&per_page=100
2026-06-04 17:13:40,491 - INFO - Fetched page 5 from https://techmasternode.com/wp-json/wp/v2/media?page=5&per_page=100
2026-06-04 17:13:40,623 - INFO - Fetched page 4 from https://techmasternode.com/wp-json/wp/v2/media?page=4&per_page=100
2026-06-04 17:13:40,697 - INFO - Fetched page 4 from https://thegrowthinsights.com/wp-json/wp/v2/media?page=4&per_page=100
2026-06-04 17:13:40,810 - INFO - Fetched page 2 from https://techwebtrends.com/wp-json/wp/v2/media?page=2&per_page=100
2026-06-04 17:13:40,816 - INFO - Fetched page 1 from https://businessmediums.com/wp-json/wp/v2/media?page=1&per_page=100
2026-06-04 17:13:40,920 - INFO - Fetched page 3 from https://cxomatters.com/wp-json/wp/v2/media?page=3&per_page=100
2026-06-04 17:13:41,064 - INFO - Fetched page 6 from https://worldbusinesshour.com/wp-json/wp/v2/media?page=6&per_page=100
2026-06-04 17:13:41,144 - INFO - Fetched page 4 from https://cxomatters.com/wp-json/wp/v2/media?page=4&per_page=100
2026-06-04 17:13:41,147 - INFO - Fetched page 3 from https://techwebtrends.com/wp-json/wp/v2/media?page=3&per_page=100
2026-06-04 17:13:41,210 - INFO - Fetched page 1 from https://businessmediums.com/wp-json/wp/v2/media?page=1&per_page=100
2026-06-04 17:13:41,355 - INFO - Fetched page 5 from https://techmasternode.com/wp-json/wp/v2/media?page=5&per_page=100
2026-06-04 17:13:41,402 - INFO - Fetched page 6 from https://worldbusinesshour.com/wp-json/wp/v2/media?page=6&per_page=100
2026-06-04 17:13:41,539 - INFO - Fetched page 6 from https://techmasternode.com/wp-json/wp/v2/media?page=6&per_page=100
2026-06-04 17:13:41,705 - INFO - Fetched page 7 from https://worldbusinesshour.com/wp-json/wp/v2/media?page=7&per_page=100
2026-06-04 17:13:41,709 - INFO - Fetched page 3 from https://techwebtrends.com/wp-json/wp/v2/media?page=3&per_page=100
2026-06-04 17:13:41,803 - INFO - Fetched page 4 from https://techwebtrends.com/wp-json/wp/v2/media?page=4&per_page=100
2026-06-04 17:13:41,839 - INFO - Fetched page 2 from https://businessmediums.com/wp-json/wp/v2/media?page=2&per_page=100
2026-06-04 17:13:41,920 - INFO - Fetched page 4 from https://cxomatters.com/wp-json/wp/v2/media?page=4&per_page=100
2026-06-04 17:13:41,949 - INFO - Fetched page 5 from https://thegrowthinsights.com/wp-json/wp/v2/media?page=5&per_page=100
2026-06-04 17:13:42,008 - INFO - Fetched page 7 from https://worldbusinesshour.com/wp-json/wp/v2/media?page=7&per_page=100
2026-06-04 17:13:42,069 - INFO - Fetched page 4 from https://thegrowthinsights.com/wp-json/wp/v2/media?page=4&per_page=100
2026-06-04 17:13:42,167 - INFO - Fetched page 2 from https://businessmediums.com/wp-json/wp/v2/media?page=2&per_page=100
2026-06-04 17:13:42,187 - INFO - Fetched page 5 from https://cxomatters.com/wp-json/wp/v2/media?page=5&per_page=100
2026-06-04 17:13:42,223 - INFO - Fetched page 7 from https://techmasternode.com/wp-json/wp/v2/media?page=7&per_page=100
2026-06-04 17:13:42,310 - INFO - No more pages: https://worldbusinesshour.com/wp-json/wp/v2/media?page=8&per_page=100
2026-06-04 17:13:42,358 - INFO - Fetched page 6 from https://techmasternode.com/wp-json/wp/v2/media?page=6&per_page=100
2026-06-04 17:13:42,417 - INFO - Fetched page 4 from https://techwebtrends.com/wp-json/wp/v2/media?page=4&per_page=100
2026-06-04 17:13:42,554 - INFO - Fetched page 3 from https://businessmediums.com/wp-json/wp/v2/media?page=3&per_page=100
2026-06-04 17:13:42,604 - INFO - No more pages: https://worldbusinesshour.com/wp-json/wp/v2/media?page=8&per_page=100
2026-06-04 17:13:42,769 - INFO - Fetched page 5 from https://techwebtrends.com/wp-json/wp/v2/media?page=5&per_page=100
2026-06-04 17:13:42,773 - INFO - No more pages: https://techmasternode.com/wp-json/wp/v2/media?page=8&per_page=100
2026-06-04 17:13:42,866 - INFO - Fetched page 3 from https://businessmediums.com/wp-json/wp/v2/media?page=3&per_page=100
2026-06-04 17:13:43,021 - INFO - Fetched page 7 from https://techmasternode.com/wp-json/wp/v2/media?page=7&per_page=100
2026-06-04 17:13:43,025 - INFO - Fetched page 6 from https://thegrowthinsights.com/wp-json/wp/v2/media?page=6&per_page=100
2026-06-04 17:13:43,048 - INFO - Fetched page 5 from https://cxomatters.com/wp-json/wp/v2/media?page=5&per_page=100
2026-06-04 17:13:43,310 - INFO - Fetched page 5 from https://thegrowthinsights.com/wp-json/wp/v2/media?page=5&per_page=100
2026-06-04 17:13:43,330 - INFO - Fetched page 5 from https://techwebtrends.com/wp-json/wp/v2/media?page=5&per_page=100
2026-06-04 17:13:43,337 - INFO - Fetched page 6 from https://cxomatters.com/wp-json/wp/v2/media?page=6&per_page=100
2026-06-04 17:13:43,446 - INFO - Fetched page 6 from https://techwebtrends.com/wp-json/wp/v2/media?page=6&per_page=100
2026-06-04 17:13:43,547 - INFO - No more pages: https://techmasternode.com/wp-json/wp/v2/media?page=8&per_page=100
2026-06-04 17:13:43,564 - INFO - Fetched page 4 from https://businessmediums.com/wp-json/wp/v2/media?page=4&per_page=100
2026-06-04 17:13:43,772 - INFO - Fetched page 7 from https://thegrowthinsights.com/wp-json/wp/v2/media?page=7&per_page=100
2026-06-04 17:13:43,836 - INFO - Fetched page 1 from https://worldbusinesshour.com/wp-json/wp/v2/resources?page=1&per_page=100
2026-06-04 17:13:43,897 - INFO - Fetched page 4 from https://businessmediums.com/wp-json/wp/v2/media?page=4&per_page=100
2026-06-04 17:13:43,956 - INFO - Fetched page 6 from https://techwebtrends.com/wp-json/wp/v2/media?page=6&per_page=100
2026-06-04 17:13:44,048 - INFO - Fetched page 7 from https://techwebtrends.com/wp-json/wp/v2/media?page=7&per_page=100
2026-06-04 17:13:44,072 - INFO - Fetched page 1 from https://worldbusinesshour.com/wp-json/wp/v2/resources?page=1&per_page=100
2026-06-04 17:13:44,092 - INFO - Fetched page 6 from https://cxomatters.com/wp-json/wp/v2/media?page=6&per_page=100
2026-06-04 17:13:44,260 - INFO - Fetched page 1 from https://techmasternode.com/wp-json/wp/v2/resources?page=1&per_page=100
2026-06-04 17:13:44,297 - INFO - Fetched page 5 from https://businessmediums.com/wp-json/wp/v2/media?page=5&per_page=100
2026-06-04 17:13:44,354 - INFO - No more pages: https://thegrowthinsights.com/wp-json/wp/v2/media?page=8&per_page=100
2026-06-04 17:13:44,373 - INFO - Fetched page 7 from https://cxomatters.com/wp-json/wp/v2/media?page=7&per_page=100
2026-06-04 17:13:44,393 - INFO - Fetched page 6 from https://thegrowthinsights.com/wp-json/wp/v2/media?page=6&per_page=100
2026-06-04 17:13:44,438 - INFO - No more pages: https://worldbusinesshour.com/wp-json/wp/v2/resources?page=2&per_page=100
2026-06-04 17:13:44,593 - INFO - Fetched page 7 from https://techwebtrends.com/wp-json/wp/v2/media?page=7&per_page=100
2026-06-04 17:13:44,607 - INFO - Fetched page 5 from https://businessmediums.com/wp-json/wp/v2/media?page=5&per_page=100
2026-06-04 17:13:44,655 - INFO - No more pages: https://worldbusinesshour.com/wp-json/wp/v2/resources?page=2&per_page=100
2026-06-04 17:13:44,778 - INFO - No more pages: https://techmasternode.com/wp-json/wp/v2/resources?page=2&per_page=100
2026-06-04 17:13:44,965 - INFO - Fetched page 1 from https://techmasternode.com/wp-json/wp/v2/resources?page=1&per_page=100
2026-06-04 17:13:44,983 - INFO - Fetched page 8 from https://techwebtrends.com/wp-json/wp/v2/media?page=8&per_page=100
2026-06-04 17:13:45,051 - INFO - Fetched page 6 from https://businessmediums.com/wp-json/wp/v2/media?page=6&per_page=100
2026-06-04 17:13:45,136 - INFO - Fetched page 7 from https://thegrowthinsights.com/wp-json/wp/v2/media?page=7&per_page=100
2026-06-04 17:13:45,193 - INFO - Fetched page 7 from https://cxomatters.com/wp-json/wp/v2/media?page=7&per_page=100
2026-06-04 17:13:45,326 - INFO - Fetched page 8 from https://cxomatters.com/wp-json/wp/v2/media?page=8&per_page=100
2026-06-04 17:13:45,352 - INFO - Fetched page 6 from https://businessmediums.com/wp-json/wp/v2/media?page=6&per_page=100
2026-06-04 17:13:45,521 - INFO - Fetched page 8 from https://techwebtrends.com/wp-json/wp/v2/media?page=8&per_page=100
2026-06-04 17:13:45,537 - INFO - No more pages: https://techmasternode.com/wp-json/wp/v2/resources?page=2&per_page=100
2026-06-04 17:13:45,574 - INFO - Fetched page 9 from https://techwebtrends.com/wp-json/wp/v2/media?page=9&per_page=100
2026-06-04 17:13:45,718 - INFO - No more pages: https://thegrowthinsights.com/wp-json/wp/v2/media?page=8&per_page=100
2026-06-04 17:13:45,810 - INFO - Fetched page 1 from https://thegrowthinsights.com/wp-json/wp/v2/resources?page=1&per_page=100
2026-06-04 17:13:45,937 - INFO - Fetched page 8 from https://cxomatters.com/wp-json/wp/v2/media?page=8&per_page=100
2026-06-04 17:13:46,077 - INFO - Fetched page 9 from https://cxomatters.com/wp-json/wp/v2/media?page=9&per_page=100
2026-06-04 17:13:46,108 - INFO - Fetched page 9 from https://techwebtrends.com/wp-json/wp/v2/media?page=9&per_page=100
2026-06-04 17:13:46,111 - INFO - Fetched page 7 from https://businessmediums.com/wp-json/wp/v2/media?page=7&per_page=100
2026-06-04 17:13:46,142 - INFO - Fetched page 10 from https://techwebtrends.com/wp-json/wp/v2/media?page=10&per_page=100
2026-06-04 17:13:46,328 - INFO - Fetched page 7 from https://businessmediums.com/wp-json/wp/v2/media?page=7&per_page=100
2026-06-04 17:13:46,429 - INFO - No more pages: https://thegrowthinsights.com/wp-json/wp/v2/resources?page=2&per_page=100
2026-06-04 17:13:46,622 - INFO - No more pages: https://techwebtrends.com/wp-json/wp/v2/media?page=11&per_page=100
2026-06-04 17:13:46,652 - INFO - Fetched page 9 from https://cxomatters.com/wp-json/wp/v2/media?page=9&per_page=100
2026-06-04 17:13:46,661 - INFO - Fetched page 10 from https://techwebtrends.com/wp-json/wp/v2/media?page=10&per_page=100
2026-06-04 17:13:47,052 - INFO - Fetched page 8 from https://businessmediums.com/wp-json/wp/v2/media?page=8&per_page=100
2026-06-04 17:13:47,098 - INFO - Fetched page 10 from https://cxomatters.com/wp-json/wp/v2/media?page=10&per_page=100
2026-06-04 17:13:47,124 - INFO - Fetched page 1 from https://thegrowthinsights.com/wp-json/wp/v2/resources?page=1&per_page=100
2026-06-04 17:13:47,178 - INFO - No more pages: https://techwebtrends.com/wp-json/wp/v2/media?page=11&per_page=100
2026-06-04 17:13:47,329 - INFO - Fetched page 8 from https://businessmediums.com/wp-json/wp/v2/media?page=8&per_page=100
2026-06-04 17:13:47,675 - INFO - Fetched page 10 from https://cxomatters.com/wp-json/wp/v2/media?page=10&per_page=100
2026-06-04 17:13:47,741 - INFO - No more pages: https://thegrowthinsights.com/wp-json/wp/v2/resources?page=2&per_page=100
2026-06-04 17:13:47,792 - INFO - Fetched page 9 from https://businessmediums.com/wp-json/wp/v2/media?page=9&per_page=100
2026-06-04 17:13:47,868 - INFO - Fetched page 11 from https://cxomatters.com/wp-json/wp/v2/media?page=11&per_page=100
2026-06-04 17:13:48,063 - INFO - Fetched page 1 from https://techwebtrends.com/wp-json/wp/v2/resources?page=1&per_page=100
2026-06-04 17:13:48,177 - INFO - Fetched page 9 from https://businessmediums.com/wp-json/wp/v2/media?page=9&per_page=100
2026-06-04 17:13:48,439 - INFO - Fetched page 11 from https://cxomatters.com/wp-json/wp/v2/media?page=11&per_page=100
2026-06-04 17:13:48,553 - INFO - No more pages: https://techwebtrends.com/wp-json/wp/v2/resources?page=2&per_page=100
2026-06-04 17:13:48,629 - INFO - Fetched page 12 from https://cxomatters.com/wp-json/wp/v2/media?page=12&per_page=100
2026-06-04 17:13:48,649 - INFO - Fetched page 1 from https://techwebtrends.com/wp-json/wp/v2/resources?page=1&per_page=100
2026-06-04 17:13:48,821 - INFO - Fetched page 10 from https://businessmediums.com/wp-json/wp/v2/media?page=10&per_page=100
2026-06-04 17:13:49,053 - INFO - Fetched page 12 from https://cxomatters.com/wp-json/wp/v2/media?page=12&per_page=100
2026-06-04 17:13:49,116 - INFO - Fetched page 10 from https://businessmediums.com/wp-json/wp/v2/media?page=10&per_page=100
2026-06-04 17:13:49,186 - INFO - No more pages: https://cxomatters.com/wp-json/wp/v2/media?page=13&per_page=100
2026-06-04 17:13:49,201 - INFO - No more pages: https://techwebtrends.com/wp-json/wp/v2/resources?page=2&per_page=100
2026-06-04 17:13:49,628 - INFO - No more pages: https://cxomatters.com/wp-json/wp/v2/media?page=13&per_page=100
2026-06-04 17:13:49,831 - INFO - Fetched page 11 from https://businessmediums.com/wp-json/wp/v2/media?page=11&per_page=100
2026-06-04 17:13:50,104 - INFO - Fetched page 11 from https://businessmediums.com/wp-json/wp/v2/media?page=11&per_page=100
2026-06-04 17:13:50,517 - INFO - Fetched page 1 from https://cxomatters.com/wp-json/wp/v2/resources?page=1&per_page=100
2026-06-04 17:13:50,829 - INFO - Fetched page 12 from https://businessmediums.com/wp-json/wp/v2/media?page=12&per_page=100
2026-06-04 17:13:51,296 - INFO - No more pages: https://cxomatters.com/wp-json/wp/v2/resources?page=2&per_page=100
2026-06-04 17:13:51,308 - INFO - Fetched page 1 from https://cxomatters.com/wp-json/wp/v2/resources?page=1&per_page=100
2026-06-04 17:13:51,340 - INFO - Fetched page 12 from https://businessmediums.com/wp-json/wp/v2/media?page=12&per_page=100
2026-06-04 17:13:51,862 - INFO - No more pages: https://cxomatters.com/wp-json/wp/v2/resources?page=2&per_page=100
2026-06-04 17:13:52,377 - INFO - Fetched page 13 from https://businessmediums.com/wp-json/wp/v2/media?page=13&per_page=100
2026-06-04 17:13:52,929 - INFO - Fetched page 13 from https://businessmediums.com/wp-json/wp/v2/media?page=13&per_page=100
2026-06-04 17:13:53,328 - INFO - Fetched page 14 from https://businessmediums.com/wp-json/wp/v2/media?page=14&per_page=100
2026-06-04 17:13:53,911 - INFO - Fetched page 14 from https://businessmediums.com/wp-json/wp/v2/media?page=14&per_page=100
2026-06-04 17:13:54,359 - INFO - No more pages: https://businessmediums.com/wp-json/wp/v2/media?page=15&per_page=100
2026-06-04 17:13:55,597 - INFO - No more pages: https://businessmediums.com/wp-json/wp/v2/media?page=15&per_page=100
2026-06-04 17:13:55,893 - INFO - Fetched page 1 from https://businessmediums.com/wp-json/wp/v2/resources?page=1&per_page=100
2026-06-04 17:13:56,522 - INFO - No more pages: https://businessmediums.com/wp-json/wp/v2/resources?page=2&per_page=100
2026-06-04 17:13:57,002 - INFO - Fetched page 1 from https://businessmediums.com/wp-json/wp/v2/resources?page=1&per_page=100
2026-06-04 17:13:57,658 - INFO - No more pages: https://businessmediums.com/wp-json/wp/v2/resources?page=2&per_page=100
2026-06-04 17:13:57,895 - INFO - Fetched page 1 from https://businessmediums.com/wp-json/wp/v2/pages?page=1&per_page=100
2026-06-04 17:13:58,998 - INFO - Fetched page 1 from https://businessmediums.com/wp-json/wp/v2/pages?page=1&per_page=100
2026-06-04 17:14:00,228 - INFO - Fetched page 2 from https://businessmediums.com/wp-json/wp/v2/pages?page=2&per_page=100
2026-06-04 17:14:00,869 - INFO - No more pages: https://businessmediums.com/wp-json/wp/v2/pages?page=3&per_page=100
2026-06-04 17:14:00,872 - INFO - API changes detected in Business Mediums - pages
2026-06-04 17:14:01,404 - INFO - Fetched page 2 from https://businessmediums.com/wp-json/wp/v2/pages?page=2&per_page=100
2026-06-04 17:14:02,063 - INFO - No more pages: https://businessmediums.com/wp-json/wp/v2/pages?page=3&per_page=100
2026-06-04 17:14:02,067 - INFO - API changes detected in Business Mediums - pages
2026-06-04 17:17:03,819 - INFO - Fetched page 1 from https://cxomatters.com/wp-json/wp/v2/posts?page=1&per_page=100
2026-06-04 17:17:03,885 - INFO - Fetched page 1 from https://techwebtrends.com/wp-json/wp/v2/posts?page=1&per_page=100
2026-06-04 17:17:04,042 - INFO - Fetched page 1 from https://worldbusinesshour.com/wp-json/wp/v2/posts?page=1&per_page=100
2026-06-04 17:17:04,134 - INFO - Fetched page 1 from https://techmasternode.com/wp-json/wp/v2/posts?page=1&per_page=100
2026-06-04 17:17:04,375 - INFO - Fetched page 1 from https://thegrowthinsights.com/wp-json/wp/v2/posts?page=1&per_page=100
2026-06-04 17:17:04,557 - INFO - Fetched page 1 from https://cxomatters.com/wp-json/wp/v2/posts?page=1&per_page=100
2026-06-04 17:17:04,704 - INFO - Fetched page 1 from https://techwebtrends.com/wp-json/wp/v2/posts?page=1&per_page=100
2026-06-04 17:17:04,728 - INFO - Fetched page 1 from https://thegrowthinsights.com/wp-json/wp/v2/posts?page=1&per_page=100
2026-06-04 17:17:05,004 - INFO - Fetched page 1 from https://worldbusinesshour.com/wp-json/wp/v2/posts?page=1&per_page=100
2026-06-04 17:17:05,119 - INFO - Fetched page 1 from https://techmasternode.com/wp-json/wp/v2/posts?page=1&per_page=100
2026-06-04 17:17:05,196 - INFO - Fetched page 2 from https://worldbusinesshour.com/wp-json/wp/v2/posts?page=2&per_page=100
2026-06-04 17:17:05,474 - INFO - Fetched page 2 from https://cxomatters.com/wp-json/wp/v2/posts?page=2&per_page=100
2026-06-04 17:17:05,536 - INFO - Fetched page 2 from https://techwebtrends.com/wp-json/wp/v2/posts?page=2&per_page=100
2026-06-04 17:17:05,843 - INFO - No more pages: https://worldbusinesshour.com/wp-json/wp/v2/posts?page=3&per_page=100
2026-06-04 17:17:06,054 - INFO - Fetched page 2 from https://thegrowthinsights.com/wp-json/wp/v2/posts?page=2&per_page=100
2026-06-04 17:17:06,123 - INFO - Fetched page 2 from https://worldbusinesshour.com/wp-json/wp/v2/posts?page=2&per_page=100
2026-06-04 17:17:06,175 - INFO - Fetched page 3 from https://cxomatters.com/wp-json/wp/v2/posts?page=3&per_page=100
2026-06-04 17:17:06,215 - INFO - Fetched page 2 from https://techmasternode.com/wp-json/wp/v2/posts?page=2&per_page=100
2026-06-04 17:17:06,244 - INFO - Fetched page 2 from https://cxomatters.com/wp-json/wp/v2/posts?page=2&per_page=100
2026-06-04 17:17:06,380 - INFO - Fetched page 2 from https://thegrowthinsights.com/wp-json/wp/v2/posts?page=2&per_page=100
2026-06-04 17:17:06,504 - INFO - Fetched page 2 from https://techwebtrends.com/wp-json/wp/v2/posts?page=2&per_page=100
2026-06-04 17:17:06,659 - INFO - No more pages: https://thegrowthinsights.com/wp-json/wp/v2/posts?page=3&per_page=100
2026-06-04 17:17:06,712 - INFO - No more pages: https://worldbusinesshour.com/wp-json/wp/v2/posts?page=3&per_page=100
2026-06-04 17:17:06,844 - INFO - No more pages: https://cxomatters.com/wp-json/wp/v2/posts?page=4&per_page=100
2026-06-04 17:17:06,938 - INFO - Fetched page 3 from https://cxomatters.com/wp-json/wp/v2/posts?page=3&per_page=100
2026-06-04 17:17:06,994 - INFO - No more pages: https://thegrowthinsights.com/wp-json/wp/v2/posts?page=3&per_page=100
2026-06-04 17:17:07,027 - INFO - Fetched page 3 from https://techmasternode.com/wp-json/wp/v2/posts?page=3&per_page=100
2026-06-04 17:17:07,067 - INFO - Fetched page 2 from https://techmasternode.com/wp-json/wp/v2/posts?page=2&per_page=100
2026-06-04 17:17:07,125 - INFO - Fetched page 3 from https://techwebtrends.com/wp-json/wp/v2/posts?page=3&per_page=100
2026-06-04 17:17:07,576 - INFO - No more pages: https://cxomatters.com/wp-json/wp/v2/posts?page=4&per_page=100
2026-06-04 17:17:07,602 - INFO - No more pages: https://techmasternode.com/wp-json/wp/v2/posts?page=4&per_page=100
2026-06-04 17:17:07,790 - INFO - Fetched page 4 from https://techwebtrends.com/wp-json/wp/v2/posts?page=4&per_page=100
2026-06-04 17:17:07,985 - INFO - Fetched page 3 from https://techmasternode.com/wp-json/wp/v2/posts?page=3&per_page=100
2026-06-04 17:17:08,088 - INFO - Fetched page 1 from https://cxomatters.com/wp-json/wp/v2/pages?page=1&per_page=100
2026-06-04 17:17:08,234 - INFO - Fetched page 3 from https://techwebtrends.com/wp-json/wp/v2/posts?page=3&per_page=100
2026-06-04 17:17:08,234 - INFO - Fetched page 1 from https://worldbusinesshour.com/wp-json/wp/v2/pages?page=1&per_page=100
2026-06-04 17:17:08,297 - INFO - Fetched page 1 from https://thegrowthinsights.com/wp-json/wp/v2/pages?page=1&per_page=100
2026-06-04 17:17:08,392 - INFO - No more pages: https://techwebtrends.com/wp-json/wp/v2/posts?page=5&per_page=100
2026-06-04 17:17:08,471 - INFO - Fetched page 1 from https://thegrowthinsights.com/wp-json/wp/v2/pages?page=1&per_page=100
2026-06-04 17:17:08,556 - INFO - No more pages: https://techmasternode.com/wp-json/wp/v2/posts?page=4&per_page=100
2026-06-04 17:17:08,822 - INFO - Fetched page 1 from https://cxomatters.com/wp-json/wp/v2/pages?page=1&per_page=100
2026-06-04 17:17:08,875 - INFO - No more pages: https://worldbusinesshour.com/wp-json/wp/v2/pages?page=2&per_page=100
2026-06-04 17:17:08,934 - INFO - Fetched page 4 from https://techwebtrends.com/wp-json/wp/v2/posts?page=4&per_page=100
2026-06-04 17:17:08,936 - INFO - No more pages: https://thegrowthinsights.com/wp-json/wp/v2/pages?page=2&per_page=100
2026-06-04 17:17:09,066 - INFO - No more pages: https://thegrowthinsights.com/wp-json/wp/v2/pages?page=2&per_page=100
2026-06-04 17:17:09,085 - INFO - Fetched page 1 from https://worldbusinesshour.com/wp-json/wp/v2/pages?page=1&per_page=100
2026-06-04 17:17:09,298 - INFO - Fetched page 2 from https://cxomatters.com/wp-json/wp/v2/pages?page=2&per_page=100
2026-06-04 17:17:09,478 - INFO - No more pages: https://techwebtrends.com/wp-json/wp/v2/posts?page=5&per_page=100
2026-06-04 17:17:09,677 - INFO - Fetched page 1 from https://techwebtrends.com/wp-json/wp/v2/pages?page=1&per_page=100
2026-06-04 17:17:09,746 - INFO - No more pages: https://worldbusinesshour.com/wp-json/wp/v2/pages?page=2&per_page=100
2026-06-04 17:17:09,804 - INFO - Fetched page 1 from https://techmasternode.com/wp-json/wp/v2/pages?page=1&per_page=100
2026-06-04 17:17:09,924 - INFO - Fetched page 1 from https://worldbusinesshour.com/wp-json/wp/v2/media?page=1&per_page=100
2026-06-04 17:17:10,120 - INFO - Fetched page 2 from https://cxomatters.com/wp-json/wp/v2/pages?page=2&per_page=100
2026-06-04 17:17:10,176 - INFO - Fetched page 1 from https://businessmediums.com/wp-json/wp/v2/posts?page=1&per_page=100
2026-06-04 17:17:10,364 - INFO - Fetched page 1 from https://businessmediums.com/wp-json/wp/v2/posts?page=1&per_page=100
2026-06-04 17:17:10,386 - INFO - No more pages: https://techmasternode.com/wp-json/wp/v2/pages?page=2&per_page=100
2026-06-04 17:17:10,528 - INFO - Fetched page 3 from https://cxomatters.com/wp-json/wp/v2/pages?page=3&per_page=100
2026-06-04 17:17:10,576 - INFO - Fetched page 1 from https://techmasternode.com/wp-json/wp/v2/pages?page=1&per_page=100
2026-06-04 17:17:10,666 - INFO - Fetched page 1 from https://thegrowthinsights.com/wp-json/wp/v2/media?page=1&per_page=100
2026-06-04 17:17:10,680 - INFO - Fetched page 1 from https://techwebtrends.com/wp-json/wp/v2/pages?page=1&per_page=100
2026-06-04 17:17:10,794 - INFO - Fetched page 1 from https://thegrowthinsights.com/wp-json/wp/v2/media?page=1&per_page=100
2026-06-04 17:17:10,805 - INFO - Fetched page 1 from https://worldbusinesshour.com/wp-json/wp/v2/media?page=1&per_page=100
2026-06-04 17:17:10,916 - INFO - No more pages: https://businessmediums.com/wp-json/wp/v2/posts?page=2&per_page=100
2026-06-04 17:17:10,991 - INFO - Fetched page 2 from https://worldbusinesshour.com/wp-json/wp/v2/media?page=2&per_page=100
2026-06-04 17:17:11,090 - INFO - No more pages: https://businessmediums.com/wp-json/wp/v2/posts?page=2&per_page=100
2026-06-04 17:17:11,135 - INFO - No more pages: https://techmasternode.com/wp-json/wp/v2/pages?page=2&per_page=100
2026-06-04 17:17:11,173 - INFO - No more pages: https://cxomatters.com/wp-json/wp/v2/pages?page=4&per_page=100
2026-06-04 17:17:11,387 - INFO - Fetched page 3 from https://cxomatters.com/wp-json/wp/v2/pages?page=3&per_page=100
2026-06-04 17:17:11,839 - INFO - Fetched page 2 from https://worldbusinesshour.com/wp-json/wp/v2/media?page=2&per_page=100
2026-06-04 17:17:11,855 - INFO - Fetched page 1 from https://techmasternode.com/wp-json/wp/v2/media?page=1&per_page=100
2026-06-04 17:17:11,973 - INFO - No more pages: https://cxomatters.com/wp-json/wp/v2/pages?page=4&per_page=100
2026-06-04 17:17:12,020 - INFO - Fetched page 3 from https://worldbusinesshour.com/wp-json/wp/v2/media?page=3&per_page=100
2026-06-04 17:17:12,107 - INFO - Fetched page 2 from https://techwebtrends.com/wp-json/wp/v2/pages?page=2&per_page=100
2026-06-04 17:17:12,220 - INFO - Fetched page 1 from https://cxomatters.com/wp-json/wp/v2/media?page=1&per_page=100
2026-06-04 17:17:12,320 - INFO - Fetched page 1 from https://businessmediums.com/wp-json/wp/v2/pages?page=1&per_page=100
2026-06-04 17:17:12,420 - INFO - Fetched page 2 from https://thegrowthinsights.com/wp-json/wp/v2/media?page=2&per_page=100
2026-06-04 17:17:12,488 - INFO - Fetched page 1 from https://businessmediums.com/wp-json/wp/v2/pages?page=1&per_page=100
2026-06-04 17:17:12,508 - INFO - Fetched page 2 from https://thegrowthinsights.com/wp-json/wp/v2/media?page=2&per_page=100
2026-06-04 17:17:12,534 - INFO - Fetched page 1 from https://techmasternode.com/wp-json/wp/v2/media?page=1&per_page=100
2026-06-04 17:17:12,773 - INFO - No more pages: https://techwebtrends.com/wp-json/wp/v2/pages?page=3&per_page=100
2026-06-04 17:17:12,822 - INFO - Fetched page 4 from https://worldbusinesshour.com/wp-json/wp/v2/media?page=4&per_page=100
2026-06-04 17:17:12,878 - INFO - Fetched page 3 from https://worldbusinesshour.com/wp-json/wp/v2/media?page=3&per_page=100
2026-06-04 17:17:13,006 - INFO - Fetched page 2 from https://techmasternode.com/wp-json/wp/v2/media?page=2&per_page=100
2026-06-04 17:17:13,107 - INFO - Fetched page 1 from https://cxomatters.com/wp-json/wp/v2/media?page=1&per_page=100
2026-06-04 17:17:13,154 - INFO - Fetched page 2 from https://techwebtrends.com/wp-json/wp/v2/pages?page=2&per_page=100
2026-06-04 17:17:13,358 - INFO - Fetched page 2 from https://cxomatters.com/wp-json/wp/v2/media?page=2&per_page=100
2026-06-04 17:17:13,599 - INFO - Fetched page 2 from https://techmasternode.com/wp-json/wp/v2/media?page=2&per_page=100
2026-06-04 17:17:13,716 - INFO - Fetched page 4 from https://worldbusinesshour.com/wp-json/wp/v2/media?page=4&per_page=100
2026-06-04 17:17:13,726 - INFO - Fetched page 1 from https://techwebtrends.com/wp-json/wp/v2/media?page=1&per_page=100
2026-06-04 17:17:13,762 - INFO - No more pages: https://techwebtrends.com/wp-json/wp/v2/pages?page=3&per_page=100
2026-06-04 17:17:13,926 - INFO - Fetched page 5 from https://worldbusinesshour.com/wp-json/wp/v2/media?page=5&per_page=100
2026-06-04 17:17:14,142 - INFO - Fetched page 3 from https://thegrowthinsights.com/wp-json/wp/v2/media?page=3&per_page=100
2026-06-04 17:17:14,152 - INFO - Fetched page 2 from https://cxomatters.com/wp-json/wp/v2/media?page=2&per_page=100
2026-06-04 17:17:14,175 - INFO - Fetched page 3 from https://techmasternode.com/wp-json/wp/v2/media?page=3&per_page=100
2026-06-04 17:17:14,252 - INFO - Fetched page 3 from https://thegrowthinsights.com/wp-json/wp/v2/media?page=3&per_page=100
2026-06-04 17:17:14,380 - INFO - Fetched page 3 from https://cxomatters.com/wp-json/wp/v2/media?page=3&per_page=100
2026-06-04 17:17:14,693 - INFO - Fetched page 1 from https://techwebtrends.com/wp-json/wp/v2/media?page=1&per_page=100
2026-06-04 17:17:14,715 - INFO - Fetched page 2 from https://businessmediums.com/wp-json/wp/v2/pages?page=2&per_page=100
2026-06-04 17:17:14,742 - INFO - Fetched page 2 from https://techwebtrends.com/wp-json/wp/v2/media?page=2&per_page=100
2026-06-04 17:17:14,794 - INFO - Fetched page 5 from https://worldbusinesshour.com/wp-json/wp/v2/media?page=5&per_page=100
2026-06-04 17:17:14,914 - INFO - Fetched page 3 from https://techmasternode.com/wp-json/wp/v2/media?page=3&per_page=100
2026-06-04 17:17:14,972 - INFO - Fetched page 6 from https://worldbusinesshour.com/wp-json/wp/v2/media?page=6&per_page=100
2026-06-04 17:17:14,983 - INFO - Fetched page 2 from https://businessmediums.com/wp-json/wp/v2/pages?page=2&per_page=100
2026-06-04 17:17:15,236 - INFO - Fetched page 3 from https://cxomatters.com/wp-json/wp/v2/media?page=3&per_page=100
2026-06-04 17:17:15,287 - INFO - Fetched page 4 from https://techmasternode.com/wp-json/wp/v2/media?page=4&per_page=100
2026-06-04 17:17:15,351 - INFO - No more pages: https://businessmediums.com/wp-json/wp/v2/pages?page=3&per_page=100
2026-06-04 17:17:15,478 - INFO - Fetched page 4 from https://cxomatters.com/wp-json/wp/v2/media?page=4&per_page=100
2026-06-04 17:17:15,586 - INFO - Fetched page 4 from https://thegrowthinsights.com/wp-json/wp/v2/media?page=4&per_page=100
2026-06-04 17:17:15,603 - INFO - No more pages: https://businessmediums.com/wp-json/wp/v2/pages?page=3&per_page=100
2026-06-04 17:17:15,604 - INFO - Fetched page 7 from https://worldbusinesshour.com/wp-json/wp/v2/media?page=7&per_page=100
2026-06-04 17:17:15,735 - INFO - Fetched page 4 from https://thegrowthinsights.com/wp-json/wp/v2/media?page=4&per_page=100
2026-06-04 17:17:15,796 - INFO - Fetched page 3 from https://techwebtrends.com/wp-json/wp/v2/media?page=3&per_page=100
2026-06-04 17:17:16,028 - INFO - Fetched page 6 from https://worldbusinesshour.com/wp-json/wp/v2/media?page=6&per_page=100
2026-06-04 17:17:16,048 - INFO - Fetched page 4 from https://techmasternode.com/wp-json/wp/v2/media?page=4&per_page=100
2026-06-04 17:17:16,060 - INFO - Fetched page 2 from https://techwebtrends.com/wp-json/wp/v2/media?page=2&per_page=100
2026-06-04 17:17:16,154 - INFO - Fetched page 5 from https://techmasternode.com/wp-json/wp/v2/media?page=5&per_page=100
2026-06-04 17:17:16,236 - INFO - No more pages: https://worldbusinesshour.com/wp-json/wp/v2/media?page=8&per_page=100
2026-06-04 17:17:16,278 - INFO - Fetched page 4 from https://cxomatters.com/wp-json/wp/v2/media?page=4&per_page=100
2026-06-04 17:17:16,411 - INFO - Fetched page 1 from https://businessmediums.com/wp-json/wp/v2/media?page=1&per_page=100
2026-06-04 17:17:16,482 - INFO - Fetched page 5 from https://cxomatters.com/wp-json/wp/v2/media?page=5&per_page=100
2026-06-04 17:17:16,523 - INFO - Fetched page 4 from https://techwebtrends.com/wp-json/wp/v2/media?page=4&per_page=100
2026-06-04 17:17:16,653 - INFO - Fetched page 7 from https://worldbusinesshour.com/wp-json/wp/v2/media?page=7&per_page=100
2026-06-04 17:17:16,689 - INFO - Fetched page 1 from https://businessmediums.com/wp-json/wp/v2/media?page=1&per_page=100
2026-06-04 17:17:16,907 - INFO - Fetched page 5 from https://thegrowthinsights.com/wp-json/wp/v2/media?page=5&per_page=100
2026-06-04 17:17:16,956 - INFO - Fetched page 3 from https://techwebtrends.com/wp-json/wp/v2/media?page=3&per_page=100
2026-06-04 17:17:17,024 - INFO - Fetched page 5 from https://thegrowthinsights.com/wp-json/wp/v2/media?page=5&per_page=100
2026-06-04 17:17:17,035 - INFO - Fetched page 5 from https://techmasternode.com/wp-json/wp/v2/media?page=5&per_page=100
2026-06-04 17:17:17,205 - INFO - Fetched page 6 from https://techmasternode.com/wp-json/wp/v2/media?page=6&per_page=100
2026-06-04 17:17:17,270 - INFO - No more pages: https://worldbusinesshour.com/wp-json/wp/v2/media?page=8&per_page=100
2026-06-04 17:17:17,410 - INFO - Fetched page 2 from https://businessmediums.com/wp-json/wp/v2/media?page=2&per_page=100
2026-06-04 17:17:17,427 - INFO - Fetched page 5 from https://techwebtrends.com/wp-json/wp/v2/media?page=5&per_page=100
2026-06-04 17:17:17,507 - INFO - Fetched page 5 from https://cxomatters.com/wp-json/wp/v2/media?page=5&per_page=100
2026-06-04 17:17:17,597 - INFO - Fetched page 6 from https://cxomatters.com/wp-json/wp/v2/media?page=6&per_page=100
2026-06-04 17:17:17,683 - INFO - Fetched page 2 from https://businessmediums.com/wp-json/wp/v2/media?page=2&per_page=100
2026-06-04 17:17:17,851 - INFO - Fetched page 4 from https://techwebtrends.com/wp-json/wp/v2/media?page=4&per_page=100
2026-06-04 17:17:17,910 - INFO - Fetched page 1 from https://worldbusinesshour.com/wp-json/wp/v2/resources?page=1&per_page=100
2026-06-04 17:17:17,949 - INFO - Fetched page 7 from https://techmasternode.com/wp-json/wp/v2/media?page=7&per_page=100
2026-06-04 17:17:18,021 - INFO - Fetched page 6 from https://thegrowthinsights.com/wp-json/wp/v2/media?page=6&per_page=100
2026-06-04 17:17:18,066 - INFO - Fetched page 6 from https://techmasternode.com/wp-json/wp/v2/media?page=6&per_page=100
2026-06-04 17:17:18,118 - INFO - Fetched page 6 from https://techwebtrends.com/wp-json/wp/v2/media?page=6&per_page=100
2026-06-04 17:17:18,177 - INFO - Fetched page 6 from https://thegrowthinsights.com/wp-json/wp/v2/media?page=6&per_page=100
2026-06-04 17:17:18,195 - INFO - Fetched page 3 from https://businessmediums.com/wp-json/wp/v2/media?page=3&per_page=100
2026-06-04 17:17:18,367 - INFO - Fetched page 3 from https://businessmediums.com/wp-json/wp/v2/media?page=3&per_page=100
2026-06-04 17:17:18,484 - INFO - No more pages: https://techmasternode.com/wp-json/wp/v2/media?page=8&per_page=100
2026-06-04 17:17:18,519 - INFO - No more pages: https://worldbusinesshour.com/wp-json/wp/v2/resources?page=2&per_page=100
2026-06-04 17:17:18,583 - INFO - Fetched page 6 from https://cxomatters.com/wp-json/wp/v2/media?page=6&per_page=100
2026-06-04 17:17:18,675 - INFO - Fetched page 7 from https://cxomatters.com/wp-json/wp/v2/media?page=7&per_page=100
2026-06-04 17:17:18,715 - INFO - Fetched page 1 from https://worldbusinesshour.com/wp-json/wp/v2/resources?page=1&per_page=100
2026-06-04 17:17:18,731 - INFO - Fetched page 5 from https://techwebtrends.com/wp-json/wp/v2/media?page=5&per_page=100
2026-06-04 17:17:18,736 - INFO - Fetched page 7 from https://techmasternode.com/wp-json/wp/v2/media?page=7&per_page=100
2026-06-04 17:17:18,745 - INFO - Fetched page 7 from https://techwebtrends.com/wp-json/wp/v2/media?page=7&per_page=100
2026-06-04 17:17:18,778 - INFO - Fetched page 7 from https://thegrowthinsights.com/wp-json/wp/v2/media?page=7&per_page=100
2026-06-04 17:17:19,404 - INFO - No more pages: https://worldbusinesshour.com/wp-json/wp/v2/resources?page=2&per_page=100
2026-06-04 17:17:19,410 - INFO - No more pages: https://techmasternode.com/wp-json/wp/v2/media?page=8&per_page=100
2026-06-04 17:17:19,414 - INFO - No more pages: https://thegrowthinsights.com/wp-json/wp/v2/media?page=8&per_page=100
2026-06-04 17:17:19,425 - INFO - Fetched page 8 from https://cxomatters.com/wp-json/wp/v2/media?page=8&per_page=100
2026-06-04 17:17:19,454 - INFO - Fetched page 4 from https://businessmediums.com/wp-json/wp/v2/media?page=4&per_page=100
2026-06-04 17:17:19,455 - INFO - Fetched page 4 from https://businessmediums.com/wp-json/wp/v2/media?page=4&per_page=100
2026-06-04 17:17:19,561 - INFO - Fetched page 7 from https://thegrowthinsights.com/wp-json/wp/v2/media?page=7&per_page=100
2026-06-04 17:17:19,627 - INFO - Fetched page 7 from https://cxomatters.com/wp-json/wp/v2/media?page=7&per_page=100
2026-06-04 17:17:19,632 - INFO - Fetched page 6 from https://techwebtrends.com/wp-json/wp/v2/media?page=6&per_page=100
2026-06-04 17:17:19,694 - INFO - Fetched page 8 from https://techwebtrends.com/wp-json/wp/v2/media?page=8&per_page=100
2026-06-04 17:17:19,935 - INFO - Fetched page 1 from https://techmasternode.com/wp-json/wp/v2/resources?page=1&per_page=100
2026-06-04 17:17:20,150 - INFO - No more pages: https://thegrowthinsights.com/wp-json/wp/v2/media?page=8&per_page=100
2026-06-04 17:17:20,220 - INFO - Fetched page 9 from https://cxomatters.com/wp-json/wp/v2/media?page=9&per_page=100
2026-06-04 17:17:20,299 - INFO - Fetched page 5 from https://businessmediums.com/wp-json/wp/v2/media?page=5&per_page=100
2026-06-04 17:17:20,368 - INFO - Fetched page 7 from https://techwebtrends.com/wp-json/wp/v2/media?page=7&per_page=100
2026-06-04 17:17:20,383 - INFO - Fetched page 9 from https://techwebtrends.com/wp-json/wp/v2/media?page=9&per_page=100
2026-06-04 17:17:20,500 - INFO - Fetched page 5 from https://businessmediums.com/wp-json/wp/v2/media?page=5&per_page=100
2026-06-04 17:17:20,515 - INFO - No more pages: https://techmasternode.com/wp-json/wp/v2/resources?page=2&per_page=100
2026-06-04 17:17:20,702 - INFO - Fetched page 8 from https://cxomatters.com/wp-json/wp/v2/media?page=8&per_page=100
2026-06-04 17:17:20,863 - INFO - Fetched page 1 from https://techmasternode.com/wp-json/wp/v2/resources?page=1&per_page=100
2026-06-04 17:17:20,935 - INFO - Fetched page 1 from https://thegrowthinsights.com/wp-json/wp/v2/resources?page=1&per_page=100
2026-06-04 17:17:21,081 - INFO - Fetched page 10 from https://techwebtrends.com/wp-json/wp/v2/media?page=10&per_page=100
2026-06-04 17:17:21,094 - INFO - Fetched page 6 from https://businessmediums.com/wp-json/wp/v2/media?page=6&per_page=100
2026-06-04 17:17:21,289 - INFO - Fetched page 10 from https://cxomatters.com/wp-json/wp/v2/media?page=10&per_page=100
2026-06-04 17:17:21,389 - INFO - Fetched page 8 from https://techwebtrends.com/wp-json/wp/v2/media?page=8&per_page=100
2026-06-04 17:17:21,445 - INFO - No more pages: https://techmasternode.com/wp-json/wp/v2/resources?page=2&per_page=100
2026-06-04 17:17:21,469 - INFO - Fetched page 6 from https://businessmediums.com/wp-json/wp/v2/media?page=6&per_page=100
2026-06-04 17:17:21,522 - INFO - No more pages: https://thegrowthinsights.com/wp-json/wp/v2/resources?page=2&per_page=100
2026-06-04 17:17:21,626 - INFO - No more pages: https://techwebtrends.com/wp-json/wp/v2/media?page=11&per_page=100
2026-06-04 17:17:21,647 - INFO - Fetched page 1 from https://thegrowthinsights.com/wp-json/wp/v2/resources?page=1&per_page=100
2026-06-04 17:17:21,728 - INFO - Fetched page 9 from https://cxomatters.com/wp-json/wp/v2/media?page=9&per_page=100
2026-06-04 17:17:22,290 - INFO - Fetched page 9 from https://techwebtrends.com/wp-json/wp/v2/media?page=9&per_page=100
2026-06-04 17:17:22,291 - INFO - Fetched page 11 from https://cxomatters.com/wp-json/wp/v2/media?page=11&per_page=100
2026-06-04 17:17:22,294 - INFO - No more pages: https://thegrowthinsights.com/wp-json/wp/v2/resources?page=2&per_page=100
2026-06-04 17:17:22,328 - INFO - Fetched page 7 from https://businessmediums.com/wp-json/wp/v2/media?page=7&per_page=100
2026-06-04 17:17:22,495 - INFO - Fetched page 7 from https://businessmediums.com/wp-json/wp/v2/media?page=7&per_page=100
2026-06-04 17:17:22,783 - INFO - Fetched page 10 from https://cxomatters.com/wp-json/wp/v2/media?page=10&per_page=100
2026-06-04 17:17:22,883 - INFO - Fetched page 10 from https://techwebtrends.com/wp-json/wp/v2/media?page=10&per_page=100
2026-06-04 17:17:22,979 - INFO - Fetched page 12 from https://cxomatters.com/wp-json/wp/v2/media?page=12&per_page=100
2026-06-04 17:17:23,078 - INFO - Fetched page 8 from https://businessmediums.com/wp-json/wp/v2/media?page=8&per_page=100
2026-06-04 17:17:23,127 - INFO - Fetched page 1 from https://techwebtrends.com/wp-json/wp/v2/resources?page=1&per_page=100
2026-06-04 17:17:23,413 - INFO - Fetched page 8 from https://businessmediums.com/wp-json/wp/v2/media?page=8&per_page=100
2026-06-04 17:17:23,514 - INFO - Fetched page 11 from https://cxomatters.com/wp-json/wp/v2/media?page=11&per_page=100
2026-06-04 17:17:23,518 - INFO - No more pages: https://techwebtrends.com/wp-json/wp/v2/media?page=11&per_page=100
2026-06-04 17:17:23,609 - INFO - No more pages: https://cxomatters.com/wp-json/wp/v2/media?page=13&per_page=100
2026-06-04 17:17:23,667 - INFO - No more pages: https://techwebtrends.com/wp-json/wp/v2/resources?page=2&per_page=100
2026-06-04 17:17:23,780 - INFO - Fetched page 9 from https://businessmediums.com/wp-json/wp/v2/media?page=9&per_page=100
2026-06-04 17:17:24,064 - INFO - Fetched page 9 from https://businessmediums.com/wp-json/wp/v2/media?page=9&per_page=100
2026-06-04 17:17:24,170 - INFO - Fetched page 12 from https://cxomatters.com/wp-json/wp/v2/media?page=12&per_page=100
2026-06-04 17:17:24,758 - INFO - No more pages: https://cxomatters.com/wp-json/wp/v2/media?page=13&per_page=100
2026-06-04 17:17:24,787 - INFO - Fetched page 10 from https://businessmediums.com/wp-json/wp/v2/media?page=10&per_page=100
2026-06-04 17:17:25,004 - INFO - Fetched page 1 from https://cxomatters.com/wp-json/wp/v2/resources?page=1&per_page=100
2026-06-04 17:17:25,016 - INFO - Fetched page 10 from https://businessmediums.com/wp-json/wp/v2/media?page=10&per_page=100
2026-06-04 17:17:25,146 - INFO - Fetched page 1 from https://techwebtrends.com/wp-json/wp/v2/resources?page=1&per_page=100
2026-06-04 17:17:25,691 - INFO - No more pages: https://cxomatters.com/wp-json/wp/v2/resources?page=2&per_page=100
2026-06-04 17:17:25,776 - INFO - Fetched page 11 from https://businessmediums.com/wp-json/wp/v2/media?page=11&per_page=100
2026-06-04 17:17:25,781 - INFO - No more pages: https://techwebtrends.com/wp-json/wp/v2/resources?page=2&per_page=100
2026-06-04 17:17:26,077 - INFO - Fetched page 11 from https://businessmediums.com/wp-json/wp/v2/media?page=11&per_page=100
2026-06-04 17:17:26,153 - INFO - Fetched page 1 from https://cxomatters.com/wp-json/wp/v2/resources?page=1&per_page=100
2026-06-04 17:17:26,734 - INFO - No more pages: https://cxomatters.com/wp-json/wp/v2/resources?page=2&per_page=100
2026-06-04 17:17:26,791 - INFO - Fetched page 12 from https://businessmediums.com/wp-json/wp/v2/media?page=12&per_page=100
2026-06-04 17:17:27,026 - INFO - Fetched page 12 from https://businessmediums.com/wp-json/wp/v2/media?page=12&per_page=100
2026-06-04 17:17:27,797 - INFO - Fetched page 13 from https://businessmediums.com/wp-json/wp/v2/media?page=13&per_page=100
2026-06-04 17:17:28,071 - INFO - Fetched page 13 from https://businessmediums.com/wp-json/wp/v2/media?page=13&per_page=100
2026-06-04 17:17:28,740 - INFO - Fetched page 14 from https://businessmediums.com/wp-json/wp/v2/media?page=14&per_page=100
2026-06-04 17:17:29,035 - INFO - Fetched page 14 from https://businessmediums.com/wp-json/wp/v2/media?page=14&per_page=100
2026-06-04 17:17:29,356 - INFO - No more pages: https://businessmediums.com/wp-json/wp/v2/media?page=15&per_page=100
2026-06-04 17:17:29,683 - INFO - No more pages: https://businessmediums.com/wp-json/wp/v2/media?page=15&per_page=100
2026-06-04 17:17:30,793 - INFO - Fetched page 1 from https://businessmediums.com/wp-json/wp/v2/resources?page=1&per_page=100
2026-06-04 17:17:31,116 - INFO - Fetched page 1 from https://businessmediums.com/wp-json/wp/v2/resources?page=1&per_page=100
2026-06-04 17:17:31,445 - INFO - No more pages: https://businessmediums.com/wp-json/wp/v2/resources?page=2&per_page=100
2026-06-04 17:17:31,699 - INFO - No more pages: https://businessmediums.com/wp-json/wp/v2/resources?page=2&per_page=100
2026-06-04 17:20:34,505 - INFO - Fetched page 1 from https://techwebtrends.com/wp-json/wp/v2/posts?page=1&per_page=100
2026-06-04 17:20:34,573 - INFO - Fetched page 1 from https://techmasternode.com/wp-json/wp/v2/posts?page=1&per_page=100
2026-06-04 17:20:34,583 - INFO - Fetched page 1 from https://cxomatters.com/wp-json/wp/v2/posts?page=1&per_page=100
2026-06-04 17:20:34,622 - INFO - Fetched page 1 from https://cxomatters.com/wp-json/wp/v2/posts?page=1&per_page=100
2026-06-04 17:20:34,672 - INFO - Fetched page 1 from https://thegrowthinsights.com/wp-json/wp/v2/posts?page=1&per_page=100
2026-06-04 17:20:34,672 - INFO - Fetched page 1 from https://techwebtrends.com/wp-json/wp/v2/posts?page=1&per_page=100
2026-06-04 17:20:34,678 - INFO - Fetched page 1 from https://techmasternode.com/wp-json/wp/v2/posts?page=1&per_page=100
2026-06-04 17:20:34,701 - INFO - Fetched page 1 from https://thegrowthinsights.com/wp-json/wp/v2/posts?page=1&per_page=100
2026-06-04 17:20:34,759 - INFO - Fetched page 1 from https://businessmediums.com/wp-json/wp/v2/posts?page=1&per_page=100
2026-06-04 17:20:34,831 - INFO - Fetched page 1 from https://worldbusinesshour.com/wp-json/wp/v2/posts?page=1&per_page=100
2026-06-04 17:20:34,857 - INFO - Fetched page 1 from https://worldbusinesshour.com/wp-json/wp/v2/posts?page=1&per_page=100
2026-06-04 17:20:34,858 - INFO - Fetched page 1 from https://businessmediums.com/wp-json/wp/v2/posts?page=1&per_page=100
2026-06-04 17:20:35,459 - INFO - No more pages: https://businessmediums.com/wp-json/wp/v2/posts?page=2&per_page=100
2026-06-04 17:20:35,576 - INFO - No more pages: https://businessmediums.com/wp-json/wp/v2/posts?page=2&per_page=100
2026-06-04 17:20:35,957 - INFO - Fetched page 2 from https://worldbusinesshour.com/wp-json/wp/v2/posts?page=2&per_page=100
2026-06-04 17:20:36,066 - INFO - Fetched page 2 from https://worldbusinesshour.com/wp-json/wp/v2/posts?page=2&per_page=100
2026-06-04 17:20:36,253 - INFO - Fetched page 2 from https://techwebtrends.com/wp-json/wp/v2/posts?page=2&per_page=100
2026-06-04 17:20:36,362 - INFO - Fetched page 2 from https://thegrowthinsights.com/wp-json/wp/v2/posts?page=2&per_page=100
2026-06-04 17:20:36,395 - INFO - Fetched page 2 from https://techwebtrends.com/wp-json/wp/v2/posts?page=2&per_page=100
2026-06-04 17:20:36,419 - INFO - Fetched page 2 from https://cxomatters.com/wp-json/wp/v2/posts?page=2&per_page=100
2026-06-04 17:20:36,420 - INFO - Fetched page 2 from https://techmasternode.com/wp-json/wp/v2/posts?page=2&per_page=100
2026-06-04 17:20:36,438 - INFO - Fetched page 2 from https://thegrowthinsights.com/wp-json/wp/v2/posts?page=2&per_page=100
2026-06-04 17:20:36,456 - INFO - Fetched page 2 from https://cxomatters.com/wp-json/wp/v2/posts?page=2&per_page=100
2026-06-04 17:20:36,461 - INFO - Fetched page 2 from https://techmasternode.com/wp-json/wp/v2/posts?page=2&per_page=100
2026-06-04 17:20:36,564 - INFO - No more pages: https://worldbusinesshour.com/wp-json/wp/v2/posts?page=3&per_page=100
2026-06-04 17:20:36,697 - INFO - No more pages: https://worldbusinesshour.com/wp-json/wp/v2/posts?page=3&per_page=100
2026-06-04 17:20:36,820 - INFO - Fetched page 1 from https://businessmediums.com/wp-json/wp/v2/pages?page=1&per_page=100
2026-06-04 17:20:36,835 - INFO - Fetched page 1 from https://businessmediums.com/wp-json/wp/v2/pages?page=1&per_page=100
2026-06-04 17:20:37,002 - INFO - No more pages: https://thegrowthinsights.com/wp-json/wp/v2/posts?page=3&per_page=100
2026-06-04 17:20:37,074 - INFO - No more pages: https://thegrowthinsights.com/wp-json/wp/v2/posts?page=3&per_page=100
2026-06-04 17:20:37,131 - INFO - Fetched page 3 from https://cxomatters.com/wp-json/wp/v2/posts?page=3&per_page=100
2026-06-04 17:20:37,139 - INFO - Fetched page 3 from https://cxomatters.com/wp-json/wp/v2/posts?page=3&per_page=100
2026-06-04 17:20:37,192 - INFO - Fetched page 3 from https://techmasternode.com/wp-json/wp/v2/posts?page=3&per_page=100
2026-06-04 17:20:37,219 - INFO - Fetched page 3 from https://techmasternode.com/wp-json/wp/v2/posts?page=3&per_page=100
2026-06-04 17:20:37,729 - INFO - Fetched page 3 from https://techwebtrends.com/wp-json/wp/v2/posts?page=3&per_page=100
2026-06-04 17:20:37,741 - INFO - No more pages: https://techmasternode.com/wp-json/wp/v2/posts?page=4&per_page=100
2026-06-04 17:20:37,744 - INFO - No more pages: https://techmasternode.com/wp-json/wp/v2/posts?page=4&per_page=100
2026-06-04 17:20:37,800 - INFO - No more pages: https://cxomatters.com/wp-json/wp/v2/posts?page=4&per_page=100
2026-06-04 17:20:37,803 - INFO - No more pages: https://cxomatters.com/wp-json/wp/v2/posts?page=4&per_page=100
2026-06-04 17:20:38,022 - INFO - Fetched page 3 from https://techwebtrends.com/wp-json/wp/v2/posts?page=3&per_page=100
2026-06-04 17:20:38,274 - INFO - Fetched page 4 from https://techwebtrends.com/wp-json/wp/v2/posts?page=4&per_page=100
2026-06-04 17:20:38,427 - INFO - Fetched page 1 from https://thegrowthinsights.com/wp-json/wp/v2/pages?page=1&per_page=100
2026-06-04 17:20:38,472 - INFO - Fetched page 1 from https://thegrowthinsights.com/wp-json/wp/v2/pages?page=1&per_page=100
2026-06-04 17:20:38,759 - INFO - Fetched page 4 from https://techwebtrends.com/wp-json/wp/v2/posts?page=4&per_page=100
2026-06-04 17:20:38,783 - INFO - No more pages: https://techwebtrends.com/wp-json/wp/v2/posts?page=5&per_page=100
2026-06-04 17:20:38,888 - INFO - Fetched page 1 from https://worldbusinesshour.com/wp-json/wp/v2/pages?page=1&per_page=100
2026-06-04 17:20:39,022 - INFO - Fetched page 1 from https://cxomatters.com/wp-json/wp/v2/pages?page=1&per_page=100
2026-06-04 17:20:39,032 - INFO - Fetched page 1 from https://worldbusinesshour.com/wp-json/wp/v2/pages?page=1&per_page=100
2026-06-04 17:20:39,034 - INFO - Fetched page 1 from https://cxomatters.com/wp-json/wp/v2/pages?page=1&per_page=100
2026-06-04 17:20:39,045 - INFO - No more pages: https://thegrowthinsights.com/wp-json/wp/v2/pages?page=2&per_page=100
2026-06-04 17:20:39,159 - INFO - No more pages: https://thegrowthinsights.com/wp-json/wp/v2/pages?page=2&per_page=100
2026-06-04 17:20:39,171 - INFO - Fetched page 2 from https://businessmediums.com/wp-json/wp/v2/pages?page=2&per_page=100
2026-06-04 17:20:39,196 - INFO - Fetched page 2 from https://businessmediums.com/wp-json/wp/v2/pages?page=2&per_page=100
2026-06-04 17:20:39,260 - INFO - Fetched page 1 from https://techmasternode.com/wp-json/wp/v2/pages?page=1&per_page=100
2026-06-04 17:20:39,315 - INFO - No more pages: https://techwebtrends.com/wp-json/wp/v2/posts?page=5&per_page=100
2026-06-04 17:20:39,325 - INFO - Fetched page 1 from https://techmasternode.com/wp-json/wp/v2/pages?page=1&per_page=100
2026-06-04 17:20:39,519 - INFO - No more pages: https://worldbusinesshour.com/wp-json/wp/v2/pages?page=2&per_page=100
2026-06-04 17:20:39,648 - INFO - No more pages: https://worldbusinesshour.com/wp-json/wp/v2/pages?page=2&per_page=100
2026-06-04 17:20:39,792 - INFO - No more pages: https://businessmediums.com/wp-json/wp/v2/pages?page=3&per_page=100
2026-06-04 17:20:39,809 - INFO - No more pages: https://techmasternode.com/wp-json/wp/v2/pages?page=2&per_page=100
2026-06-04 17:20:39,818 - INFO - No more pages: https://businessmediums.com/wp-json/wp/v2/pages?page=3&per_page=100
2026-06-04 17:20:39,923 - INFO - No more pages: https://techmasternode.com/wp-json/wp/v2/pages?page=2&per_page=100
2026-06-04 17:20:40,030 - INFO - Fetched page 1 from https://techwebtrends.com/wp-json/wp/v2/pages?page=1&per_page=100
2026-06-04 17:20:40,363 - INFO - Fetched page 2 from https://cxomatters.com/wp-json/wp/v2/pages?page=2&per_page=100
2026-06-04 17:20:40,364 - INFO - Fetched page 2 from https://cxomatters.com/wp-json/wp/v2/pages?page=2&per_page=100
2026-06-04 17:20:40,489 - INFO - Fetched page 1 from https://techwebtrends.com/wp-json/wp/v2/pages?page=1&per_page=100
2026-06-04 17:20:40,607 - INFO - Fetched page 1 from https://worldbusinesshour.com/wp-json/wp/v2/media?page=1&per_page=100
2026-06-04 17:20:40,734 - INFO - Fetched page 1 from https://thegrowthinsights.com/wp-json/wp/v2/media?page=1&per_page=100
2026-06-04 17:20:40,796 - INFO - Fetched page 1 from https://worldbusinesshour.com/wp-json/wp/v2/media?page=1&per_page=100
2026-06-04 17:20:40,859 - INFO - Fetched page 1 from https://businessmediums.com/wp-json/wp/v2/media?page=1&per_page=100
2026-06-04 17:20:40,951 - INFO - Fetched page 1 from https://techmasternode.com/wp-json/wp/v2/media?page=1&per_page=100
2026-06-04 17:20:40,953 - INFO - Fetched page 1 from https://thegrowthinsights.com/wp-json/wp/v2/media?page=1&per_page=100
2026-06-04 17:20:40,987 - INFO - Fetched page 1 from https://businessmediums.com/wp-json/wp/v2/media?page=1&per_page=100
2026-06-04 17:20:41,060 - INFO - Fetched page 1 from https://techmasternode.com/wp-json/wp/v2/media?page=1&per_page=100
2026-06-04 17:20:41,592 - INFO - Fetched page 2 from https://worldbusinesshour.com/wp-json/wp/v2/media?page=2&per_page=100
2026-06-04 17:20:41,696 - INFO - Fetched page 3 from https://cxomatters.com/wp-json/wp/v2/pages?page=3&per_page=100
2026-06-04 17:20:41,699 - INFO - Fetched page 3 from https://cxomatters.com/wp-json/wp/v2/pages?page=3&per_page=100
2026-06-04 17:20:41,832 - INFO - Fetched page 2 from https://worldbusinesshour.com/wp-json/wp/v2/media?page=2&per_page=100
2026-06-04 17:20:41,866 - INFO - Fetched page 2 from https://businessmediums.com/wp-json/wp/v2/media?page=2&per_page=100
2026-06-04 17:20:41,968 - INFO - Fetched page 2 from https://businessmediums.com/wp-json/wp/v2/media?page=2&per_page=100
2026-06-04 17:20:42,051 - INFO - Fetched page 2 from https://techmasternode.com/wp-json/wp/v2/media?page=2&per_page=100
2026-06-04 17:20:42,166 - INFO - Fetched page 2 from https://techmasternode.com/wp-json/wp/v2/media?page=2&per_page=100
2026-06-04 17:20:42,345 - INFO - No more pages: https://cxomatters.com/wp-json/wp/v2/pages?page=4&per_page=100
2026-06-04 17:20:42,369 - INFO - No more pages: https://cxomatters.com/wp-json/wp/v2/pages?page=4&per_page=100
2026-06-04 17:20:42,477 - INFO - Fetched page 2 from https://thegrowthinsights.com/wp-json/wp/v2/media?page=2&per_page=100
2026-06-04 17:20:42,593 - INFO - Fetched page 3 from https://businessmediums.com/wp-json/wp/v2/media?page=3&per_page=100
2026-06-04 17:20:42,606 - INFO - Fetched page 3 from https://worldbusinesshour.com/wp-json/wp/v2/media?page=3&per_page=100
2026-06-04 17:20:42,642 - INFO - Fetched page 3 from https://businessmediums.com/wp-json/wp/v2/media?page=3&per_page=100
2026-06-04 17:20:42,720 - INFO - Fetched page 2 from https://thegrowthinsights.com/wp-json/wp/v2/media?page=2&per_page=100
2026-06-04 17:20:42,890 - INFO - Fetched page 3 from https://worldbusinesshour.com/wp-json/wp/v2/media?page=3&per_page=100
2026-06-04 17:20:42,905 - INFO - Fetched page 2 from https://techwebtrends.com/wp-json/wp/v2/pages?page=2&per_page=100
2026-06-04 17:20:42,986 - INFO - Fetched page 2 from https://techwebtrends.com/wp-json/wp/v2/pages?page=2&per_page=100
2026-06-04 17:20:43,082 - INFO - Fetched page 3 from https://techmasternode.com/wp-json/wp/v2/media?page=3&per_page=100
2026-06-04 17:20:43,222 - INFO - Fetched page 3 from https://techmasternode.com/wp-json/wp/v2/media?page=3&per_page=100
2026-06-04 17:20:43,414 - INFO - Fetched page 4 from https://worldbusinesshour.com/wp-json/wp/v2/media?page=4&per_page=100
2026-06-04 17:20:43,426 - INFO - Fetched page 1 from https://cxomatters.com/wp-json/wp/v2/media?page=1&per_page=100
2026-06-04 17:20:43,476 - INFO - No more pages: https://techwebtrends.com/wp-json/wp/v2/pages?page=3&per_page=100
2026-06-04 17:20:43,487 - INFO - No more pages: https://techwebtrends.com/wp-json/wp/v2/pages?page=3&per_page=100
2026-06-04 17:20:43,509 - INFO - Fetched page 1 from https://cxomatters.com/wp-json/wp/v2/media?page=1&per_page=100
2026-06-04 17:20:43,618 - INFO - Fetched page 4 from https://businessmediums.com/wp-json/wp/v2/media?page=4&per_page=100
2026-06-04 17:20:43,684 - INFO - Fetched page 4 from https://businessmediums.com/wp-json/wp/v2/media?page=4&per_page=100
2026-06-04 17:20:43,697 - INFO - Fetched page 4 from https://worldbusinesshour.com/wp-json/wp/v2/media?page=4&per_page=100
2026-06-04 17:20:44,115 - INFO - Fetched page 4 from https://techmasternode.com/wp-json/wp/v2/media?page=4&per_page=100
2026-06-04 17:20:44,172 - INFO - Fetched page 3 from https://thegrowthinsights.com/wp-json/wp/v2/media?page=3&per_page=100
2026-06-04 17:20:44,257 - INFO - Fetched page 4 from https://techmasternode.com/wp-json/wp/v2/media?page=4&per_page=100
2026-06-04 17:20:44,372 - INFO - Fetched page 5 from https://businessmediums.com/wp-json/wp/v2/media?page=5&per_page=100
2026-06-04 17:20:44,447 - INFO - Fetched page 5 from https://businessmediums.com/wp-json/wp/v2/media?page=5&per_page=100
2026-06-04 17:20:44,458 - INFO - Fetched page 1 from https://techwebtrends.com/wp-json/wp/v2/media?page=1&per_page=100
2026-06-04 17:20:44,475 - INFO - Fetched page 3 from https://thegrowthinsights.com/wp-json/wp/v2/media?page=3&per_page=100
2026-06-04 17:20:44,503 - INFO - Fetched page 5 from https://worldbusinesshour.com/wp-json/wp/v2/media?page=5&per_page=100
2026-06-04 17:20:44,520 - INFO - Fetched page 1 from https://techwebtrends.com/wp-json/wp/v2/media?page=1&per_page=100
2026-06-04 17:20:44,549 - INFO - Fetched page 2 from https://cxomatters.com/wp-json/wp/v2/media?page=2&per_page=100
2026-06-04 17:20:44,627 - INFO - Fetched page 2 from https://cxomatters.com/wp-json/wp/v2/media?page=2&per_page=100
2026-06-04 17:20:44,801 - INFO - Fetched page 5 from https://techmasternode.com/wp-json/wp/v2/media?page=5&per_page=100
2026-06-04 17:20:44,814 - INFO - Fetched page 5 from https://worldbusinesshour.com/wp-json/wp/v2/media?page=5&per_page=100
2026-06-04 17:20:44,987 - INFO - Fetched page 5 from https://techmasternode.com/wp-json/wp/v2/media?page=5&per_page=100
2026-06-04 17:20:45,157 - INFO - Fetched page 6 from https://businessmediums.com/wp-json/wp/v2/media?page=6&per_page=100
2026-06-04 17:20:45,184 - INFO - Fetched page 6 from https://businessmediums.com/wp-json/wp/v2/media?page=6&per_page=100
2026-06-04 17:20:45,462 - INFO - Fetched page 2 from https://techwebtrends.com/wp-json/wp/v2/media?page=2&per_page=100
2026-06-04 17:20:45,512 - INFO - Fetched page 6 from https://worldbusinesshour.com/wp-json/wp/v2/media?page=6&per_page=100
2026-06-04 17:20:45,541 - INFO - Fetched page 2 from https://techwebtrends.com/wp-json/wp/v2/media?page=2&per_page=100
2026-06-04 17:20:45,606 - INFO - Fetched page 4 from https://thegrowthinsights.com/wp-json/wp/v2/media?page=4&per_page=100
2026-06-04 17:20:45,706 - INFO - Fetched page 3 from https://cxomatters.com/wp-json/wp/v2/media?page=3&per_page=100
2026-06-04 17:20:45,789 - INFO - Fetched page 3 from https://cxomatters.com/wp-json/wp/v2/media?page=3&per_page=100
2026-06-04 17:20:45,853 - INFO - Fetched page 6 from https://techmasternode.com/wp-json/wp/v2/media?page=6&per_page=100
2026-06-04 17:20:45,865 - INFO - Fetched page 6 from https://worldbusinesshour.com/wp-json/wp/v2/media?page=6&per_page=100
2026-06-04 17:20:45,916 - INFO - Fetched page 4 from https://thegrowthinsights.com/wp-json/wp/v2/media?page=4&per_page=100
2026-06-04 17:20:46,033 - INFO - Fetched page 6 from https://techmasternode.com/wp-json/wp/v2/media?page=6&per_page=100
2026-06-04 17:20:46,127 - INFO - Fetched page 7 from https://worldbusinesshour.com/wp-json/wp/v2/media?page=7&per_page=100
2026-06-04 17:20:46,199 - INFO - Fetched page 7 from https://businessmediums.com/wp-json/wp/v2/media?page=7&per_page=100
2026-06-04 17:20:46,217 - INFO - Fetched page 7 from https://businessmediums.com/wp-json/wp/v2/media?page=7&per_page=100
2026-06-04 17:20:46,399 - INFO - Fetched page 3 from https://techwebtrends.com/wp-json/wp/v2/media?page=3&per_page=100
2026-06-04 17:20:46,492 - INFO - Fetched page 7 from https://worldbusinesshour.com/wp-json/wp/v2/media?page=7&per_page=100
2026-06-04 17:20:46,557 - INFO - Fetched page 7 from https://techmasternode.com/wp-json/wp/v2/media?page=7&per_page=100
2026-06-04 17:20:46,568 - INFO - Fetched page 3 from https://techwebtrends.com/wp-json/wp/v2/media?page=3&per_page=100
2026-06-04 17:20:46,682 - INFO - Fetched page 7 from https://techmasternode.com/wp-json/wp/v2/media?page=7&per_page=100
2026-06-04 17:20:46,771 - INFO - No more pages: https://worldbusinesshour.com/wp-json/wp/v2/media?page=8&per_page=100
2026-06-04 17:20:46,787 - INFO - Fetched page 4 from https://cxomatters.com/wp-json/wp/v2/media?page=4&per_page=100
2026-06-04 17:20:46,882 - INFO - Fetched page 4 from https://cxomatters.com/wp-json/wp/v2/media?page=4&per_page=100
2026-06-04 17:20:46,906 - INFO - Fetched page 5 from https://thegrowthinsights.com/wp-json/wp/v2/media?page=5&per_page=100
2026-06-04 17:20:46,938 - INFO - Fetched page 8 from https://businessmediums.com/wp-json/wp/v2/media?page=8&per_page=100
2026-06-04 17:20:46,952 - INFO - Fetched page 8 from https://businessmediums.com/wp-json/wp/v2/media?page=8&per_page=100
2026-06-04 17:20:47,061 - INFO - Fetched page 4 from https://techwebtrends.com/wp-json/wp/v2/media?page=4&per_page=100
2026-06-04 17:20:47,067 - INFO - No more pages: https://techmasternode.com/wp-json/wp/v2/media?page=8&per_page=100
2026-06-04 17:20:47,120 - INFO - No more pages: https://worldbusinesshour.com/wp-json/wp/v2/media?page=8&per_page=100
2026-06-04 17:20:47,194 - INFO - Fetched page 5 from https://thegrowthinsights.com/wp-json/wp/v2/media?page=5&per_page=100
2026-06-04 17:20:47,213 - INFO - No more pages: https://techmasternode.com/wp-json/wp/v2/media?page=8&per_page=100
2026-06-04 17:20:47,242 - INFO - Fetched page 4 from https://techwebtrends.com/wp-json/wp/v2/media?page=4&per_page=100
2026-06-04 17:20:47,664 - INFO - Fetched page 9 from https://businessmediums.com/wp-json/wp/v2/media?page=9&per_page=100
2026-06-04 17:20:47,715 - INFO - Fetched page 9 from https://businessmediums.com/wp-json/wp/v2/media?page=9&per_page=100
2026-06-04 17:20:47,838 - INFO - Fetched page 5 from https://cxomatters.com/wp-json/wp/v2/media?page=5&per_page=100
2026-06-04 17:20:47,962 - INFO - Fetched page 5 from https://cxomatters.com/wp-json/wp/v2/media?page=5&per_page=100
2026-06-04 17:20:47,992 - INFO - Fetched page 5 from https://techwebtrends.com/wp-json/wp/v2/media?page=5&per_page=100
2026-06-04 17:20:48,100 - INFO - Fetched page 6 from https://thegrowthinsights.com/wp-json/wp/v2/media?page=6&per_page=100
2026-06-04 17:20:48,218 - INFO - Fetched page 5 from https://techwebtrends.com/wp-json/wp/v2/media?page=5&per_page=100
2026-06-04 17:20:48,238 - INFO - Fetched page 1 from https://worldbusinesshour.com/wp-json/wp/v2/resources?page=1&per_page=100
2026-06-04 17:20:48,306 - INFO - Fetched page 6 from https://thegrowthinsights.com/wp-json/wp/v2/media?page=6&per_page=100
2026-06-04 17:20:48,512 - INFO - Fetched page 1 from https://techmasternode.com/wp-json/wp/v2/resources?page=1&per_page=100
2026-06-04 17:20:48,624 - INFO - Fetched page 1 from https://worldbusinesshour.com/wp-json/wp/v2/resources?page=1&per_page=100
2026-06-04 17:20:48,630 - INFO - Fetched page 10 from https://businessmediums.com/wp-json/wp/v2/media?page=10&per_page=100
2026-06-04 17:20:48,669 - INFO - Fetched page 6 from https://techwebtrends.com/wp-json/wp/v2/media?page=6&per_page=100
2026-06-04 17:20:48,683 - INFO - Fetched page 10 from https://businessmediums.com/wp-json/wp/v2/media?page=10&per_page=100
2026-06-04 17:20:48,720 - INFO - Fetched page 1 from https://techmasternode.com/wp-json/wp/v2/resources?page=1&per_page=100
2026-06-04 17:20:48,883 - INFO - Fetched page 6 from https://cxomatters.com/wp-json/wp/v2/media?page=6&per_page=100
2026-06-04 17:20:48,884 - INFO - No more pages: https://worldbusinesshour.com/wp-json/wp/v2/resources?page=2&per_page=100
2026-06-04 17:20:48,974 - INFO - Fetched page 6 from https://techwebtrends.com/wp-json/wp/v2/media?page=6&per_page=100
2026-06-04 17:20:48,992 - INFO - Fetched page 6 from https://cxomatters.com/wp-json/wp/v2/media?page=6&per_page=100
2026-06-04 17:20:49,022 - INFO - Fetched page 7 from https://thegrowthinsights.com/wp-json/wp/v2/media?page=7&per_page=100
2026-06-04 17:20:49,026 - INFO - No more pages: https://techmasternode.com/wp-json/wp/v2/resources?page=2&per_page=100
2026-06-04 17:20:49,151 - INFO - Fetched page 7 from https://thegrowthinsights.com/wp-json/wp/v2/media?page=7&per_page=100
2026-06-04 17:20:49,238 - INFO - No more pages: https://worldbusinesshour.com/wp-json/wp/v2/resources?page=2&per_page=100
2026-06-04 17:20:49,292 - INFO - No more pages: https://techmasternode.com/wp-json/wp/v2/resources?page=2&per_page=100
2026-06-04 17:20:49,319 - INFO - Fetched page 7 from https://techwebtrends.com/wp-json/wp/v2/media?page=7&per_page=100
2026-06-04 17:20:49,612 - INFO - Fetched page 7 from https://techwebtrends.com/wp-json/wp/v2/media?page=7&per_page=100
2026-06-04 17:20:49,653 - INFO - Fetched page 11 from https://businessmediums.com/wp-json/wp/v2/media?page=11&per_page=100
2026-06-04 17:20:49,657 - INFO - No more pages: https://thegrowthinsights.com/wp-json/wp/v2/media?page=8&per_page=100
2026-06-04 17:20:49,808 - INFO - No more pages: https://thegrowthinsights.com/wp-json/wp/v2/media?page=8&per_page=100
2026-06-04 17:20:49,880 - INFO - Fetched page 7 from https://cxomatters.com/wp-json/wp/v2/media?page=7&per_page=100
2026-06-04 17:20:50,003 - INFO - Fetched page 11 from https://businessmediums.com/wp-json/wp/v2/media?page=11&per_page=100
2026-06-04 17:20:50,052 - INFO - Fetched page 7 from https://cxomatters.com/wp-json/wp/v2/media?page=7&per_page=100
2026-06-04 17:20:50,224 - INFO - Fetched page 8 from https://techwebtrends.com/wp-json/wp/v2/media?page=8&per_page=100
2026-06-04 17:20:50,615 - INFO - Fetched page 8 from https://techwebtrends.com/wp-json/wp/v2/media?page=8&per_page=100
2026-06-04 17:20:50,623 - INFO - Fetched page 8 from https://cxomatters.com/wp-json/wp/v2/media?page=8&per_page=100
2026-06-04 17:20:50,655 - INFO - Fetched page 12 from https://businessmediums.com/wp-json/wp/v2/media?page=12&per_page=100
2026-06-04 17:20:50,827 - INFO - Fetched page 8 from https://cxomatters.com/wp-json/wp/v2/media?page=8&per_page=100
2026-06-04 17:20:50,856 - INFO - Fetched page 9 from https://techwebtrends.com/wp-json/wp/v2/media?page=9&per_page=100
2026-06-04 17:20:50,990 - INFO - Fetched page 12 from https://businessmediums.com/wp-json/wp/v2/media?page=12&per_page=100
2026-06-04 17:20:51,187 - INFO - Fetched page 1 from https://thegrowthinsights.com/wp-json/wp/v2/resources?page=1&per_page=100
2026-06-04 17:20:51,254 - INFO - Fetched page 1 from https://thegrowthinsights.com/wp-json/wp/v2/resources?page=1&per_page=100
2026-06-04 17:20:51,395 - INFO - Fetched page 9 from https://cxomatters.com/wp-json/wp/v2/media?page=9&per_page=100
2026-06-04 17:20:51,500 - INFO - Fetched page 10 from https://techwebtrends.com/wp-json/wp/v2/media?page=10&per_page=100
2026-06-04 17:20:51,544 - INFO - Fetched page 9 from https://cxomatters.com/wp-json/wp/v2/media?page=9&per_page=100
2026-06-04 17:20:51,675 - INFO - Fetched page 13 from https://businessmediums.com/wp-json/wp/v2/media?page=13&per_page=100
2026-06-04 17:20:51,801 - INFO - No more pages: https://thegrowthinsights.com/wp-json/wp/v2/resources?page=2&per_page=100
2026-06-04 17:20:51,829 - INFO - Fetched page 9 from https://techwebtrends.com/wp-json/wp/v2/media?page=9&per_page=100
2026-06-04 17:20:51,883 - INFO - No more pages: https://thegrowthinsights.com/wp-json/wp/v2/resources?page=2&per_page=100
2026-06-04 17:20:51,938 - INFO - Fetched page 13 from https://businessmediums.com/wp-json/wp/v2/media?page=13&per_page=100
2026-06-04 17:20:52,053 - INFO - No more pages: https://techwebtrends.com/wp-json/wp/v2/media?page=11&per_page=100
2026-06-04 17:20:52,468 - INFO - Fetched page 10 from https://techwebtrends.com/wp-json/wp/v2/media?page=10&per_page=100
2026-06-04 17:20:52,541 - INFO - Fetched page 10 from https://cxomatters.com/wp-json/wp/v2/media?page=10&per_page=100
2026-06-04 17:20:52,588 - INFO - Fetched page 10 from https://cxomatters.com/wp-json/wp/v2/media?page=10&per_page=100
2026-06-04 17:20:52,610 - INFO - Fetched page 14 from https://businessmediums.com/wp-json/wp/v2/media?page=14&per_page=100
2026-06-04 17:20:52,940 - INFO - Fetched page 14 from https://businessmediums.com/wp-json/wp/v2/media?page=14&per_page=100
2026-06-04 17:20:53,000 - INFO - No more pages: https://techwebtrends.com/wp-json/wp/v2/media?page=11&per_page=100
2026-06-04 17:20:53,315 - INFO - Fetched page 11 from https://cxomatters.com/wp-json/wp/v2/media?page=11&per_page=100
2026-06-04 17:20:53,318 - INFO - Fetched page 11 from https://cxomatters.com/wp-json/wp/v2/media?page=11&per_page=100
2026-06-04 17:20:53,322 - INFO - No more pages: https://businessmediums.com/wp-json/wp/v2/media?page=15&per_page=100
2026-06-04 17:20:53,598 - INFO - Fetched page 1 from https://techwebtrends.com/wp-json/wp/v2/resources?page=1&per_page=100
2026-06-04 17:20:53,602 - INFO - No more pages: https://businessmediums.com/wp-json/wp/v2/media?page=15&per_page=100
2026-06-04 17:20:53,965 - INFO - Fetched page 12 from https://cxomatters.com/wp-json/wp/v2/media?page=12&per_page=100
2026-06-04 17:20:53,981 - INFO - Fetched page 12 from https://cxomatters.com/wp-json/wp/v2/media?page=12&per_page=100
2026-06-04 17:20:54,112 - INFO - No more pages: https://techwebtrends.com/wp-json/wp/v2/resources?page=2&per_page=100
2026-06-04 17:20:54,434 - INFO - Fetched page 1 from https://techwebtrends.com/wp-json/wp/v2/resources?page=1&per_page=100
2026-06-04 17:20:54,546 - INFO - No more pages: https://cxomatters.com/wp-json/wp/v2/media?page=13&per_page=100
2026-06-04 17:20:54,565 - INFO - No more pages: https://cxomatters.com/wp-json/wp/v2/media?page=13&per_page=100
2026-06-04 17:20:54,727 - INFO - Fetched page 1 from https://businessmediums.com/wp-json/wp/v2/resources?page=1&per_page=100
2026-06-04 17:20:54,946 - INFO - No more pages: https://techwebtrends.com/wp-json/wp/v2/resources?page=2&per_page=100
2026-06-04 17:20:55,038 - INFO - Fetched page 1 from https://businessmediums.com/wp-json/wp/v2/resources?page=1&per_page=100
2026-06-04 17:20:55,366 - INFO - No more pages: https://businessmediums.com/wp-json/wp/v2/resources?page=2&per_page=100
2026-06-04 17:20:55,684 - INFO - No more pages: https://businessmediums.com/wp-json/wp/v2/resources?page=2&per_page=100
2026-06-04 17:20:55,938 - INFO - Fetched page 1 from https://cxomatters.com/wp-json/wp/v2/resources?page=1&per_page=100
2026-06-04 17:20:55,953 - INFO - Fetched page 1 from https://cxomatters.com/wp-json/wp/v2/resources?page=1&per_page=100
2026-06-04 17:20:56,519 - INFO - No more pages: https://cxomatters.com/wp-json/wp/v2/resources?page=2&per_page=100
2026-06-04 17:20:56,574 - INFO - No more pages: https://cxomatters.com/wp-json/wp/v2/resources?page=2&per_page=100
2026-06-04 17:23:59,184 - INFO - Fetched page 1 from https://cxomatters.com/wp-json/wp/v2/posts?page=1&per_page=100
2026-06-04 17:23:59,271 - INFO - Fetched page 1 from https://cxomatters.com/wp-json/wp/v2/posts?page=1&per_page=100
2026-06-04 17:23:59,314 - INFO - Fetched page 1 from https://businessmediums.com/wp-json/wp/v2/posts?page=1&per_page=100
2026-06-04 17:23:59,406 - INFO - Fetched page 1 from https://techmasternode.com/wp-json/wp/v2/posts?page=1&per_page=100
2026-06-04 17:23:59,509 - INFO - Fetched page 1 from https://techwebtrends.com/wp-json/wp/v2/posts?page=1&per_page=100
2026-06-04 17:23:59,531 - INFO - Fetched page 1 from https://businessmediums.com/wp-json/wp/v2/posts?page=1&per_page=100
2026-06-04 17:23:59,536 - INFO - Fetched page 1 from https://thegrowthinsights.com/wp-json/wp/v2/posts?page=1&per_page=100
2026-06-04 17:23:59,543 - INFO - Fetched page 1 from https://thegrowthinsights.com/wp-json/wp/v2/posts?page=1&per_page=100
2026-06-04 17:23:59,556 - INFO - Fetched page 1 from https://techwebtrends.com/wp-json/wp/v2/posts?page=1&per_page=100
2026-06-04 17:23:59,656 - INFO - Fetched page 1 from https://worldbusinesshour.com/wp-json/wp/v2/posts?page=1&per_page=100
2026-06-04 17:23:59,700 - INFO - Fetched page 1 from https://worldbusinesshour.com/wp-json/wp/v2/posts?page=1&per_page=100
2026-06-04 17:23:59,726 - INFO - Fetched page 1 from https://techmasternode.com/wp-json/wp/v2/posts?page=1&per_page=100
2026-06-04 17:23:59,958 - INFO - No more pages: https://businessmediums.com/wp-json/wp/v2/posts?page=2&per_page=100
2026-06-04 17:24:00,233 - INFO - No more pages: https://businessmediums.com/wp-json/wp/v2/posts?page=2&per_page=100
2026-06-04 17:24:00,677 - INFO - Fetched page 2 from https://cxomatters.com/wp-json/wp/v2/posts?page=2&per_page=100
2026-06-04 17:24:00,683 - INFO - Fetched page 2 from https://worldbusinesshour.com/wp-json/wp/v2/posts?page=2&per_page=100
2026-06-04 17:24:00,765 - INFO - Fetched page 2 from https://worldbusinesshour.com/wp-json/wp/v2/posts?page=2&per_page=100
2026-06-04 17:24:00,796 - INFO - Fetched page 2 from https://cxomatters.com/wp-json/wp/v2/posts?page=2&per_page=100
2026-06-04 17:24:01,139 - INFO - Fetched page 2 from https://techwebtrends.com/wp-json/wp/v2/posts?page=2&per_page=100
2026-06-04 17:24:01,184 - INFO - Fetched page 2 from https://techwebtrends.com/wp-json/wp/v2/posts?page=2&per_page=100
2026-06-04 17:24:01,205 - INFO - Fetched page 2 from https://thegrowthinsights.com/wp-json/wp/v2/posts?page=2&per_page=100
2026-06-04 17:24:01,247 - INFO - Fetched page 2 from https://techmasternode.com/wp-json/wp/v2/posts?page=2&per_page=100
2026-06-04 17:24:01,259 - INFO - Fetched page 2 from https://thegrowthinsights.com/wp-json/wp/v2/posts?page=2&per_page=100
2026-06-04 17:24:01,264 - INFO - No more pages: https://worldbusinesshour.com/wp-json/wp/v2/posts?page=3&per_page=100
2026-06-04 17:24:01,289 - INFO - Fetched page 1 from https://businessmediums.com/wp-json/wp/v2/pages?page=1&per_page=100
2026-06-04 17:24:01,387 - INFO - No more pages: https://worldbusinesshour.com/wp-json/wp/v2/posts?page=3&per_page=100
2026-06-04 17:24:01,407 - INFO - Fetched page 3 from https://cxomatters.com/wp-json/wp/v2/posts?page=3&per_page=100
2026-06-04 17:24:01,550 - INFO - Fetched page 2 from https://techmasternode.com/wp-json/wp/v2/posts?page=2&per_page=100
2026-06-04 17:24:01,554 - INFO - Fetched page 3 from https://cxomatters.com/wp-json/wp/v2/posts?page=3&per_page=100
2026-06-04 17:24:01,629 - INFO - Fetched page 1 from https://businessmediums.com/wp-json/wp/v2/pages?page=1&per_page=100
2026-06-04 17:24:01,854 - INFO - No more pages: https://thegrowthinsights.com/wp-json/wp/v2/posts?page=3&per_page=100
2026-06-04 17:24:01,901 - INFO - No more pages: https://thegrowthinsights.com/wp-json/wp/v2/posts?page=3&per_page=100
2026-06-04 17:24:02,038 - INFO - Fetched page 3 from https://techmasternode.com/wp-json/wp/v2/posts?page=3&per_page=100
2026-06-04 17:24:02,096 - INFO - No more pages: https://cxomatters.com/wp-json/wp/v2/posts?page=4&per_page=100
2026-06-04 17:24:02,207 - INFO - No more pages: https://cxomatters.com/wp-json/wp/v2/posts?page=4&per_page=100
2026-06-04 17:24:02,380 - INFO - Fetched page 3 from https://techmasternode.com/wp-json/wp/v2/posts?page=3&per_page=100
2026-06-04 17:24:02,596 - INFO - No more pages: https://techmasternode.com/wp-json/wp/v2/posts?page=4&per_page=100
2026-06-04 17:24:02,936 - INFO - No more pages: https://techmasternode.com/wp-json/wp/v2/posts?page=4&per_page=100
2026-06-04 17:24:02,961 - INFO - Fetched page 3 from https://techwebtrends.com/wp-json/wp/v2/posts?page=3&per_page=100
2026-06-04 17:24:02,993 - INFO - Fetched page 3 from https://techwebtrends.com/wp-json/wp/v2/posts?page=3&per_page=100
2026-06-04 17:24:03,048 - INFO - Fetched page 1 from https://cxomatters.com/wp-json/wp/v2/pages?page=1&per_page=100
2026-06-04 17:24:03,341 - INFO - Fetched page 1 from https://cxomatters.com/wp-json/wp/v2/pages?page=1&per_page=100
2026-06-04 17:24:03,375 - INFO - Fetched page 1 from https://thegrowthinsights.com/wp-json/wp/v2/pages?page=1&per_page=100
2026-06-04 17:24:03,391 - INFO - Fetched page 1 from https://thegrowthinsights.com/wp-json/wp/v2/pages?page=1&per_page=100
2026-06-04 17:24:03,548 - INFO - Fetched page 4 from https://techwebtrends.com/wp-json/wp/v2/posts?page=4&per_page=100
2026-06-04 17:24:03,554 - INFO - Fetched page 4 from https://techwebtrends.com/wp-json/wp/v2/posts?page=4&per_page=100
2026-06-04 17:24:03,644 - INFO - Fetched page 1 from https://worldbusinesshour.com/wp-json/wp/v2/pages?page=1&per_page=100
2026-06-04 17:24:03,848 - INFO - Fetched page 1 from https://worldbusinesshour.com/wp-json/wp/v2/pages?page=1&per_page=100
2026-06-04 17:24:03,905 - INFO - Fetched page 2 from https://businessmediums.com/wp-json/wp/v2/pages?page=2&per_page=100
2026-06-04 17:24:04,028 - INFO - No more pages: https://thegrowthinsights.com/wp-json/wp/v2/pages?page=2&per_page=100
2026-06-04 17:24:04,057 - INFO - No more pages: https://techwebtrends.com/wp-json/wp/v2/posts?page=5&per_page=100
2026-06-04 17:24:04,062 - INFO - No more pages: https://thegrowthinsights.com/wp-json/wp/v2/pages?page=2&per_page=100
2026-06-04 17:24:04,077 - INFO - No more pages: https://techwebtrends.com/wp-json/wp/v2/posts?page=5&per_page=100
2026-06-04 17:24:04,142 - INFO - Fetched page 1 from https://techmasternode.com/wp-json/wp/v2/pages?page=1&per_page=100
2026-06-04 17:24:04,160 - INFO - Fetched page 2 from https://businessmediums.com/wp-json/wp/v2/pages?page=2&per_page=100
2026-06-04 17:24:04,257 - INFO - No more pages: https://worldbusinesshour.com/wp-json/wp/v2/pages?page=2&per_page=100
2026-06-04 17:24:04,384 - INFO - Fetched page 2 from https://cxomatters.com/wp-json/wp/v2/pages?page=2&per_page=100
2026-06-04 17:24:04,478 - INFO - Fetched page 1 from https://techmasternode.com/wp-json/wp/v2/pages?page=1&per_page=100
2026-06-04 17:24:04,504 - INFO - No more pages: https://worldbusinesshour.com/wp-json/wp/v2/pages?page=2&per_page=100
2026-06-04 17:24:04,527 - INFO - No more pages: https://businessmediums.com/wp-json/wp/v2/pages?page=3&per_page=100
2026-06-04 17:24:04,629 - INFO - Fetched page 2 from https://cxomatters.com/wp-json/wp/v2/pages?page=2&per_page=100
2026-06-04 17:24:04,672 - INFO - No more pages: https://techmasternode.com/wp-json/wp/v2/pages?page=2&per_page=100
2026-06-04 17:24:04,801 - INFO - No more pages: https://businessmediums.com/wp-json/wp/v2/pages?page=3&per_page=100
2026-06-04 17:24:05,055 - INFO - No more pages: https://techmasternode.com/wp-json/wp/v2/pages?page=2&per_page=100
2026-06-04 17:24:05,271 - INFO - Fetched page 1 from https://techwebtrends.com/wp-json/wp/v2/pages?page=1&per_page=100
2026-06-04 17:24:05,302 - INFO - Fetched page 1 from https://techwebtrends.com/wp-json/wp/v2/pages?page=1&per_page=100
2026-06-04 17:24:05,391 - INFO - Fetched page 1 from https://worldbusinesshour.com/wp-json/wp/v2/media?page=1&per_page=100
2026-06-04 17:24:05,625 - INFO - Fetched page 1 from https://businessmediums.com/wp-json/wp/v2/media?page=1&per_page=100
2026-06-04 17:24:05,638 - INFO - Fetched page 3 from https://cxomatters.com/wp-json/wp/v2/pages?page=3&per_page=100
2026-06-04 17:24:05,651 - INFO - Fetched page 1 from https://worldbusinesshour.com/wp-json/wp/v2/media?page=1&per_page=100
2026-06-04 17:24:05,799 - INFO - Fetched page 1 from https://techmasternode.com/wp-json/wp/v2/media?page=1&per_page=100
2026-06-04 17:24:05,802 - INFO - Fetched page 1 from https://thegrowthinsights.com/wp-json/wp/v2/media?page=1&per_page=100
2026-06-04 17:24:05,814 - INFO - Fetched page 3 from https://cxomatters.com/wp-json/wp/v2/pages?page=3&per_page=100
2026-06-04 17:24:05,846 - INFO - Fetched page 1 from https://businessmediums.com/wp-json/wp/v2/media?page=1&per_page=100
2026-06-04 17:24:05,882 - INFO - Fetched page 1 from https://thegrowthinsights.com/wp-json/wp/v2/media?page=1&per_page=100
2026-06-04 17:24:06,178 - INFO - Fetched page 1 from https://techmasternode.com/wp-json/wp/v2/media?page=1&per_page=100
2026-06-04 17:24:06,317 - INFO - No more pages: https://cxomatters.com/wp-json/wp/v2/pages?page=4&per_page=100
2026-06-04 17:24:06,401 - INFO - Fetched page 2 from https://worldbusinesshour.com/wp-json/wp/v2/media?page=2&per_page=100
2026-06-04 17:24:06,431 - INFO - No more pages: https://cxomatters.com/wp-json/wp/v2/pages?page=4&per_page=100
2026-06-04 17:24:06,673 - INFO - Fetched page 2 from https://businessmediums.com/wp-json/wp/v2/media?page=2&per_page=100
2026-06-04 17:24:06,699 - INFO - Fetched page 2 from https://worldbusinesshour.com/wp-json/wp/v2/media?page=2&per_page=100
2026-06-04 17:24:06,908 - INFO - Fetched page 2 from https://businessmediums.com/wp-json/wp/v2/media?page=2&per_page=100
2026-06-04 17:24:06,932 - INFO - Fetched page 2 from https://techmasternode.com/wp-json/wp/v2/media?page=2&per_page=100
2026-06-04 17:24:07,277 - INFO - Fetched page 2 from https://techmasternode.com/wp-json/wp/v2/media?page=2&per_page=100
2026-06-04 17:24:07,418 - INFO - Fetched page 3 from https://businessmediums.com/wp-json/wp/v2/media?page=3&per_page=100
2026-06-04 17:24:07,434 - INFO - Fetched page 3 from https://worldbusinesshour.com/wp-json/wp/v2/media?page=3&per_page=100
2026-06-04 17:24:07,474 - INFO - Fetched page 1 from https://cxomatters.com/wp-json/wp/v2/media?page=1&per_page=100
2026-06-04 17:24:07,489 - INFO - Fetched page 1 from https://cxomatters.com/wp-json/wp/v2/media?page=1&per_page=100
2026-06-04 17:24:07,500 - INFO - Fetched page 2 from https://thegrowthinsights.com/wp-json/wp/v2/media?page=2&per_page=100
2026-06-04 17:24:07,612 - INFO - Fetched page 2 from https://thegrowthinsights.com/wp-json/wp/v2/media?page=2&per_page=100
2026-06-04 17:24:07,631 - INFO - Fetched page 3 from https://businessmediums.com/wp-json/wp/v2/media?page=3&per_page=100
2026-06-04 17:24:07,637 - INFO - Fetched page 2 from https://techwebtrends.com/wp-json/wp/v2/pages?page=2&per_page=100
2026-06-04 17:24:07,774 - INFO - Fetched page 2 from https://techwebtrends.com/wp-json/wp/v2/pages?page=2&per_page=100
2026-06-04 17:24:07,792 - INFO - Fetched page 3 from https://worldbusinesshour.com/wp-json/wp/v2/media?page=3&per_page=100
2026-06-04 17:24:08,013 - INFO - Fetched page 3 from https://techmasternode.com/wp-json/wp/v2/media?page=3&per_page=100
2026-06-04 17:24:08,167 - INFO - No more pages: https://techwebtrends.com/wp-json/wp/v2/pages?page=3&per_page=100
2026-06-04 17:24:08,224 - INFO - Fetched page 4 from https://worldbusinesshour.com/wp-json/wp/v2/media?page=4&per_page=100
2026-06-04 17:24:08,305 - INFO - No more pages: https://techwebtrends.com/wp-json/wp/v2/pages?page=3&per_page=100
2026-06-04 17:24:08,320 - INFO - Fetched page 3 from https://techmasternode.com/wp-json/wp/v2/media?page=3&per_page=100
2026-06-04 17:24:08,415 - INFO - Fetched page 4 from https://businessmediums.com/wp-json/wp/v2/media?page=4&per_page=100
2026-06-04 17:24:08,505 - INFO - Fetched page 2 from https://cxomatters.com/wp-json/wp/v2/media?page=2&per_page=100
2026-06-04 17:24:08,531 - INFO - Fetched page 2 from https://cxomatters.com/wp-json/wp/v2/media?page=2&per_page=100
2026-06-04 17:24:08,620 - INFO - Fetched page 4 from https://worldbusinesshour.com/wp-json/wp/v2/media?page=4&per_page=100
2026-06-04 17:24:08,675 - INFO - Fetched page 4 from https://businessmediums.com/wp-json/wp/v2/media?page=4&per_page=100
2026-06-04 17:24:09,458 - INFO - Fetched page 4 from https://techmasternode.com/wp-json/wp/v2/media?page=4&per_page=100
2026-06-04 17:24:09,468 - INFO - Fetched page 1 from https://techwebtrends.com/wp-json/wp/v2/media?page=1&per_page=100
2026-06-04 17:24:09,472 - INFO - Fetched page 4 from https://techmasternode.com/wp-json/wp/v2/media?page=4&per_page=100
2026-06-04 17:24:09,476 - INFO - Fetched page 5 from https://worldbusinesshour.com/wp-json/wp/v2/media?page=5&per_page=100
2026-06-04 17:24:09,480 - INFO - Fetched page 5 from https://businessmediums.com/wp-json/wp/v2/media?page=5&per_page=100
2026-06-04 17:24:09,538 - INFO - Fetched page 3 from https://thegrowthinsights.com/wp-json/wp/v2/media?page=3&per_page=100
2026-06-04 17:24:09,573 - INFO - Fetched page 5 from https://businessmediums.com/wp-json/wp/v2/media?page=5&per_page=100
2026-06-04 17:24:09,582 - INFO - Fetched page 3 from https://thegrowthinsights.com/wp-json/wp/v2/media?page=3&per_page=100
2026-06-04 17:24:09,587 - INFO - Fetched page 3 from https://cxomatters.com/wp-json/wp/v2/media?page=3&per_page=100
2026-06-04 17:24:09,591 - INFO - Fetched page 1 from https://techwebtrends.com/wp-json/wp/v2/media?page=1&per_page=100
2026-06-04 17:24:09,618 - INFO - Fetched page 3 from https://cxomatters.com/wp-json/wp/v2/media?page=3&per_page=100
2026-06-04 17:24:09,698 - INFO - Fetched page 5 from https://worldbusinesshour.com/wp-json/wp/v2/media?page=5&per_page=100
2026-06-04 17:24:10,247 - INFO - Fetched page 5 from https://techmasternode.com/wp-json/wp/v2/media?page=5&per_page=100
2026-06-04 17:24:10,450 - INFO - Fetched page 2 from https://techwebtrends.com/wp-json/wp/v2/media?page=2&per_page=100
2026-06-04 17:24:10,459 - INFO - Fetched page 5 from https://techmasternode.com/wp-json/wp/v2/media?page=5&per_page=100
2026-06-04 17:24:10,473 - INFO - Fetched page 6 from https://businessmediums.com/wp-json/wp/v2/media?page=6&per_page=100
2026-06-04 17:24:10,509 - INFO - Fetched page 6 from https://worldbusinesshour.com/wp-json/wp/v2/media?page=6&per_page=100
2026-06-04 17:24:10,587 - INFO - Fetched page 2 from https://techwebtrends.com/wp-json/wp/v2/media?page=2&per_page=100
2026-06-04 17:24:10,630 - INFO - Fetched page 6 from https://businessmediums.com/wp-json/wp/v2/media?page=6&per_page=100
2026-06-04 17:24:10,644 - INFO - Fetched page 4 from https://cxomatters.com/wp-json/wp/v2/media?page=4&per_page=100
2026-06-04 17:24:10,679 - INFO - Fetched page 4 from https://cxomatters.com/wp-json/wp/v2/media?page=4&per_page=100
2026-06-04 17:24:10,748 - INFO - Fetched page 6 from https://worldbusinesshour.com/wp-json/wp/v2/media?page=6&per_page=100
2026-06-04 17:24:11,140 - INFO - Fetched page 7 from https://worldbusinesshour.com/wp-json/wp/v2/media?page=7&per_page=100
2026-06-04 17:24:11,226 - INFO - Fetched page 4 from https://thegrowthinsights.com/wp-json/wp/v2/media?page=4&per_page=100
2026-06-04 17:24:11,304 - INFO - Fetched page 4 from https://thegrowthinsights.com/wp-json/wp/v2/media?page=4&per_page=100
2026-06-04 17:24:11,359 - INFO - Fetched page 6 from https://techmasternode.com/wp-json/wp/v2/media?page=6&per_page=100
2026-06-04 17:24:11,383 - INFO - Fetched page 7 from https://worldbusinesshour.com/wp-json/wp/v2/media?page=7&per_page=100
2026-06-04 17:24:11,466 - INFO - Fetched page 3 from https://techwebtrends.com/wp-json/wp/v2/media?page=3&per_page=100
2026-06-04 17:24:11,484 - INFO - Fetched page 7 from https://businessmediums.com/wp-json/wp/v2/media?page=7&per_page=100
2026-06-04 17:24:11,569 - INFO - Fetched page 3 from https://techwebtrends.com/wp-json/wp/v2/media?page=3&per_page=100
2026-06-04 17:24:11,654 - INFO - Fetched page 5 from https://cxomatters.com/wp-json/wp/v2/media?page=5&per_page=100
2026-06-04 17:24:11,692 - INFO - Fetched page 5 from https://cxomatters.com/wp-json/wp/v2/media?page=5&per_page=100
2026-06-04 17:24:11,703 - INFO - Fetched page 7 from https://businessmediums.com/wp-json/wp/v2/media?page=7&per_page=100
2026-06-04 17:24:11,739 - INFO - No more pages: https://worldbusinesshour.com/wp-json/wp/v2/media?page=8&per_page=100
2026-06-04 17:24:11,976 - INFO - No more pages: https://worldbusinesshour.com/wp-json/wp/v2/media?page=8&per_page=100
2026-06-04 17:24:12,013 - INFO - Fetched page 6 from https://techmasternode.com/wp-json/wp/v2/media?page=6&per_page=100
2026-06-04 17:24:12,111 - INFO - Fetched page 7 from https://techmasternode.com/wp-json/wp/v2/media?page=7&per_page=100
2026-06-04 17:24:12,378 - INFO - Fetched page 4 from https://techwebtrends.com/wp-json/wp/v2/media?page=4&per_page=100
2026-06-04 17:24:12,448 - INFO - Fetched page 4 from https://techwebtrends.com/wp-json/wp/v2/media?page=4&per_page=100
2026-06-04 17:24:12,502 - INFO - Fetched page 5 from https://thegrowthinsights.com/wp-json/wp/v2/media?page=5&per_page=100
2026-06-04 17:24:12,505 - INFO - Fetched page 8 from https://businessmediums.com/wp-json/wp/v2/media?page=8&per_page=100
2026-06-04 17:24:12,575 - INFO - Fetched page 5 from https://thegrowthinsights.com/wp-json/wp/v2/media?page=5&per_page=100
2026-06-04 17:24:12,629 - INFO - Fetched page 6 from https://cxomatters.com/wp-json/wp/v2/media?page=6&per_page=100
2026-06-04 17:24:12,662 - INFO - Fetched page 8 from https://businessmediums.com/wp-json/wp/v2/media?page=8&per_page=100
2026-06-04 17:24:12,674 - INFO - No more pages: https://techmasternode.com/wp-json/wp/v2/media?page=8&per_page=100
2026-06-04 17:24:12,724 - INFO - Fetched page 6 from https://cxomatters.com/wp-json/wp/v2/media?page=6&per_page=100
2026-06-04 17:24:13,108 - INFO - Fetched page 7 from https://techmasternode.com/wp-json/wp/v2/media?page=7&per_page=100
2026-06-04 17:24:13,207 - INFO - Fetched page 1 from https://worldbusinesshour.com/wp-json/wp/v2/resources?page=1&per_page=100
2026-06-04 17:24:13,219 - INFO - Fetched page 9 from https://businessmediums.com/wp-json/wp/v2/media?page=9&per_page=100
2026-06-04 17:24:13,328 - INFO - Fetched page 5 from https://techwebtrends.com/wp-json/wp/v2/media?page=5&per_page=100
2026-06-04 17:24:13,370 - INFO - Fetched page 5 from https://techwebtrends.com/wp-json/wp/v2/media?page=5&per_page=100
2026-06-04 17:24:13,406 - INFO - Fetched page 9 from https://businessmediums.com/wp-json/wp/v2/media?page=9&per_page=100
2026-06-04 17:24:13,492 - INFO - Fetched page 1 from https://worldbusinesshour.com/wp-json/wp/v2/resources?page=1&per_page=100
2026-06-04 17:24:13,583 - INFO - Fetched page 6 from https://thegrowthinsights.com/wp-json/wp/v2/media?page=6&per_page=100
2026-06-04 17:24:13,633 - INFO - No more pages: https://techmasternode.com/wp-json/wp/v2/media?page=8&per_page=100
2026-06-04 17:24:13,672 - INFO - Fetched page 6 from https://thegrowthinsights.com/wp-json/wp/v2/media?page=6&per_page=100
2026-06-04 17:24:13,685 - INFO - Fetched page 7 from https://cxomatters.com/wp-json/wp/v2/media?page=7&per_page=100
2026-06-04 17:24:13,797 - INFO - Fetched page 7 from https://cxomatters.com/wp-json/wp/v2/media?page=7&per_page=100
2026-06-04 17:24:13,825 - INFO - No more pages: https://worldbusinesshour.com/wp-json/wp/v2/resources?page=2&per_page=100
2026-06-04 17:24:14,096 - INFO - No more pages: https://worldbusinesshour.com/wp-json/wp/v2/resources?page=2&per_page=100
2026-06-04 17:24:14,165 - INFO - Fetched page 1 from https://techmasternode.com/wp-json/wp/v2/resources?page=1&per_page=100
2026-06-04 17:24:14,197 - INFO - Fetched page 6 from https://techwebtrends.com/wp-json/wp/v2/media?page=6&per_page=100
2026-06-04 17:24:14,236 - INFO - Fetched page 6 from https://techwebtrends.com/wp-json/wp/v2/media?page=6&per_page=100
2026-06-04 17:24:14,261 - INFO - Fetched page 10 from https://businessmediums.com/wp-json/wp/v2/media?page=10&per_page=100
2026-06-04 17:24:14,317 - INFO - Fetched page 7 from https://thegrowthinsights.com/wp-json/wp/v2/media?page=7&per_page=100
2026-06-04 17:24:14,414 - INFO - Fetched page 7 from https://thegrowthinsights.com/wp-json/wp/v2/media?page=7&per_page=100
2026-06-04 17:24:14,429 - INFO - Fetched page 10 from https://businessmediums.com/wp-json/wp/v2/media?page=10&per_page=100
2026-06-04 17:24:14,506 - INFO - Fetched page 8 from https://cxomatters.com/wp-json/wp/v2/media?page=8&per_page=100
2026-06-04 17:24:14,658 - INFO - Fetched page 8 from https://cxomatters.com/wp-json/wp/v2/media?page=8&per_page=100
2026-06-04 17:24:14,700 - INFO - No more pages: https://techmasternode.com/wp-json/wp/v2/resources?page=2&per_page=100
2026-06-04 17:24:14,801 - INFO - Fetched page 7 from https://techwebtrends.com/wp-json/wp/v2/media?page=7&per_page=100
2026-06-04 17:24:14,819 - INFO - Fetched page 7 from https://techwebtrends.com/wp-json/wp/v2/media?page=7&per_page=100
2026-06-04 17:24:14,932 - INFO - No more pages: https://thegrowthinsights.com/wp-json/wp/v2/media?page=8&per_page=100
2026-06-04 17:24:15,053 - INFO - No more pages: https://thegrowthinsights.com/wp-json/wp/v2/media?page=8&per_page=100
2026-06-04 17:24:15,166 - INFO - Fetched page 1 from https://techmasternode.com/wp-json/wp/v2/resources?page=1&per_page=100
2026-06-04 17:24:15,206 - INFO - Fetched page 11 from https://businessmediums.com/wp-json/wp/v2/media?page=11&per_page=100
2026-06-04 17:24:15,276 - INFO - Fetched page 9 from https://cxomatters.com/wp-json/wp/v2/media?page=9&per_page=100
2026-06-04 17:24:15,399 - INFO - Fetched page 9 from https://cxomatters.com/wp-json/wp/v2/media?page=9&per_page=100
2026-06-04 17:24:15,414 - INFO - Fetched page 11 from https://businessmediums.com/wp-json/wp/v2/media?page=11&per_page=100
2026-06-04 17:24:15,698 - INFO - Fetched page 8 from https://techwebtrends.com/wp-json/wp/v2/media?page=8&per_page=100
2026-06-04 17:24:15,707 - INFO - No more pages: https://techmasternode.com/wp-json/wp/v2/resources?page=2&per_page=100
2026-06-04 17:24:15,740 - INFO - Fetched page 8 from https://techwebtrends.com/wp-json/wp/v2/media?page=8&per_page=100
2026-06-04 17:24:16,206 - INFO - Fetched page 12 from https://businessmediums.com/wp-json/wp/v2/media?page=12&per_page=100
2026-06-04 17:24:16,316 - INFO - Fetched page 9 from https://techwebtrends.com/wp-json/wp/v2/media?page=9&per_page=100
2026-06-04 17:24:16,376 - INFO - Fetched page 9 from https://techwebtrends.com/wp-json/wp/v2/media?page=9&per_page=100
2026-06-04 17:24:16,378 - INFO - Fetched page 10 from https://cxomatters.com/wp-json/wp/v2/media?page=10&per_page=100
2026-06-04 17:24:16,381 - INFO - Fetched page 1 from https://thegrowthinsights.com/wp-json/wp/v2/resources?page=1&per_page=100
2026-06-04 17:24:16,434 - INFO - Fetched page 12 from https://businessmediums.com/wp-json/wp/v2/media?page=12&per_page=100
2026-06-04 17:24:16,727 - INFO - Fetched page 10 from https://cxomatters.com/wp-json/wp/v2/media?page=10&per_page=100
2026-06-04 17:24:16,735 - INFO - Fetched page 1 from https://thegrowthinsights.com/wp-json/wp/v2/resources?page=1&per_page=100
2026-06-04 17:24:16,915 - INFO - Fetched page 10 from https://techwebtrends.com/wp-json/wp/v2/media?page=10&per_page=100
2026-06-04 17:24:16,938 - INFO - Fetched page 10 from https://techwebtrends.com/wp-json/wp/v2/media?page=10&per_page=100
2026-06-04 17:24:16,956 - INFO - No more pages: https://thegrowthinsights.com/wp-json/wp/v2/resources?page=2&per_page=100
2026-06-04 17:24:17,157 - INFO - Fetched page 11 from https://cxomatters.com/wp-json/wp/v2/media?page=11&per_page=100
2026-06-04 17:24:17,248 - INFO - Fetched page 13 from https://businessmediums.com/wp-json/wp/v2/media?page=13&per_page=100
2026-06-04 17:24:17,333 - INFO - No more pages: https://thegrowthinsights.com/wp-json/wp/v2/resources?page=2&per_page=100
2026-06-04 17:24:17,415 - INFO - Fetched page 13 from https://businessmediums.com/wp-json/wp/v2/media?page=13&per_page=100
2026-06-04 17:24:17,416 - INFO - No more pages: https://techwebtrends.com/wp-json/wp/v2/media?page=11&per_page=100
2026-06-04 17:24:17,442 - INFO - No more pages: https://techwebtrends.com/wp-json/wp/v2/media?page=11&per_page=100
2026-06-04 17:24:17,761 - INFO - Fetched page 11 from https://cxomatters.com/wp-json/wp/v2/media?page=11&per_page=100
2026-06-04 17:24:17,880 - INFO - Fetched page 12 from https://cxomatters.com/wp-json/wp/v2/media?page=12&per_page=100
2026-06-04 17:24:18,129 - INFO - Fetched page 14 from https://businessmediums.com/wp-json/wp/v2/media?page=14&per_page=100
2026-06-04 17:24:18,188 - INFO - Fetched page 14 from https://businessmediums.com/wp-json/wp/v2/media?page=14&per_page=100
2026-06-04 17:24:18,462 - INFO - No more pages: https://cxomatters.com/wp-json/wp/v2/media?page=13&per_page=100
2026-06-04 17:24:18,501 - INFO - Fetched page 12 from https://cxomatters.com/wp-json/wp/v2/media?page=12&per_page=100
2026-06-04 17:24:18,769 - INFO - No more pages: https://businessmediums.com/wp-json/wp/v2/media?page=15&per_page=100
2026-06-04 17:24:18,820 - INFO - No more pages: https://businessmediums.com/wp-json/wp/v2/media?page=15&per_page=100
2026-06-04 17:24:18,888 - INFO - Fetched page 1 from https://techwebtrends.com/wp-json/wp/v2/resources?page=1&per_page=100
2026-06-04 17:24:18,922 - INFO - Fetched page 1 from https://techwebtrends.com/wp-json/wp/v2/resources?page=1&per_page=100
2026-06-04 17:24:19,130 - INFO - No more pages: https://cxomatters.com/wp-json/wp/v2/media?page=13&per_page=100
2026-06-04 17:24:19,375 - INFO - No more pages: https://techwebtrends.com/wp-json/wp/v2/resources?page=2&per_page=100
2026-06-04 17:24:19,474 - INFO - No more pages: https://techwebtrends.com/wp-json/wp/v2/resources?page=2&per_page=100
2026-06-04 17:24:19,860 - INFO - Fetched page 1 from https://cxomatters.com/wp-json/wp/v2/resources?page=1&per_page=100
2026-06-04 17:24:20,295 - INFO - Fetched page 1 from https://businessmediums.com/wp-json/wp/v2/resources?page=1&per_page=100
2026-06-04 17:24:20,295 - INFO - Fetched page 1 from https://businessmediums.com/wp-json/wp/v2/resources?page=1&per_page=100
2026-06-04 17:24:20,483 - INFO - No more pages: https://cxomatters.com/wp-json/wp/v2/resources?page=2&per_page=100
2026-06-04 17:24:20,735 - INFO - Fetched page 1 from https://cxomatters.com/wp-json/wp/v2/resources?page=1&per_page=100
2026-06-04 17:24:20,923 - INFO - No more pages: https://businessmediums.com/wp-json/wp/v2/resources?page=2&per_page=100
2026-06-04 17:24:20,945 - INFO - No more pages: https://businessmediums.com/wp-json/wp/v2/resources?page=2&per_page=100
2026-06-04 17:24:21,339 - INFO - No more pages: https://cxomatters.com/wp-json/wp/v2/resources?page=2&per_page=100
2026-06-04 17:27:23,860 - INFO - Fetched page 1 from https://businessmediums.com/wp-json/wp/v2/posts?page=1&per_page=100
2026-06-04 17:27:23,877 - INFO - Fetched page 1 from https://techwebtrends.com/wp-json/wp/v2/posts?page=1&per_page=100
2026-06-04 17:27:23,900 - INFO - Fetched page 1 from https://thegrowthinsights.com/wp-json/wp/v2/posts?page=1&per_page=100
2026-06-04 17:27:23,924 - INFO - Fetched page 1 from https://cxomatters.com/wp-json/wp/v2/posts?page=1&per_page=100
2026-06-04 17:27:23,970 - INFO - Fetched page 1 from https://cxomatters.com/wp-json/wp/v2/posts?page=1&per_page=100
2026-06-04 17:27:24,031 - INFO - Fetched page 1 from https://techwebtrends.com/wp-json/wp/v2/posts?page=1&per_page=100
2026-06-04 17:27:24,109 - INFO - Fetched page 1 from https://techmasternode.com/wp-json/wp/v2/posts?page=1&per_page=100
2026-06-04 17:27:24,128 - INFO - Fetched page 1 from https://businessmediums.com/wp-json/wp/v2/posts?page=1&per_page=100
2026-06-04 17:27:24,151 - INFO - Fetched page 1 from https://worldbusinesshour.com/wp-json/wp/v2/posts?page=1&per_page=100
2026-06-04 17:27:24,198 - INFO - Fetched page 1 from https://worldbusinesshour.com/wp-json/wp/v2/posts?page=1&per_page=100
2026-06-04 17:27:24,232 - INFO - Fetched page 1 from https://techmasternode.com/wp-json/wp/v2/posts?page=1&per_page=100
2026-06-04 17:27:24,557 - INFO - No more pages: https://businessmediums.com/wp-json/wp/v2/posts?page=2&per_page=100
2026-06-04 17:27:24,593 - INFO - Fetched page 1 from https://thegrowthinsights.com/wp-json/wp/v2/posts?page=1&per_page=100
2026-06-04 17:27:25,011 - INFO - No more pages: https://businessmediums.com/wp-json/wp/v2/posts?page=2&per_page=100
2026-06-04 17:27:25,255 - INFO - Fetched page 2 from https://worldbusinesshour.com/wp-json/wp/v2/posts?page=2&per_page=100
2026-06-04 17:27:25,309 - INFO - Fetched page 2 from https://worldbusinesshour.com/wp-json/wp/v2/posts?page=2&per_page=100
2026-06-04 17:27:25,485 - INFO - Fetched page 2 from https://techwebtrends.com/wp-json/wp/v2/posts?page=2&per_page=100
2026-06-04 17:27:25,607 - INFO - Fetched page 2 from https://thegrowthinsights.com/wp-json/wp/v2/posts?page=2&per_page=100
2026-06-04 17:27:25,642 - INFO - Fetched page 2 from https://cxomatters.com/wp-json/wp/v2/posts?page=2&per_page=100
2026-06-04 17:27:25,717 - INFO - Fetched page 2 from https://cxomatters.com/wp-json/wp/v2/posts?page=2&per_page=100
2026-06-04 17:27:25,718 - INFO - Fetched page 2 from https://techwebtrends.com/wp-json/wp/v2/posts?page=2&per_page=100
2026-06-04 17:27:25,810 - INFO - Fetched page 1 from https://businessmediums.com/wp-json/wp/v2/pages?page=1&per_page=100
2026-06-04 17:27:25,897 - INFO - Fetched page 2 from https://techmasternode.com/wp-json/wp/v2/posts?page=2&per_page=100
2026-06-04 17:27:26,011 - INFO - No more pages: https://worldbusinesshour.com/wp-json/wp/v2/posts?page=3&per_page=100
2026-06-04 17:27:26,051 - INFO - No more pages: https://worldbusinesshour.com/wp-json/wp/v2/posts?page=3&per_page=100
2026-06-04 17:27:26,079 - INFO - Fetched page 2 from https://techmasternode.com/wp-json/wp/v2/posts?page=2&per_page=100
2026-06-04 17:27:26,263 - INFO - Fetched page 2 from https://thegrowthinsights.com/wp-json/wp/v2/posts?page=2&per_page=100
2026-06-04 17:27:26,310 - INFO - No more pages: https://thegrowthinsights.com/wp-json/wp/v2/posts?page=3&per_page=100
2026-06-04 17:27:26,319 - INFO - Fetched page 1 from https://businessmediums.com/wp-json/wp/v2/pages?page=1&per_page=100
2026-06-04 17:27:26,323 - INFO - Fetched page 3 from https://cxomatters.com/wp-json/wp/v2/posts?page=3&per_page=100
2026-06-04 17:27:26,393 - INFO - Fetched page 3 from https://cxomatters.com/wp-json/wp/v2/posts?page=3&per_page=100
2026-06-04 17:27:26,644 - INFO - Fetched page 3 from https://techmasternode.com/wp-json/wp/v2/posts?page=3&per_page=100
2026-06-04 17:27:26,821 - INFO - Fetched page 3 from https://techmasternode.com/wp-json/wp/v2/posts?page=3&per_page=100
2026-06-04 17:27:26,907 - INFO - No more pages: https://thegrowthinsights.com/wp-json/wp/v2/posts?page=3&per_page=100
2026-06-04 17:27:26,955 - INFO - Fetched page 3 from https://techwebtrends.com/wp-json/wp/v2/posts?page=3&per_page=100
2026-06-04 17:27:26,961 - INFO - No more pages: https://cxomatters.com/wp-json/wp/v2/posts?page=4&per_page=100
2026-06-04 17:27:27,000 - INFO - No more pages: https://cxomatters.com/wp-json/wp/v2/posts?page=4&per_page=100
2026-06-04 17:27:27,198 - INFO - No more pages: https://techmasternode.com/wp-json/wp/v2/posts?page=4&per_page=100
2026-06-04 17:27:27,299 - INFO - Fetched page 3 from https://techwebtrends.com/wp-json/wp/v2/posts?page=3&per_page=100
2026-06-04 17:27:27,373 - INFO - No more pages: https://techmasternode.com/wp-json/wp/v2/posts?page=4&per_page=100
2026-06-04 17:27:27,470 - INFO - Fetched page 4 from https://techwebtrends.com/wp-json/wp/v2/posts?page=4&per_page=100
2026-06-04 17:27:27,802 - INFO - Fetched page 4 from https://techwebtrends.com/wp-json/wp/v2/posts?page=4&per_page=100
2026-06-04 17:27:27,841 - INFO - Fetched page 1 from https://thegrowthinsights.com/wp-json/wp/v2/pages?page=1&per_page=100
2026-06-04 17:27:28,036 - INFO - No more pages: https://techwebtrends.com/wp-json/wp/v2/posts?page=5&per_page=100
2026-06-04 17:27:28,152 - INFO - Fetched page 1 from https://cxomatters.com/wp-json/wp/v2/pages?page=1&per_page=100
2026-06-04 17:27:28,153 - INFO - Fetched page 2 from https://businessmediums.com/wp-json/wp/v2/pages?page=2&per_page=100
2026-06-04 17:27:28,282 - INFO - Fetched page 1 from https://worldbusinesshour.com/wp-json/wp/v2/pages?page=1&per_page=100
2026-06-04 17:27:28,301 - INFO - Fetched page 1 from https://cxomatters.com/wp-json/wp/v2/pages?page=1&per_page=100
2026-06-04 17:27:28,323 - INFO - Fetched page 1 from https://thegrowthinsights.com/wp-json/wp/v2/pages?page=1&per_page=100
2026-06-04 17:27:28,335 - INFO - No more pages: https://techwebtrends.com/wp-json/wp/v2/posts?page=5&per_page=100
2026-06-04 17:27:28,380 - INFO - Fetched page 1 from https://worldbusinesshour.com/wp-json/wp/v2/pages?page=1&per_page=100
2026-06-04 17:27:28,487 - INFO - No more pages: https://thegrowthinsights.com/wp-json/wp/v2/pages?page=2&per_page=100
2026-06-04 17:27:28,665 - INFO - Fetched page 2 from https://businessmediums.com/wp-json/wp/v2/pages?page=2&per_page=100
2026-06-04 17:27:28,744 - INFO - Fetched page 1 from https://techmasternode.com/wp-json/wp/v2/pages?page=1&per_page=100
2026-06-04 17:27:28,769 - INFO - No more pages: https://businessmediums.com/wp-json/wp/v2/pages?page=3&per_page=100
2026-06-04 17:27:28,914 - INFO - Fetched page 1 from https://techmasternode.com/wp-json/wp/v2/pages?page=1&per_page=100
2026-06-04 17:27:28,961 - INFO - No more pages: https://worldbusinesshour.com/wp-json/wp/v2/pages?page=2&per_page=100
2026-06-04 17:27:28,976 - INFO - No more pages: https://thegrowthinsights.com/wp-json/wp/v2/pages?page=2&per_page=100
2026-06-04 17:27:29,007 - INFO - No more pages: https://worldbusinesshour.com/wp-json/wp/v2/pages?page=2&per_page=100
2026-06-04 17:27:29,249 - INFO - Fetched page 1 from https://techwebtrends.com/wp-json/wp/v2/pages?page=1&per_page=100
2026-06-04 17:27:29,317 - INFO - Fetched page 2 from https://cxomatters.com/wp-json/wp/v2/pages?page=2&per_page=100
2026-06-04 17:27:29,318 - INFO - No more pages: https://businessmediums.com/wp-json/wp/v2/pages?page=3&per_page=100
2026-06-04 17:27:29,417 - INFO - No more pages: https://techmasternode.com/wp-json/wp/v2/pages?page=2&per_page=100
2026-06-04 17:27:29,468 - INFO - Fetched page 2 from https://cxomatters.com/wp-json/wp/v2/pages?page=2&per_page=100
2026-06-04 17:27:29,475 - INFO - Fetched page 1 from https://techwebtrends.com/wp-json/wp/v2/pages?page=1&per_page=100
2026-06-04 17:27:29,499 - INFO - No more pages: https://techmasternode.com/wp-json/wp/v2/pages?page=2&per_page=100
2026-06-04 17:27:29,891 - INFO - Fetched page 1 from https://businessmediums.com/wp-json/wp/v2/media?page=1&per_page=100
2026-06-04 17:27:29,979 - INFO - Fetched page 1 from https://worldbusinesshour.com/wp-json/wp/v2/media?page=1&per_page=100
2026-06-04 17:27:30,035 - INFO - Fetched page 1 from https://worldbusinesshour.com/wp-json/wp/v2/media?page=1&per_page=100
2026-06-04 17:27:30,184 - INFO - Fetched page 1 from https://thegrowthinsights.com/wp-json/wp/v2/media?page=1&per_page=100
2026-06-04 17:27:30,444 - INFO - Fetched page 1 from https://businessmediums.com/wp-json/wp/v2/media?page=1&per_page=100
2026-06-04 17:27:30,505 - INFO - Fetched page 3 from https://cxomatters.com/wp-json/wp/v2/pages?page=3&per_page=100
2026-06-04 17:27:30,601 - INFO - Fetched page 1 from https://techmasternode.com/wp-json/wp/v2/media?page=1&per_page=100
2026-06-04 17:27:30,663 - INFO - Fetched page 3 from https://cxomatters.com/wp-json/wp/v2/pages?page=3&per_page=100
2026-06-04 17:27:30,666 - INFO - Fetched page 1 from https://techmasternode.com/wp-json/wp/v2/media?page=1&per_page=100
2026-06-04 17:27:30,856 - INFO - Fetched page 1 from https://thegrowthinsights.com/wp-json/wp/v2/media?page=1&per_page=100
2026-06-04 17:27:30,954 - INFO - Fetched page 2 from https://businessmediums.com/wp-json/wp/v2/media?page=2&per_page=100
2026-06-04 17:27:31,017 - INFO - Fetched page 2 from https://worldbusinesshour.com/wp-json/wp/v2/media?page=2&per_page=100
2026-06-04 17:27:31,025 - INFO - Fetched page 2 from https://worldbusinesshour.com/wp-json/wp/v2/media?page=2&per_page=100
2026-06-04 17:27:31,133 - INFO - No more pages: https://cxomatters.com/wp-json/wp/v2/pages?page=4&per_page=100
2026-06-04 17:27:31,287 - INFO - No more pages: https://cxomatters.com/wp-json/wp/v2/pages?page=4&per_page=100
2026-06-04 17:27:31,493 - INFO - Fetched page 2 from https://businessmediums.com/wp-json/wp/v2/media?page=2&per_page=100
2026-06-04 17:27:31,650 - INFO - Fetched page 2 from https://techwebtrends.com/wp-json/wp/v2/pages?page=2&per_page=100
2026-06-04 17:27:31,672 - INFO - Fetched page 2 from https://techmasternode.com/wp-json/wp/v2/media?page=2&per_page=100
2026-06-04 17:27:31,763 - INFO - Fetched page 3 from https://businessmediums.com/wp-json/wp/v2/media?page=3&per_page=100
2026-06-04 17:27:31,771 - INFO - Fetched page 2 from https://techmasternode.com/wp-json/wp/v2/media?page=2&per_page=100
2026-06-04 17:27:31,827 - INFO - Fetched page 2 from https://techwebtrends.com/wp-json/wp/v2/pages?page=2&per_page=100
2026-06-04 17:27:31,924 - INFO - Fetched page 2 from https://thegrowthinsights.com/wp-json/wp/v2/media?page=2&per_page=100
2026-06-04 17:27:32,065 - INFO - Fetched page 3 from https://worldbusinesshour.com/wp-json/wp/v2/media?page=3&per_page=100
2026-06-04 17:27:32,100 - INFO - Fetched page 3 from https://worldbusinesshour.com/wp-json/wp/v2/media?page=3&per_page=100
2026-06-04 17:27:32,184 - INFO - Fetched page 1 from https://cxomatters.com/wp-json/wp/v2/media?page=1&per_page=100
2026-06-04 17:27:32,209 - INFO - No more pages: https://techwebtrends.com/wp-json/wp/v2/pages?page=3&per_page=100
2026-06-04 17:27:32,294 - INFO - Fetched page 3 from https://businessmediums.com/wp-json/wp/v2/media?page=3&per_page=100
2026-06-04 17:27:32,379 - INFO - No more pages: https://techwebtrends.com/wp-json/wp/v2/pages?page=3&per_page=100
2026-06-04 17:27:32,428 - INFO - Fetched page 1 from https://cxomatters.com/wp-json/wp/v2/media?page=1&per_page=100
2026-06-04 17:27:32,678 - INFO - Fetched page 2 from https://thegrowthinsights.com/wp-json/wp/v2/media?page=2&per_page=100
2026-06-04 17:27:32,693 - INFO - Fetched page 3 from https://techmasternode.com/wp-json/wp/v2/media?page=3&per_page=100
2026-06-04 17:27:32,749 - INFO - Fetched page 4 from https://businessmediums.com/wp-json/wp/v2/media?page=4&per_page=100
2026-06-04 17:27:32,831 - INFO - Fetched page 4 from https://worldbusinesshour.com/wp-json/wp/v2/media?page=4&per_page=100
2026-06-04 17:27:32,861 - INFO - Fetched page 4 from https://worldbusinesshour.com/wp-json/wp/v2/media?page=4&per_page=100
2026-06-04 17:27:32,880 - INFO - Fetched page 3 from https://techmasternode.com/wp-json/wp/v2/media?page=3&per_page=100
2026-06-04 17:27:33,127 - INFO - Fetched page 1 from https://techwebtrends.com/wp-json/wp/v2/media?page=1&per_page=100
2026-06-04 17:27:33,219 - INFO - Fetched page 2 from https://cxomatters.com/wp-json/wp/v2/media?page=2&per_page=100
2026-06-04 17:27:33,276 - INFO - Fetched page 4 from https://businessmediums.com/wp-json/wp/v2/media?page=4&per_page=100
2026-06-04 17:27:33,354 - INFO - Fetched page 1 from https://techwebtrends.com/wp-json/wp/v2/media?page=1&per_page=100
2026-06-04 17:27:33,471 - INFO - Fetched page 2 from https://cxomatters.com/wp-json/wp/v2/media?page=2&per_page=100
2026-06-04 17:27:33,510 - INFO - Fetched page 5 from https://businessmediums.com/wp-json/wp/v2/media?page=5&per_page=100
2026-06-04 17:27:33,663 - INFO - Fetched page 3 from https://thegrowthinsights.com/wp-json/wp/v2/media?page=3&per_page=100
2026-06-04 17:27:33,713 - INFO - Fetched page 4 from https://techmasternode.com/wp-json/wp/v2/media?page=4&per_page=100
2026-06-04 17:27:33,907 - INFO - Fetched page 5 from https://worldbusinesshour.com/wp-json/wp/v2/media?page=5&per_page=100
2026-06-04 17:27:33,930 - INFO - Fetched page 5 from https://worldbusinesshour.com/wp-json/wp/v2/media?page=5&per_page=100
2026-06-04 17:27:33,943 - INFO - Fetched page 4 from https://techmasternode.com/wp-json/wp/v2/media?page=4&per_page=100
2026-06-04 17:27:34,045 - INFO - Fetched page 5 from https://businessmediums.com/wp-json/wp/v2/media?page=5&per_page=100
2026-06-04 17:27:34,133 - INFO - Fetched page 2 from https://techwebtrends.com/wp-json/wp/v2/media?page=2&per_page=100
2026-06-04 17:27:34,211 - INFO - Fetched page 3 from https://cxomatters.com/wp-json/wp/v2/media?page=3&per_page=100
2026-06-04 17:27:34,255 - INFO - Fetched page 6 from https://businessmediums.com/wp-json/wp/v2/media?page=6&per_page=100
2026-06-04 17:27:34,350 - INFO - Fetched page 2 from https://techwebtrends.com/wp-json/wp/v2/media?page=2&per_page=100
2026-06-04 17:27:34,368 - INFO - Fetched page 3 from https://thegrowthinsights.com/wp-json/wp/v2/media?page=3&per_page=100
2026-06-04 17:27:34,495 - INFO - Fetched page 3 from https://cxomatters.com/wp-json/wp/v2/media?page=3&per_page=100
2026-06-04 17:27:34,518 - INFO - Fetched page 5 from https://techmasternode.com/wp-json/wp/v2/media?page=5&per_page=100
2026-06-04 17:27:34,717 - INFO - Fetched page 5 from https://techmasternode.com/wp-json/wp/v2/media?page=5&per_page=100
2026-06-04 17:27:34,814 - INFO - Fetched page 6 from https://businessmediums.com/wp-json/wp/v2/media?page=6&per_page=100
2026-06-04 17:27:34,987 - INFO - Fetched page 6 from https://worldbusinesshour.com/wp-json/wp/v2/media?page=6&per_page=100
2026-06-04 17:27:35,045 - INFO - Fetched page 3 from https://techwebtrends.com/wp-json/wp/v2/media?page=3&per_page=100
2026-06-04 17:27:35,069 - INFO - Fetched page 6 from https://worldbusinesshour.com/wp-json/wp/v2/media?page=6&per_page=100
2026-06-04 17:27:35,115 - INFO - Fetched page 4 from https://thegrowthinsights.com/wp-json/wp/v2/media?page=4&per_page=100
2026-06-04 17:27:35,240 - INFO - Fetched page 4 from https://cxomatters.com/wp-json/wp/v2/media?page=4&per_page=100
2026-06-04 17:27:35,339 - INFO - Fetched page 7 from https://businessmediums.com/wp-json/wp/v2/media?page=7&per_page=100
2026-06-04 17:27:35,355 - INFO - Fetched page 3 from https://techwebtrends.com/wp-json/wp/v2/media?page=3&per_page=100
2026-06-04 17:27:35,611 - INFO - Fetched page 6 from https://techmasternode.com/wp-json/wp/v2/media?page=6&per_page=100
2026-06-04 17:27:35,614 - INFO - Fetched page 7 from https://worldbusinesshour.com/wp-json/wp/v2/media?page=7&per_page=100
2026-06-04 17:27:35,693 - INFO - Fetched page 4 from https://techwebtrends.com/wp-json/wp/v2/media?page=4&per_page=100
2026-06-04 17:27:35,710 - INFO - Fetched page 7 from https://worldbusinesshour.com/wp-json/wp/v2/media?page=7&per_page=100
2026-06-04 17:27:35,747 - INFO - Fetched page 4 from https://cxomatters.com/wp-json/wp/v2/media?page=4&per_page=100
2026-06-04 17:27:35,753 - INFO - Fetched page 6 from https://techmasternode.com/wp-json/wp/v2/media?page=6&per_page=100
2026-06-04 17:27:35,825 - INFO - Fetched page 7 from https://businessmediums.com/wp-json/wp/v2/media?page=7&per_page=100
2026-06-04 17:27:36,025 - INFO - Fetched page 4 from https://techwebtrends.com/wp-json/wp/v2/media?page=4&per_page=100
2026-06-04 17:27:36,059 - INFO - Fetched page 8 from https://businessmediums.com/wp-json/wp/v2/media?page=8&per_page=100
2026-06-04 17:27:36,222 - INFO - Fetched page 5 from https://cxomatters.com/wp-json/wp/v2/media?page=5&per_page=100
2026-06-04 17:27:36,267 - INFO - No more pages: https://worldbusinesshour.com/wp-json/wp/v2/media?page=8&per_page=100
2026-06-04 17:27:36,275 - INFO - Fetched page 7 from https://techmasternode.com/wp-json/wp/v2/media?page=7&per_page=100
2026-06-04 17:27:36,288 - INFO - No more pages: https://worldbusinesshour.com/wp-json/wp/v2/media?page=8&per_page=100
2026-06-04 17:27:36,384 - INFO - Fetched page 4 from https://thegrowthinsights.com/wp-json/wp/v2/media?page=4&per_page=100
2026-06-04 17:27:36,464 - INFO - Fetched page 5 from https://thegrowthinsights.com/wp-json/wp/v2/media?page=5&per_page=100
2026-06-04 17:27:36,467 - INFO - Fetched page 7 from https://techmasternode.com/wp-json/wp/v2/media?page=7&per_page=100
2026-06-04 17:27:36,567 - INFO - Fetched page 8 from https://businessmediums.com/wp-json/wp/v2/media?page=8&per_page=100
2026-06-04 17:27:36,637 - INFO - Fetched page 5 from https://techwebtrends.com/wp-json/wp/v2/media?page=5&per_page=100
2026-06-04 17:27:36,810 - INFO - Fetched page 5 from https://cxomatters.com/wp-json/wp/v2/media?page=5&per_page=100
2026-06-04 17:27:36,837 - INFO - No more pages: https://techmasternode.com/wp-json/wp/v2/media?page=8&per_page=100
2026-06-04 17:27:36,930 - INFO - Fetched page 5 from https://techwebtrends.com/wp-json/wp/v2/media?page=5&per_page=100
2026-06-04 17:27:37,043 - INFO - No more pages: https://techmasternode.com/wp-json/wp/v2/media?page=8&per_page=100
2026-06-04 17:27:37,231 - INFO - Fetched page 6 from https://cxomatters.com/wp-json/wp/v2/media?page=6&per_page=100
2026-06-04 17:27:37,255 - INFO - Fetched page 9 from https://businessmediums.com/wp-json/wp/v2/media?page=9&per_page=100
2026-06-04 17:27:37,285 - INFO - Fetched page 9 from https://businessmediums.com/wp-json/wp/v2/media?page=9&per_page=100
2026-06-04 17:27:37,427 - INFO - Fetched page 6 from https://techwebtrends.com/wp-json/wp/v2/media?page=6&per_page=100
2026-06-04 17:27:37,571 - INFO - Fetched page 6 from https://techwebtrends.com/wp-json/wp/v2/media?page=6&per_page=100
2026-06-04 17:27:37,634 - INFO - Fetched page 6 from https://thegrowthinsights.com/wp-json/wp/v2/media?page=6&per_page=100
2026-06-04 17:27:37,685 - INFO - Fetched page 5 from https://thegrowthinsights.com/wp-json/wp/v2/media?page=5&per_page=100
2026-06-04 17:27:37,695 - INFO - Fetched page 1 from https://worldbusinesshour.com/wp-json/wp/v2/resources?page=1&per_page=100
2026-06-04 17:27:37,820 - INFO - Fetched page 1 from https://worldbusinesshour.com/wp-json/wp/v2/resources?page=1&per_page=100
2026-06-04 17:27:37,849 - INFO - Fetched page 6 from https://cxomatters.com/wp-json/wp/v2/media?page=6&per_page=100
2026-06-04 17:27:38,063 - INFO - Fetched page 7 from https://techwebtrends.com/wp-json/wp/v2/media?page=7&per_page=100
2026-06-04 17:27:38,252 - INFO - Fetched page 7 from https://cxomatters.com/wp-json/wp/v2/media?page=7&per_page=100
2026-06-04 17:27:38,258 - INFO - Fetched page 10 from https://businessmediums.com/wp-json/wp/v2/media?page=10&per_page=100
2026-06-04 17:27:38,303 - INFO - No more pages: https://worldbusinesshour.com/wp-json/wp/v2/resources?page=2&per_page=100
2026-06-04 17:27:38,334 - INFO - Fetched page 1 from https://techmasternode.com/wp-json/wp/v2/resources?page=1&per_page=100
2026-06-04 17:27:38,338 - INFO - Fetched page 10 from https://businessmediums.com/wp-json/wp/v2/media?page=10&per_page=100
2026-06-04 17:27:38,456 - INFO - No more pages: https://worldbusinesshour.com/wp-json/wp/v2/resources?page=2&per_page=100
2026-06-04 17:27:38,467 - INFO - Fetched page 7 from https://techwebtrends.com/wp-json/wp/v2/media?page=7&per_page=100
2026-06-04 17:27:38,485 - INFO - Fetched page 1 from https://techmasternode.com/wp-json/wp/v2/resources?page=1&per_page=100
2026-06-04 17:27:38,664 - INFO - Fetched page 7 from https://thegrowthinsights.com/wp-json/wp/v2/media?page=7&per_page=100
2026-06-04 17:27:38,773 - INFO - Fetched page 6 from https://thegrowthinsights.com/wp-json/wp/v2/media?page=6&per_page=100
2026-06-04 17:27:38,808 - INFO - Fetched page 7 from https://cxomatters.com/wp-json/wp/v2/media?page=7&per_page=100
2026-06-04 17:27:38,850 - INFO - No more pages: https://techmasternode.com/wp-json/wp/v2/resources?page=2&per_page=100
2026-06-04 17:27:38,973 - INFO - Fetched page 8 from https://cxomatters.com/wp-json/wp/v2/media?page=8&per_page=100
2026-06-04 17:27:39,068 - INFO - Fetched page 8 from https://techwebtrends.com/wp-json/wp/v2/media?page=8&per_page=100
2026-06-04 17:27:39,109 - INFO - No more pages: https://techmasternode.com/wp-json/wp/v2/resources?page=2&per_page=100
2026-06-04 17:27:39,246 - INFO - Fetched page 11 from https://businessmediums.com/wp-json/wp/v2/media?page=11&per_page=100
2026-06-04 17:27:39,287 - INFO - No more pages: https://thegrowthinsights.com/wp-json/wp/v2/media?page=8&per_page=100
2026-06-04 17:27:39,317 - INFO - Fetched page 11 from https://businessmediums.com/wp-json/wp/v2/media?page=11&per_page=100
2026-06-04 17:27:39,436 - INFO - Fetched page 8 from https://techwebtrends.com/wp-json/wp/v2/media?page=8&per_page=100
2026-06-04 17:27:39,535 - INFO - Fetched page 7 from https://thegrowthinsights.com/wp-json/wp/v2/media?page=7&per_page=100
2026-06-04 17:27:39,694 - INFO - Fetched page 9 from https://cxomatters.com/wp-json/wp/v2/media?page=9&per_page=100
2026-06-04 17:27:39,703 - INFO - Fetched page 9 from https://techwebtrends.com/wp-json/wp/v2/media?page=9&per_page=100
2026-06-04 17:27:39,785 - INFO - Fetched page 8 from https://cxomatters.com/wp-json/wp/v2/media?page=8&per_page=100
2026-06-04 17:27:40,034 - INFO - Fetched page 9 from https://techwebtrends.com/wp-json/wp/v2/media?page=9&per_page=100
2026-06-04 17:27:40,120 - INFO - No more pages: https://thegrowthinsights.com/wp-json/wp/v2/media?page=8&per_page=100
2026-06-04 17:27:40,286 - INFO - Fetched page 12 from https://businessmediums.com/wp-json/wp/v2/media?page=12&per_page=100
2026-06-04 17:27:40,323 - INFO - Fetched page 12 from https://businessmediums.com/wp-json/wp/v2/media?page=12&per_page=100
2026-06-04 17:27:40,324 - INFO - Fetched page 10 from https://techwebtrends.com/wp-json/wp/v2/media?page=10&per_page=100
2026-06-04 17:27:40,896 - INFO - Fetched page 9 from https://cxomatters.com/wp-json/wp/v2/media?page=9&per_page=100
2026-06-04 17:27:40,897 - INFO - Fetched page 10 from https://techwebtrends.com/wp-json/wp/v2/media?page=10&per_page=100
2026-06-04 17:27:40,902 - INFO - Fetched page 10 from https://cxomatters.com/wp-json/wp/v2/media?page=10&per_page=100
2026-06-04 17:27:40,911 - INFO - Fetched page 1 from https://thegrowthinsights.com/wp-json/wp/v2/resources?page=1&per_page=100
2026-06-04 17:27:41,307 - INFO - No more pages: https://techwebtrends.com/wp-json/wp/v2/media?page=11&per_page=100
2026-06-04 17:27:41,476 - INFO - No more pages: https://techwebtrends.com/wp-json/wp/v2/media?page=11&per_page=100
2026-06-04 17:27:41,484 - INFO - Fetched page 13 from https://businessmediums.com/wp-json/wp/v2/media?page=13&per_page=100
2026-06-04 17:27:41,531 - INFO - Fetched page 1 from https://thegrowthinsights.com/wp-json/wp/v2/resources?page=1&per_page=100
2026-06-04 17:27:41,647 - INFO - No more pages: https://thegrowthinsights.com/wp-json/wp/v2/resources?page=2&per_page=100
2026-06-04 17:27:41,793 - INFO - Fetched page 13 from https://businessmediums.com/wp-json/wp/v2/media?page=13&per_page=100
2026-06-04 17:27:41,964 - INFO - Fetched page 10 from https://cxomatters.com/wp-json/wp/v2/media?page=10&per_page=100
2026-06-04 17:27:41,982 - INFO - Fetched page 11 from https://cxomatters.com/wp-json/wp/v2/media?page=11&per_page=100
2026-06-04 17:27:42,246 - INFO - No more pages: https://thegrowthinsights.com/wp-json/wp/v2/resources?page=2&per_page=100
2026-06-04 17:27:42,564 - INFO - Fetched page 14 from https://businessmediums.com/wp-json/wp/v2/media?page=14&per_page=100
2026-06-04 17:27:42,681 - INFO - Fetched page 12 from https://cxomatters.com/wp-json/wp/v2/media?page=12&per_page=100
2026-06-04 17:27:42,719 - INFO - Fetched page 14 from https://businessmediums.com/wp-json/wp/v2/media?page=14&per_page=100
2026-06-04 17:27:42,782 - INFO - Fetched page 1 from https://techwebtrends.com/wp-json/wp/v2/resources?page=1&per_page=100
2026-06-04 17:27:42,929 - INFO - Fetched page 11 from https://cxomatters.com/wp-json/wp/v2/media?page=11&per_page=100
2026-06-04 17:27:43,106 - INFO - Fetched page 1 from https://techwebtrends.com/wp-json/wp/v2/resources?page=1&per_page=100
2026-06-04 17:27:43,184 - INFO - No more pages: https://businessmediums.com/wp-json/wp/v2/media?page=15&per_page=100
2026-06-04 17:27:43,282 - INFO - No more pages: https://techwebtrends.com/wp-json/wp/v2/resources?page=2&per_page=100
2026-06-04 17:27:43,314 - INFO - No more pages: https://cxomatters.com/wp-json/wp/v2/media?page=13&per_page=100
2026-06-04 17:27:43,322 - INFO - No more pages: https://businessmediums.com/wp-json/wp/v2/media?page=15&per_page=100
2026-06-04 17:27:43,571 - INFO - Fetched page 12 from https://cxomatters.com/wp-json/wp/v2/media?page=12&per_page=100
2026-06-04 17:27:43,618 - INFO - No more pages: https://techwebtrends.com/wp-json/wp/v2/resources?page=2&per_page=100
2026-06-04 17:27:44,146 - INFO - No more pages: https://cxomatters.com/wp-json/wp/v2/media?page=13&per_page=100
2026-06-04 17:27:44,616 - INFO - Fetched page 1 from https://businessmediums.com/wp-json/wp/v2/resources?page=1&per_page=100
2026-06-04 17:27:44,699 - INFO - Fetched page 1 from https://businessmediums.com/wp-json/wp/v2/resources?page=1&per_page=100
2026-06-04 17:27:44,714 - INFO - Fetched page 1 from https://cxomatters.com/wp-json/wp/v2/resources?page=1&per_page=100
2026-06-04 17:27:45,271 - INFO - No more pages: https://businessmediums.com/wp-json/wp/v2/resources?page=2&per_page=100
2026-06-04 17:27:45,368 - INFO - No more pages: https://cxomatters.com/wp-json/wp/v2/resources?page=2&per_page=100
2026-06-04 17:27:45,384 - INFO - No more pages: https://businessmediums.com/wp-json/wp/v2/resources?page=2&per_page=100
2026-06-04 17:27:45,546 - INFO - Fetched page 1 from https://cxomatters.com/wp-json/wp/v2/resources?page=1&per_page=100
2026-06-04 17:27:46,390 - INFO - No more pages: https://cxomatters.com/wp-json/wp/v2/resources?page=2&per_page=100
2026-06-04 17:30:48,145 - INFO - Fetched page 1 from https://cxomatters.com/wp-json/wp/v2/posts?page=1&per_page=100
2026-06-04 17:30:48,297 - INFO - Fetched page 1 from https://businessmediums.com/wp-json/wp/v2/posts?page=1&per_page=100
2026-06-04 17:30:48,388 - INFO - Fetched page 1 from https://techwebtrends.com/wp-json/wp/v2/posts?page=1&per_page=100
2026-06-04 17:30:48,474 - INFO - Fetched page 1 from https://techmasternode.com/wp-json/wp/v2/posts?page=1&per_page=100
2026-06-04 17:30:48,487 - INFO - Fetched page 1 from https://worldbusinesshour.com/wp-json/wp/v2/posts?page=1&per_page=100
2026-06-04 17:30:48,506 - INFO - Fetched page 1 from https://thegrowthinsights.com/wp-json/wp/v2/posts?page=1&per_page=100
2026-06-04 17:30:48,999 - INFO - No more pages: https://businessmediums.com/wp-json/wp/v2/posts?page=2&per_page=100
2026-06-04 17:30:49,015 - INFO - Fetched page 1 from https://cxomatters.com/wp-json/wp/v2/posts?page=1&per_page=100
2026-06-04 17:30:49,038 - INFO - Fetched page 1 from https://businessmediums.com/wp-json/wp/v2/posts?page=1&per_page=100
2026-06-04 17:30:49,058 - INFO - Fetched page 1 from https://thegrowthinsights.com/wp-json/wp/v2/posts?page=1&per_page=100
2026-06-04 17:30:49,069 - INFO - Fetched page 1 from https://techwebtrends.com/wp-json/wp/v2/posts?page=1&per_page=100
2026-06-04 17:30:49,249 - INFO - Fetched page 1 from https://techmasternode.com/wp-json/wp/v2/posts?page=1&per_page=100
2026-06-04 17:30:49,318 - INFO - Fetched page 1 from https://worldbusinesshour.com/wp-json/wp/v2/posts?page=1&per_page=100
2026-06-04 17:30:49,539 - INFO - Fetched page 2 from https://worldbusinesshour.com/wp-json/wp/v2/posts?page=2&per_page=100
2026-06-04 17:30:49,694 - INFO - No more pages: https://businessmediums.com/wp-json/wp/v2/posts?page=2&per_page=100
2026-06-04 17:30:50,056 - INFO - Fetched page 2 from https://cxomatters.com/wp-json/wp/v2/posts?page=2&per_page=100
2026-06-04 17:30:50,153 - INFO - No more pages: https://worldbusinesshour.com/wp-json/wp/v2/posts?page=3&per_page=100
2026-06-04 17:30:50,172 - INFO - Fetched page 2 from https://techwebtrends.com/wp-json/wp/v2/posts?page=2&per_page=100
2026-06-04 17:30:50,208 - INFO - Fetched page 2 from https://thegrowthinsights.com/wp-json/wp/v2/posts?page=2&per_page=100
2026-06-04 17:30:50,356 - INFO - Fetched page 1 from https://businessmediums.com/wp-json/wp/v2/pages?page=1&per_page=100
2026-06-04 17:30:50,366 - INFO - Fetched page 2 from https://techmasternode.com/wp-json/wp/v2/posts?page=2&per_page=100
2026-06-04 17:30:50,391 - INFO - Fetched page 2 from https://worldbusinesshour.com/wp-json/wp/v2/posts?page=2&per_page=100
2026-06-04 17:30:50,720 - INFO - Fetched page 2 from https://thegrowthinsights.com/wp-json/wp/v2/posts?page=2&per_page=100
2026-06-04 17:30:50,729 - INFO - Fetched page 2 from https://techwebtrends.com/wp-json/wp/v2/posts?page=2&per_page=100
2026-06-04 17:30:50,783 - INFO - Fetched page 3 from https://cxomatters.com/wp-json/wp/v2/posts?page=3&per_page=100
2026-06-04 17:30:50,808 - INFO - Fetched page 2 from https://cxomatters.com/wp-json/wp/v2/posts?page=2&per_page=100
2026-06-04 17:30:50,845 - INFO - No more pages: https://thegrowthinsights.com/wp-json/wp/v2/posts?page=3&per_page=100
2026-06-04 17:30:51,012 - INFO - Fetched page 1 from https://businessmediums.com/wp-json/wp/v2/pages?page=1&per_page=100
2026-06-04 17:30:51,015 - INFO - No more pages: https://worldbusinesshour.com/wp-json/wp/v2/posts?page=3&per_page=100
2026-06-04 17:30:51,120 - INFO - Fetched page 3 from https://techmasternode.com/wp-json/wp/v2/posts?page=3&per_page=100
2026-06-04 17:30:51,177 - INFO - Fetched page 2 from https://techmasternode.com/wp-json/wp/v2/posts?page=2&per_page=100
2026-06-04 17:30:51,400 - INFO - No more pages: https://thegrowthinsights.com/wp-json/wp/v2/posts?page=3&per_page=100
2026-06-04 17:30:51,418 - INFO - No more pages: https://cxomatters.com/wp-json/wp/v2/posts?page=4&per_page=100
2026-06-04 17:30:51,592 - INFO - Fetched page 3 from https://cxomatters.com/wp-json/wp/v2/posts?page=3&per_page=100
2026-06-04 17:30:51,696 - INFO - No more pages: https://techmasternode.com/wp-json/wp/v2/posts?page=4&per_page=100
2026-06-04 17:30:51,769 - INFO - Fetched page 3 from https://techwebtrends.com/wp-json/wp/v2/posts?page=3&per_page=100
2026-06-04 17:30:51,898 - INFO - Fetched page 3 from https://techmasternode.com/wp-json/wp/v2/posts?page=3&per_page=100
2026-06-04 17:30:52,236 - INFO - No more pages: https://cxomatters.com/wp-json/wp/v2/posts?page=4&per_page=100
2026-06-04 17:30:52,304 - INFO - Fetched page 1 from https://thegrowthinsights.com/wp-json/wp/v2/pages?page=1&per_page=100
2026-06-04 17:30:52,304 - INFO - Fetched page 3 from https://techwebtrends.com/wp-json/wp/v2/posts?page=3&per_page=100
2026-06-04 17:30:52,368 - INFO - Fetched page 4 from https://techwebtrends.com/wp-json/wp/v2/posts?page=4&per_page=100
2026-06-04 17:30:52,446 - INFO - No more pages: https://techmasternode.com/wp-json/wp/v2/posts?page=4&per_page=100
2026-06-04 17:30:52,510 - INFO - Fetched page 1 from https://worldbusinesshour.com/wp-json/wp/v2/pages?page=1&per_page=100
2026-06-04 17:30:52,632 - INFO - Fetched page 1 from https://cxomatters.com/wp-json/wp/v2/pages?page=1&per_page=100
2026-06-04 17:30:52,805 - INFO - Fetched page 2 from https://businessmediums.com/wp-json/wp/v2/pages?page=2&per_page=100
2026-06-04 17:30:52,843 - INFO - Fetched page 4 from https://techwebtrends.com/wp-json/wp/v2/posts?page=4&per_page=100
2026-06-04 17:30:52,874 - INFO - Fetched page 1 from https://thegrowthinsights.com/wp-json/wp/v2/pages?page=1&per_page=100
2026-06-04 17:30:52,900 - INFO - No more pages: https://techwebtrends.com/wp-json/wp/v2/posts?page=5&per_page=100
2026-06-04 17:30:52,934 - INFO - No more pages: https://thegrowthinsights.com/wp-json/wp/v2/pages?page=2&per_page=100
2026-06-04 17:30:53,506 - INFO - No more pages: https://worldbusinesshour.com/wp-json/wp/v2/pages?page=2&per_page=100
2026-06-04 17:30:53,515 - INFO - No more pages: https://techwebtrends.com/wp-json/wp/v2/posts?page=5&per_page=100
2026-06-04 17:30:53,521 - INFO - No more pages: https://businessmediums.com/wp-json/wp/v2/pages?page=3&per_page=100
2026-06-04 17:30:53,524 - INFO - Fetched page 1 from https://cxomatters.com/wp-json/wp/v2/pages?page=1&per_page=100
2026-06-04 17:30:53,583 - INFO - No more pages: https://thegrowthinsights.com/wp-json/wp/v2/pages?page=2&per_page=100
2026-06-04 17:30:53,769 - INFO - Fetched page 2 from https://businessmediums.com/wp-json/wp/v2/pages?page=2&per_page=100
2026-06-04 17:30:53,772 - INFO - Fetched page 1 from https://techmasternode.com/wp-json/wp/v2/pages?page=1&per_page=100
2026-06-04 17:30:53,781 - INFO - Fetched page 1 from https://worldbusinesshour.com/wp-json/wp/v2/pages?page=1&per_page=100
2026-06-04 17:30:53,884 - INFO - Fetched page 2 from https://cxomatters.com/wp-json/wp/v2/pages?page=2&per_page=100
2026-06-04 17:30:54,005 - INFO - Fetched page 1 from https://techmasternode.com/wp-json/wp/v2/pages?page=1&per_page=100
2026-06-04 17:30:54,024 - INFO - Fetched page 1 from https://techwebtrends.com/wp-json/wp/v2/pages?page=1&per_page=100
2026-06-04 17:30:54,397 - INFO - No more pages: https://techmasternode.com/wp-json/wp/v2/pages?page=2&per_page=100
2026-06-04 17:30:54,403 - INFO - No more pages: https://businessmediums.com/wp-json/wp/v2/pages?page=3&per_page=100
2026-06-04 17:30:54,430 - INFO - No more pages: https://worldbusinesshour.com/wp-json/wp/v2/pages?page=2&per_page=100
2026-06-04 17:30:54,531 - INFO - No more pages: https://techmasternode.com/wp-json/wp/v2/pages?page=2&per_page=100
2026-06-04 17:30:54,673 - INFO - Fetched page 1 from https://thegrowthinsights.com/wp-json/wp/v2/media?page=1&per_page=100
2026-06-04 17:30:54,766 - INFO - Fetched page 1 from https://worldbusinesshour.com/wp-json/wp/v2/media?page=1&per_page=100
2026-06-04 17:30:54,774 - INFO - Fetched page 1 from https://businessmediums.com/wp-json/wp/v2/media?page=1&per_page=100
2026-06-04 17:30:54,887 - INFO - Fetched page 1 from https://techwebtrends.com/wp-json/wp/v2/pages?page=1&per_page=100
2026-06-04 17:30:54,934 - INFO - Fetched page 2 from https://cxomatters.com/wp-json/wp/v2/pages?page=2&per_page=100
2026-06-04 17:30:55,559 - INFO - Fetched page 3 from https://cxomatters.com/wp-json/wp/v2/pages?page=3&per_page=100
2026-06-04 17:30:55,572 - INFO - Fetched page 1 from https://businessmediums.com/wp-json/wp/v2/media?page=1&per_page=100
2026-06-04 17:30:55,583 - INFO - Fetched page 1 from https://worldbusinesshour.com/wp-json/wp/v2/media?page=1&per_page=100
2026-06-04 17:30:55,794 - INFO - Fetched page 2 from https://worldbusinesshour.com/wp-json/wp/v2/media?page=2&per_page=100
2026-06-04 17:30:55,811 - INFO - Fetched page 2 from https://businessmediums.com/wp-json/wp/v2/media?page=2&per_page=100
2026-06-04 17:30:55,833 - INFO - Fetched page 1 from https://techmasternode.com/wp-json/wp/v2/media?page=1&per_page=100
2026-06-04 17:30:55,834 - INFO - Fetched page 1 from https://techmasternode.com/wp-json/wp/v2/media?page=1&per_page=100
2026-06-04 17:30:55,843 - INFO - Fetched page 1 from https://thegrowthinsights.com/wp-json/wp/v2/media?page=1&per_page=100
2026-06-04 17:30:56,274 - INFO - Fetched page 3 from https://cxomatters.com/wp-json/wp/v2/pages?page=3&per_page=100
2026-06-04 17:30:56,465 - INFO - Fetched page 2 from https://thegrowthinsights.com/wp-json/wp/v2/media?page=2&per_page=100
2026-06-04 17:30:56,468 - INFO - No more pages: https://cxomatters.com/wp-json/wp/v2/pages?page=4&per_page=100
2026-06-04 17:30:56,476 - INFO - Fetched page 2 from https://techwebtrends.com/wp-json/wp/v2/pages?page=2&per_page=100
2026-06-04 17:30:56,581 - INFO - Fetched page 3 from https://businessmediums.com/wp-json/wp/v2/media?page=3&per_page=100
2026-06-04 17:30:56,816 - INFO - Fetched page 3 from https://worldbusinesshour.com/wp-json/wp/v2/media?page=3&per_page=100
2026-06-04 17:30:56,856 - INFO - Fetched page 2 from https://businessmediums.com/wp-json/wp/v2/media?page=2&per_page=100
2026-06-04 17:30:56,871 - INFO - Fetched page 2 from https://techmasternode.com/wp-json/wp/v2/media?page=2&per_page=100
2026-06-04 17:30:56,880 - INFO - Fetched page 2 from https://worldbusinesshour.com/wp-json/wp/v2/media?page=2&per_page=100
2026-06-04 17:30:56,882 - INFO - No more pages: https://cxomatters.com/wp-json/wp/v2/pages?page=4&per_page=100
2026-06-04 17:30:56,917 - INFO - Fetched page 2 from https://techmasternode.com/wp-json/wp/v2/media?page=2&per_page=100
2026-06-04 17:30:57,028 - INFO - No more pages: https://techwebtrends.com/wp-json/wp/v2/pages?page=3&per_page=100
2026-06-04 17:30:57,383 - INFO - Fetched page 2 from https://techwebtrends.com/wp-json/wp/v2/pages?page=2&per_page=100
2026-06-04 17:30:57,490 - INFO - Fetched page 1 from https://cxomatters.com/wp-json/wp/v2/media?page=1&per_page=100
2026-06-04 17:30:57,564 - INFO - Fetched page 2 from https://thegrowthinsights.com/wp-json/wp/v2/media?page=2&per_page=100
2026-06-04 17:30:57,596 - INFO - Fetched page 4 from https://businessmediums.com/wp-json/wp/v2/media?page=4&per_page=100
2026-06-04 17:30:57,821 - INFO - Fetched page 4 from https://worldbusinesshour.com/wp-json/wp/v2/media?page=4&per_page=100
2026-06-04 17:30:57,856 - INFO - Fetched page 3 from https://businessmediums.com/wp-json/wp/v2/media?page=3&per_page=100
2026-06-04 17:30:57,899 - INFO - Fetched page 3 from https://worldbusinesshour.com/wp-json/wp/v2/media?page=3&per_page=100
2026-06-04 17:30:57,916 - INFO - Fetched page 3 from https://techmasternode.com/wp-json/wp/v2/media?page=3&per_page=100
2026-06-04 17:30:57,937 - INFO - No more pages: https://techwebtrends.com/wp-json/wp/v2/pages?page=3&per_page=100
2026-06-04 17:30:57,971 - INFO - Fetched page 1 from https://techwebtrends.com/wp-json/wp/v2/media?page=1&per_page=100
2026-06-04 17:30:57,991 - INFO - Fetched page 1 from https://cxomatters.com/wp-json/wp/v2/media?page=1&per_page=100
2026-06-04 17:30:57,998 - INFO - Fetched page 3 from https://techmasternode.com/wp-json/wp/v2/media?page=3&per_page=100
2026-06-04 17:30:58,280 - INFO - Fetched page 3 from https://thegrowthinsights.com/wp-json/wp/v2/media?page=3&per_page=100
2026-06-04 17:30:58,315 - INFO - Fetched page 5 from https://businessmediums.com/wp-json/wp/v2/media?page=5&per_page=100
2026-06-04 17:30:58,548 - INFO - Fetched page 2 from https://cxomatters.com/wp-json/wp/v2/media?page=2&per_page=100
2026-06-04 17:30:58,672 - INFO - Fetched page 4 from https://worldbusinesshour.com/wp-json/wp/v2/media?page=4&per_page=100
2026-06-04 17:30:58,830 - INFO - Fetched page 4 from https://businessmediums.com/wp-json/wp/v2/media?page=4&per_page=100
2026-06-04 17:30:58,879 - INFO - Fetched page 2 from https://techwebtrends.com/wp-json/wp/v2/media?page=2&per_page=100
2026-06-04 17:30:58,903 - INFO - Fetched page 4 from https://techmasternode.com/wp-json/wp/v2/media?page=4&per_page=100
2026-06-04 17:30:58,914 - INFO - Fetched page 1 from https://techwebtrends.com/wp-json/wp/v2/media?page=1&per_page=100
2026-06-04 17:30:58,983 - INFO - Fetched page 5 from https://worldbusinesshour.com/wp-json/wp/v2/media?page=5&per_page=100
2026-06-04 17:30:58,989 - INFO - Fetched page 4 from https://techmasternode.com/wp-json/wp/v2/media?page=4&per_page=100
2026-06-04 17:30:59,001 - INFO - Fetched page 6 from https://businessmediums.com/wp-json/wp/v2/media?page=6&per_page=100
2026-06-04 17:30:59,149 - INFO - Fetched page 2 from https://cxomatters.com/wp-json/wp/v2/media?page=2&per_page=100
2026-06-04 17:30:59,313 - INFO - Fetched page 3 from https://thegrowthinsights.com/wp-json/wp/v2/media?page=3&per_page=100
2026-06-04 17:30:59,584 - INFO - Fetched page 3 from https://cxomatters.com/wp-json/wp/v2/media?page=3&per_page=100
2026-06-04 17:30:59,657 - INFO - Fetched page 5 from https://techmasternode.com/wp-json/wp/v2/media?page=5&per_page=100
2026-06-04 17:30:59,702 - INFO - Fetched page 5 from https://worldbusinesshour.com/wp-json/wp/v2/media?page=5&per_page=100
2026-06-04 17:30:59,716 - INFO - Fetched page 5 from https://techmasternode.com/wp-json/wp/v2/media?page=5&per_page=100
2026-06-04 17:30:59,805 - INFO - Fetched page 4 from https://thegrowthinsights.com/wp-json/wp/v2/media?page=4&per_page=100
2026-06-04 17:30:59,834 - INFO - Fetched page 5 from https://businessmediums.com/wp-json/wp/v2/media?page=5&per_page=100
2026-06-04 17:30:59,851 - INFO - Fetched page 3 from https://techwebtrends.com/wp-json/wp/v2/media?page=3&per_page=100
2026-06-04 17:30:59,889 - INFO - Fetched page 2 from https://techwebtrends.com/wp-json/wp/v2/media?page=2&per_page=100
2026-06-04 17:31:00,016 - INFO - Fetched page 6 from https://worldbusinesshour.com/wp-json/wp/v2/media?page=6&per_page=100
2026-06-04 17:31:00,061 - INFO - Fetched page 7 from https://businessmediums.com/wp-json/wp/v2/media?page=7&per_page=100
2026-06-04 17:31:00,223 - INFO - Fetched page 3 from https://cxomatters.com/wp-json/wp/v2/media?page=3&per_page=100
2026-06-04 17:31:00,659 - INFO - Fetched page 7 from https://worldbusinesshour.com/wp-json/wp/v2/media?page=7&per_page=100
2026-06-04 17:31:00,664 - INFO - Fetched page 4 from https://cxomatters.com/wp-json/wp/v2/media?page=4&per_page=100
2026-06-04 17:31:00,671 - INFO - Fetched page 6 from https://techmasternode.com/wp-json/wp/v2/media?page=6&per_page=100
2026-06-04 17:31:00,748 - INFO - Fetched page 4 from https://techwebtrends.com/wp-json/wp/v2/media?page=4&per_page=100
2026-06-04 17:31:00,749 - INFO - Fetched page 4 from https://thegrowthinsights.com/wp-json/wp/v2/media?page=4&per_page=100
2026-06-04 17:31:00,790 - INFO - Fetched page 6 from https://worldbusinesshour.com/wp-json/wp/v2/media?page=6&per_page=100
2026-06-04 17:31:00,801 - INFO - Fetched page 8 from https://businessmediums.com/wp-json/wp/v2/media?page=8&per_page=100
2026-06-04 17:31:00,806 - INFO - Fetched page 3 from https://techwebtrends.com/wp-json/wp/v2/media?page=3&per_page=100
2026-06-04 17:31:00,812 - INFO - Fetched page 6 from https://businessmediums.com/wp-json/wp/v2/media?page=6&per_page=100
2026-06-04 17:31:00,820 - INFO - Fetched page 6 from https://techmasternode.com/wp-json/wp/v2/media?page=6&per_page=100
2026-06-04 17:31:01,132 - INFO - Fetched page 5 from https://thegrowthinsights.com/wp-json/wp/v2/media?page=5&per_page=100
2026-06-04 17:31:01,294 - INFO - No more pages: https://worldbusinesshour.com/wp-json/wp/v2/media?page=8&per_page=100
2026-06-04 17:31:01,298 - INFO - Fetched page 4 from https://cxomatters.com/wp-json/wp/v2/media?page=4&per_page=100
2026-06-04 17:31:01,340 - INFO - Fetched page 7 from https://techmasternode.com/wp-json/wp/v2/media?page=7&per_page=100
2026-06-04 17:31:01,458 - INFO - Fetched page 7 from https://worldbusinesshour.com/wp-json/wp/v2/media?page=7&per_page=100
2026-06-04 17:31:01,518 - INFO - Fetched page 4 from https://techwebtrends.com/wp-json/wp/v2/media?page=4&per_page=100
2026-06-04 17:31:01,583 - INFO - Fetched page 9 from https://businessmediums.com/wp-json/wp/v2/media?page=9&per_page=100
2026-06-04 17:31:01,598 - INFO - Fetched page 7 from https://techmasternode.com/wp-json/wp/v2/media?page=7&per_page=100
2026-06-04 17:31:01,708 - INFO - Fetched page 5 from https://cxomatters.com/wp-json/wp/v2/media?page=5&per_page=100
2026-06-04 17:31:01,753 - INFO - Fetched page 5 from https://techwebtrends.com/wp-json/wp/v2/media?page=5&per_page=100
2026-06-04 17:31:01,931 - INFO - Fetched page 7 from https://businessmediums.com/wp-json/wp/v2/media?page=7&per_page=100
2026-06-04 17:31:01,997 - INFO - No more pages: https://techmasternode.com/wp-json/wp/v2/media?page=8&per_page=100
2026-06-04 17:31:02,105 - INFO - Fetched page 5 from https://thegrowthinsights.com/wp-json/wp/v2/media?page=5&per_page=100
2026-06-04 17:31:02,185 - INFO - No more pages: https://worldbusinesshour.com/wp-json/wp/v2/media?page=8&per_page=100
2026-06-04 17:31:02,236 - INFO - No more pages: https://techmasternode.com/wp-json/wp/v2/media?page=8&per_page=100
2026-06-04 17:31:02,312 - INFO - Fetched page 6 from https://thegrowthinsights.com/wp-json/wp/v2/media?page=6&per_page=100
2026-06-04 17:31:02,434 - INFO - Fetched page 6 from https://techwebtrends.com/wp-json/wp/v2/media?page=6&per_page=100
2026-06-04 17:31:02,518 - INFO - Fetched page 5 from https://techwebtrends.com/wp-json/wp/v2/media?page=5&per_page=100
2026-06-04 17:31:02,592 - INFO - Fetched page 5 from https://cxomatters.com/wp-json/wp/v2/media?page=5&per_page=100
2026-06-04 17:31:02,633 - INFO - Fetched page 10 from https://businessmediums.com/wp-json/wp/v2/media?page=10&per_page=100
2026-06-04 17:31:02,752 - INFO - Fetched page 8 from https://businessmediums.com/wp-json/wp/v2/media?page=8&per_page=100
2026-06-04 17:31:02,841 - INFO - Fetched page 6 from https://cxomatters.com/wp-json/wp/v2/media?page=6&per_page=100
2026-06-04 17:31:02,900 - INFO - Fetched page 1 from https://worldbusinesshour.com/wp-json/wp/v2/resources?page=1&per_page=100
2026-06-04 17:31:03,071 - INFO - Fetched page 7 from https://thegrowthinsights.com/wp-json/wp/v2/media?page=7&per_page=100
2026-06-04 17:31:03,102 - INFO - Fetched page 7 from https://techwebtrends.com/wp-json/wp/v2/media?page=7&per_page=100
2026-06-04 17:31:03,170 - INFO - Fetched page 6 from https://techwebtrends.com/wp-json/wp/v2/media?page=6&per_page=100
2026-06-04 17:31:03,189 - INFO - Fetched page 6 from https://thegrowthinsights.com/wp-json/wp/v2/media?page=6&per_page=100
2026-06-04 17:31:03,448 - INFO - Fetched page 1 from https://techmasternode.com/wp-json/wp/v2/resources?page=1&per_page=100
2026-06-04 17:31:03,486 - INFO - No more pages: https://worldbusinesshour.com/wp-json/wp/v2/resources?page=2&per_page=100
2026-06-04 17:31:03,503 - INFO - Fetched page 9 from https://businessmediums.com/wp-json/wp/v2/media?page=9&per_page=100
2026-06-04 17:31:03,648 - INFO - Fetched page 11 from https://businessmediums.com/wp-json/wp/v2/media?page=11&per_page=100
2026-06-04 17:31:03,685 - INFO - Fetched page 1 from https://worldbusinesshour.com/wp-json/wp/v2/resources?page=1&per_page=100
2026-06-04 17:31:03,699 - INFO - Fetched page 6 from https://cxomatters.com/wp-json/wp/v2/media?page=6&per_page=100
2026-06-04 17:31:03,724 - INFO - No more pages: https://thegrowthinsights.com/wp-json/wp/v2/media?page=8&per_page=100
2026-06-04 17:31:03,762 - INFO - Fetched page 7 from https://techwebtrends.com/wp-json/wp/v2/media?page=7&per_page=100
2026-06-04 17:31:03,798 - INFO - Fetched page 1 from https://techmasternode.com/wp-json/wp/v2/resources?page=1&per_page=100
2026-06-04 17:31:03,877 - INFO - Fetched page 7 from https://cxomatters.com/wp-json/wp/v2/media?page=7&per_page=100
2026-06-04 17:31:03,939 - INFO - Fetched page 7 from https://thegrowthinsights.com/wp-json/wp/v2/media?page=7&per_page=100
2026-06-04 17:31:03,976 - INFO - No more pages: https://techmasternode.com/wp-json/wp/v2/resources?page=2&per_page=100
2026-06-04 17:31:04,110 - INFO - Fetched page 8 from https://techwebtrends.com/wp-json/wp/v2/media?page=8&per_page=100
2026-06-04 17:31:04,355 - INFO - No more pages: https://worldbusinesshour.com/wp-json/wp/v2/resources?page=2&per_page=100
2026-06-04 17:31:04,372 - INFO - No more pages: https://techmasternode.com/wp-json/wp/v2/resources?page=2&per_page=100
2026-06-04 17:31:04,544 - INFO - Fetched page 10 from https://businessmediums.com/wp-json/wp/v2/media?page=10&per_page=100
2026-06-04 17:31:04,602 - INFO - No more pages: https://thegrowthinsights.com/wp-json/wp/v2/media?page=8&per_page=100
2026-06-04 17:31:04,645 - INFO - Fetched page 8 from https://cxomatters.com/wp-json/wp/v2/media?page=8&per_page=100
2026-06-04 17:31:04,692 - INFO - Fetched page 12 from https://businessmediums.com/wp-json/wp/v2/media?page=12&per_page=100
2026-06-04 17:31:04,733 - INFO - Fetched page 8 from https://techwebtrends.com/wp-json/wp/v2/media?page=8&per_page=100
2026-06-04 17:31:04,788 - INFO - Fetched page 7 from https://cxomatters.com/wp-json/wp/v2/media?page=7&per_page=100
2026-06-04 17:31:04,791 - INFO - Fetched page 9 from https://techwebtrends.com/wp-json/wp/v2/media?page=9&per_page=100
2026-06-04 17:31:05,327 - INFO - Fetched page 1 from https://thegrowthinsights.com/wp-json/wp/v2/resources?page=1&per_page=100
2026-06-04 17:31:05,362 - INFO - Fetched page 10 from https://techwebtrends.com/wp-json/wp/v2/media?page=10&per_page=100
2026-06-04 17:31:05,390 - INFO - Fetched page 9 from https://cxomatters.com/wp-json/wp/v2/media?page=9&per_page=100
2026-06-04 17:31:05,393 - INFO - Fetched page 9 from https://techwebtrends.com/wp-json/wp/v2/media?page=9&per_page=100
2026-06-04 17:31:05,556 - INFO - Fetched page 11 from https://businessmediums.com/wp-json/wp/v2/media?page=11&per_page=100
2026-06-04 17:31:05,694 - INFO - Fetched page 13 from https://businessmediums.com/wp-json/wp/v2/media?page=13&per_page=100
2026-06-04 17:31:05,868 - INFO - Fetched page 8 from https://cxomatters.com/wp-json/wp/v2/media?page=8&per_page=100
2026-06-04 17:31:05,946 - INFO - No more pages: https://techwebtrends.com/wp-json/wp/v2/media?page=11&per_page=100
2026-06-04 17:31:05,998 - INFO - Fetched page 10 from https://techwebtrends.com/wp-json/wp/v2/media?page=10&per_page=100
2026-06-04 17:31:06,002 - INFO - No more pages: https://thegrowthinsights.com/wp-json/wp/v2/resources?page=2&per_page=100
2026-06-04 17:31:06,104 - INFO - Fetched page 1 from https://thegrowthinsights.com/wp-json/wp/v2/resources?page=1&per_page=100
2026-06-04 17:31:06,520 - INFO - Fetched page 10 from https://cxomatters.com/wp-json/wp/v2/media?page=10&per_page=100
2026-06-04 17:31:06,537 - INFO - No more pages: https://techwebtrends.com/wp-json/wp/v2/media?page=11&per_page=100
2026-06-04 17:31:06,558 - INFO - Fetched page 12 from https://businessmediums.com/wp-json/wp/v2/media?page=12&per_page=100
2026-06-04 17:31:06,656 - INFO - Fetched page 14 from https://businessmediums.com/wp-json/wp/v2/media?page=14&per_page=100
2026-06-04 17:31:06,728 - INFO - No more pages: https://thegrowthinsights.com/wp-json/wp/v2/resources?page=2&per_page=100
2026-06-04 17:31:06,963 - INFO - Fetched page 9 from https://cxomatters.com/wp-json/wp/v2/media?page=9&per_page=100
2026-06-04 17:31:07,253 - INFO - No more pages: https://businessmediums.com/wp-json/wp/v2/media?page=15&per_page=100
2026-06-04 17:31:07,320 - INFO - Fetched page 11 from https://cxomatters.com/wp-json/wp/v2/media?page=11&per_page=100
2026-06-04 17:31:07,502 - INFO - Fetched page 1 from https://techwebtrends.com/wp-json/wp/v2/resources?page=1&per_page=100
2026-06-04 17:31:07,549 - INFO - Fetched page 13 from https://businessmediums.com/wp-json/wp/v2/media?page=13&per_page=100
2026-06-04 17:31:07,956 - INFO - Fetched page 1 from https://techwebtrends.com/wp-json/wp/v2/resources?page=1&per_page=100
2026-06-04 17:31:07,992 - INFO - Fetched page 12 from https://cxomatters.com/wp-json/wp/v2/media?page=12&per_page=100
2026-06-04 17:31:08,011 - INFO - No more pages: https://techwebtrends.com/wp-json/wp/v2/resources?page=2&per_page=100
2026-06-04 17:31:08,030 - INFO - Fetched page 10 from https://cxomatters.com/wp-json/wp/v2/media?page=10&per_page=100
2026-06-04 17:31:08,510 - INFO - No more pages: https://techwebtrends.com/wp-json/wp/v2/resources?page=2&per_page=100
2026-06-04 17:31:08,564 - INFO - Fetched page 14 from https://businessmediums.com/wp-json/wp/v2/media?page=14&per_page=100
2026-06-04 17:31:08,643 - INFO - No more pages: https://cxomatters.com/wp-json/wp/v2/media?page=13&per_page=100
2026-06-04 17:31:08,661 - INFO - Fetched page 1 from https://businessmediums.com/wp-json/wp/v2/resources?page=1&per_page=100
2026-06-04 17:31:08,870 - INFO - Fetched page 11 from https://cxomatters.com/wp-json/wp/v2/media?page=11&per_page=100
2026-06-04 17:31:09,194 - INFO - No more pages: https://businessmediums.com/wp-json/wp/v2/media?page=15&per_page=100
2026-06-04 17:31:09,351 - INFO - No more pages: https://businessmediums.com/wp-json/wp/v2/resources?page=2&per_page=100
2026-06-04 17:31:09,543 - INFO - Fetched page 12 from https://cxomatters.com/wp-json/wp/v2/media?page=12&per_page=100
2026-06-04 17:31:10,078 - INFO - Fetched page 1 from https://cxomatters.com/wp-json/wp/v2/resources?page=1&per_page=100
2026-06-04 17:31:10,174 - INFO - No more pages: https://cxomatters.com/wp-json/wp/v2/media?page=13&per_page=100
2026-06-04 17:31:10,601 - INFO - Fetched page 1 from https://businessmediums.com/wp-json/wp/v2/resources?page=1&per_page=100
2026-06-04 17:31:10,731 - INFO - No more pages: https://cxomatters.com/wp-json/wp/v2/resources?page=2&per_page=100
2026-06-04 17:31:11,278 - INFO - No more pages: https://businessmediums.com/wp-json/wp/v2/resources?page=2&per_page=100
2026-06-04 17:31:11,732 - INFO - Fetched page 1 from https://cxomatters.com/wp-json/wp/v2/resources?page=1&per_page=100
2026-06-04 17:31:12,309 - INFO - No more pages: https://cxomatters.com/wp-json/wp/v2/resources?page=2&per_page=100
2026-06-04 17:34:13,603 - INFO - Fetched page 1 from https://thegrowthinsights.com/wp-json/wp/v2/posts?page=1&per_page=100
2026-06-04 17:34:13,673 - INFO - Fetched page 1 from https://cxomatters.com/wp-json/wp/v2/posts?page=1&per_page=100
2026-06-04 17:34:13,718 - INFO - Fetched page 1 from https://businessmediums.com/wp-json/wp/v2/posts?page=1&per_page=100
2026-06-04 17:34:13,847 - INFO - Fetched page 1 from https://worldbusinesshour.com/wp-json/wp/v2/posts?page=1&per_page=100
2026-06-04 17:34:13,873 - INFO - Fetched page 1 from https://techwebtrends.com/wp-json/wp/v2/posts?page=1&per_page=100
2026-06-04 17:34:13,978 - INFO - Fetched page 1 from https://techmasternode.com/wp-json/wp/v2/posts?page=1&per_page=100
2026-06-04 17:34:14,441 - INFO - No more pages: https://businessmediums.com/wp-json/wp/v2/posts?page=2&per_page=100
2026-06-04 17:34:14,904 - INFO - Fetched page 2 from https://worldbusinesshour.com/wp-json/wp/v2/posts?page=2&per_page=100
2026-06-04 17:34:14,915 - INFO - Fetched page 1 from https://techwebtrends.com/wp-json/wp/v2/posts?page=1&per_page=100
2026-06-04 17:34:15,004 - INFO - Fetched page 1 from https://thegrowthinsights.com/wp-json/wp/v2/posts?page=1&per_page=100
2026-06-04 17:34:15,022 - INFO - Fetched page 1 from https://techmasternode.com/wp-json/wp/v2/posts?page=1&per_page=100
2026-06-04 17:34:15,066 - INFO - Fetched page 1 from https://worldbusinesshour.com/wp-json/wp/v2/posts?page=1&per_page=100
2026-06-04 17:34:15,083 - INFO - Fetched page 1 from https://businessmediums.com/wp-json/wp/v2/posts?page=1&per_page=100
2026-06-04 17:34:15,096 - INFO - Fetched page 1 from https://cxomatters.com/wp-json/wp/v2/posts?page=1&per_page=100
2026-06-04 17:34:15,232 - INFO - Fetched page 2 from https://techwebtrends.com/wp-json/wp/v2/posts?page=2&per_page=100
2026-06-04 17:34:15,290 - INFO - Fetched page 2 from https://thegrowthinsights.com/wp-json/wp/v2/posts?page=2&per_page=100
2026-06-04 17:34:15,527 - INFO - Fetched page 2 from https://cxomatters.com/wp-json/wp/v2/posts?page=2&per_page=100
2026-06-04 17:34:15,567 - INFO - No more pages: https://worldbusinesshour.com/wp-json/wp/v2/posts?page=3&per_page=100
2026-06-04 17:34:15,767 - INFO - Fetched page 1 from https://businessmediums.com/wp-json/wp/v2/pages?page=1&per_page=100
2026-06-04 17:34:15,781 - INFO - No more pages: https://businessmediums.com/wp-json/wp/v2/posts?page=2&per_page=100
2026-06-04 17:34:15,938 - INFO - Fetched page 2 from https://techmasternode.com/wp-json/wp/v2/posts?page=2&per_page=100
2026-06-04 17:34:15,948 - INFO - No more pages: https://thegrowthinsights.com/wp-json/wp/v2/posts?page=3&per_page=100
2026-06-04 17:34:16,210 - INFO - Fetched page 2 from https://worldbusinesshour.com/wp-json/wp/v2/posts?page=2&per_page=100
2026-06-04 17:34:16,265 - INFO - Fetched page 3 from https://cxomatters.com/wp-json/wp/v2/posts?page=3&per_page=100
2026-06-04 17:34:16,506 - INFO - Fetched page 2 from https://techwebtrends.com/wp-json/wp/v2/posts?page=2&per_page=100
2026-06-04 17:34:16,619 - INFO - Fetched page 3 from https://techwebtrends.com/wp-json/wp/v2/posts?page=3&per_page=100
2026-06-04 17:34:16,682 - INFO - Fetched page 2 from https://thegrowthinsights.com/wp-json/wp/v2/posts?page=2&per_page=100
2026-06-04 17:34:16,702 - INFO - Fetched page 3 from https://techmasternode.com/wp-json/wp/v2/posts?page=3&per_page=100
2026-06-04 17:34:16,825 - INFO - Fetched page 2 from https://cxomatters.com/wp-json/wp/v2/posts?page=2&per_page=100
2026-06-04 17:34:16,862 - INFO - No more pages: https://worldbusinesshour.com/wp-json/wp/v2/posts?page=3&per_page=100
2026-06-04 17:34:16,891 - INFO - No more pages: https://cxomatters.com/wp-json/wp/v2/posts?page=4&per_page=100
2026-06-04 17:34:16,937 - INFO - Fetched page 2 from https://techmasternode.com/wp-json/wp/v2/posts?page=2&per_page=100
2026-06-04 17:34:17,188 - INFO - Fetched page 4 from https://techwebtrends.com/wp-json/wp/v2/posts?page=4&per_page=100
2026-06-04 17:34:17,192 - INFO - Fetched page 1 from https://businessmediums.com/wp-json/wp/v2/pages?page=1&per_page=100
2026-06-04 17:34:17,280 - INFO - No more pages: https://techmasternode.com/wp-json/wp/v2/posts?page=4&per_page=100
2026-06-04 17:34:17,304 - INFO - No more pages: https://thegrowthinsights.com/wp-json/wp/v2/posts?page=3&per_page=100
2026-06-04 17:34:17,561 - INFO - Fetched page 1 from https://thegrowthinsights.com/wp-json/wp/v2/pages?page=1&per_page=100
2026-06-04 17:34:17,564 - INFO - Fetched page 3 from https://cxomatters.com/wp-json/wp/v2/posts?page=3&per_page=100
2026-06-04 17:34:17,691 - INFO - Fetched page 3 from https://techmasternode.com/wp-json/wp/v2/posts?page=3&per_page=100
2026-06-04 17:34:17,743 - INFO - No more pages: https://techwebtrends.com/wp-json/wp/v2/posts?page=5&per_page=100
2026-06-04 17:34:18,012 - INFO - Fetched page 3 from https://techwebtrends.com/wp-json/wp/v2/posts?page=3&per_page=100
2026-06-04 17:34:18,075 - INFO - Fetched page 1 from https://worldbusinesshour.com/wp-json/wp/v2/pages?page=1&per_page=100
2026-06-04 17:34:18,171 - INFO - No more pages: https://cxomatters.com/wp-json/wp/v2/posts?page=4&per_page=100
2026-06-04 17:34:18,181 - INFO - No more pages: https://thegrowthinsights.com/wp-json/wp/v2/pages?page=2&per_page=100
2026-06-04 17:34:18,223 - INFO - Fetched page 1 from https://cxomatters.com/wp-json/wp/v2/pages?page=1&per_page=100
2026-06-04 17:34:18,231 - INFO - No more pages: https://techmasternode.com/wp-json/wp/v2/posts?page=4&per_page=100
2026-06-04 17:34:18,301 - INFO - Fetched page 2 from https://businessmediums.com/wp-json/wp/v2/pages?page=2&per_page=100
2026-06-04 17:34:18,559 - INFO - Fetched page 4 from https://techwebtrends.com/wp-json/wp/v2/posts?page=4&per_page=100
2026-06-04 17:34:18,680 - INFO - No more pages: https://worldbusinesshour.com/wp-json/wp/v2/pages?page=2&per_page=100
2026-06-04 17:34:18,696 - INFO - Fetched page 1 from https://thegrowthinsights.com/wp-json/wp/v2/pages?page=1&per_page=100
2026-06-04 17:34:18,857 - INFO - Fetched page 1 from https://techmasternode.com/wp-json/wp/v2/pages?page=1&per_page=100
2026-06-04 17:34:18,875 - INFO - Fetched page 1 from https://techwebtrends.com/wp-json/wp/v2/pages?page=1&per_page=100
2026-06-04 17:34:18,967 - INFO - No more pages: https://businessmediums.com/wp-json/wp/v2/pages?page=3&per_page=100
2026-06-04 17:34:19,040 - INFO - No more pages: https://techwebtrends.com/wp-json/wp/v2/posts?page=5&per_page=100
2026-06-04 17:34:19,161 - INFO - Fetched page 1 from https://worldbusinesshour.com/wp-json/wp/v2/pages?page=1&per_page=100
2026-06-04 17:34:19,287 - INFO - No more pages: https://thegrowthinsights.com/wp-json/wp/v2/pages?page=2&per_page=100
2026-06-04 17:34:19,391 - INFO - No more pages: https://techmasternode.com/wp-json/wp/v2/pages?page=2&per_page=100
2026-06-04 17:34:19,434 - INFO - Fetched page 1 from https://cxomatters.com/wp-json/wp/v2/pages?page=1&per_page=100
2026-06-04 17:34:19,462 - INFO - Fetched page 2 from https://cxomatters.com/wp-json/wp/v2/pages?page=2&per_page=100
2026-06-04 17:34:19,542 - INFO - Fetched page 2 from https://businessmediums.com/wp-json/wp/v2/pages?page=2&per_page=100
2026-06-04 17:34:19,695 - INFO - Fetched page 1 from https://worldbusinesshour.com/wp-json/wp/v2/media?page=1&per_page=100
2026-06-04 17:34:19,716 - INFO - Fetched page 1 from https://techmasternode.com/wp-json/wp/v2/pages?page=1&per_page=100
2026-06-04 17:34:19,753 - INFO - No more pages: https://worldbusinesshour.com/wp-json/wp/v2/pages?page=2&per_page=100
2026-06-04 17:34:20,071 - INFO - Fetched page 1 from https://businessmediums.com/wp-json/wp/v2/media?page=1&per_page=100
2026-06-04 17:34:20,081 - INFO - Fetched page 1 from https://thegrowthinsights.com/wp-json/wp/v2/media?page=1&per_page=100
2026-06-04 17:34:20,114 - INFO - Fetched page 1 from https://techwebtrends.com/wp-json/wp/v2/pages?page=1&per_page=100
2026-06-04 17:34:20,146 - INFO - No more pages: https://businessmediums.com/wp-json/wp/v2/pages?page=3&per_page=100
2026-06-04 17:34:20,343 - INFO - No more pages: https://techmasternode.com/wp-json/wp/v2/pages?page=2&per_page=100
2026-06-04 17:34:20,575 - INFO - Fetched page 1 from https://techmasternode.com/wp-json/wp/v2/media?page=1&per_page=100
2026-06-04 17:34:20,692 - INFO - Fetched page 2 from https://cxomatters.com/wp-json/wp/v2/pages?page=2&per_page=100
2026-06-04 17:34:20,710 - INFO - Fetched page 3 from https://cxomatters.com/wp-json/wp/v2/pages?page=3&per_page=100
2026-06-04 17:34:20,717 - INFO - Fetched page 2 from https://worldbusinesshour.com/wp-json/wp/v2/media?page=2&per_page=100
2026-06-04 17:34:20,784 - INFO - Fetched page 1 from https://worldbusinesshour.com/wp-json/wp/v2/media?page=1&per_page=100
2026-06-04 17:34:21,017 - INFO - Fetched page 1 from https://thegrowthinsights.com/wp-json/wp/v2/media?page=1&per_page=100
2026-06-04 17:34:21,092 - INFO - Fetched page 2 from https://businessmediums.com/wp-json/wp/v2/media?page=2&per_page=100
2026-06-04 17:34:21,207 - INFO - Fetched page 1 from https://businessmediums.com/wp-json/wp/v2/media?page=1&per_page=100
2026-06-04 17:34:21,279 - INFO - Fetched page 2 from https://techwebtrends.com/wp-json/wp/v2/pages?page=2&per_page=100
2026-06-04 17:34:21,305 - INFO - No more pages: https://cxomatters.com/wp-json/wp/v2/pages?page=4&per_page=100
2026-06-04 17:34:21,529 - INFO - Fetched page 1 from https://techmasternode.com/wp-json/wp/v2/media?page=1&per_page=100
2026-06-04 17:34:21,725 - INFO - Fetched page 2 from https://techmasternode.com/wp-json/wp/v2/media?page=2&per_page=100
2026-06-04 17:34:21,810 - INFO - Fetched page 3 from https://worldbusinesshour.com/wp-json/wp/v2/media?page=3&per_page=100
2026-06-04 17:34:21,814 - INFO - No more pages: https://techwebtrends.com/wp-json/wp/v2/pages?page=3&per_page=100
2026-06-04 17:34:21,836 - INFO - Fetched page 2 from https://thegrowthinsights.com/wp-json/wp/v2/media?page=2&per_page=100
2026-06-04 17:34:21,838 - INFO - Fetched page 2 from https://worldbusinesshour.com/wp-json/wp/v2/media?page=2&per_page=100
2026-06-04 17:34:21,845 - INFO - Fetched page 3 from https://businessmediums.com/wp-json/wp/v2/media?page=3&per_page=100
2026-06-04 17:34:21,916 - INFO - Fetched page 3 from https://cxomatters.com/wp-json/wp/v2/pages?page=3&per_page=100
2026-06-04 17:34:22,218 - INFO - Fetched page 2 from https://businessmediums.com/wp-json/wp/v2/media?page=2&per_page=100
2026-06-04 17:34:22,314 - INFO - Fetched page 1 from https://cxomatters.com/wp-json/wp/v2/media?page=1&per_page=100
2026-06-04 17:34:22,515 - INFO - No more pages: https://cxomatters.com/wp-json/wp/v2/pages?page=4&per_page=100
2026-06-04 17:34:22,570 - INFO - Fetched page 2 from https://techmasternode.com/wp-json/wp/v2/media?page=2&per_page=100
2026-06-04 17:34:22,645 - INFO - Fetched page 2 from https://techwebtrends.com/wp-json/wp/v2/pages?page=2&per_page=100
2026-06-04 17:34:22,666 - INFO - Fetched page 4 from https://worldbusinesshour.com/wp-json/wp/v2/media?page=4&per_page=100
2026-06-04 17:34:22,744 - INFO - Fetched page 2 from https://thegrowthinsights.com/wp-json/wp/v2/media?page=2&per_page=100
2026-06-04 17:34:22,750 - INFO - Fetched page 1 from https://techwebtrends.com/wp-json/wp/v2/media?page=1&per_page=100
2026-06-04 17:34:22,785 - INFO - Fetched page 3 from https://techmasternode.com/wp-json/wp/v2/media?page=3&per_page=100
2026-06-04 17:34:22,904 - INFO - Fetched page 4 from https://businessmediums.com/wp-json/wp/v2/media?page=4&per_page=100
2026-06-04 17:34:22,911 - INFO - Fetched page 3 from https://businessmediums.com/wp-json/wp/v2/media?page=3&per_page=100
2026-06-04 17:34:22,921 - INFO - Fetched page 3 from https://worldbusinesshour.com/wp-json/wp/v2/media?page=3&per_page=100
2026-06-04 17:34:23,229 - INFO - No more pages: https://techwebtrends.com/wp-json/wp/v2/pages?page=3&per_page=100
2026-06-04 17:34:23,320 - INFO - Fetched page 2 from https://cxomatters.com/wp-json/wp/v2/media?page=2&per_page=100
2026-06-04 17:34:23,536 - INFO - Fetched page 3 from https://thegrowthinsights.com/wp-json/wp/v2/media?page=3&per_page=100
2026-06-04 17:34:23,587 - INFO - Fetched page 3 from https://techmasternode.com/wp-json/wp/v2/media?page=3&per_page=100
2026-06-04 17:34:23,591 - INFO - Fetched page 1 from https://cxomatters.com/wp-json/wp/v2/media?page=1&per_page=100
2026-06-04 17:34:23,626 - INFO - Fetched page 5 from https://businessmediums.com/wp-json/wp/v2/media?page=5&per_page=100
2026-06-04 17:34:23,669 - INFO - Fetched page 4 from https://worldbusinesshour.com/wp-json/wp/v2/media?page=4&per_page=100
2026-06-04 17:34:23,678 - INFO - Fetched page 5 from https://worldbusinesshour.com/wp-json/wp/v2/media?page=5&per_page=100
2026-06-04 17:34:23,706 - INFO - Fetched page 2 from https://techwebtrends.com/wp-json/wp/v2/media?page=2&per_page=100
2026-06-04 17:34:23,834 - INFO - Fetched page 4 from https://techmasternode.com/wp-json/wp/v2/media?page=4&per_page=100
2026-06-04 17:34:24,043 - INFO - Fetched page 4 from https://businessmediums.com/wp-json/wp/v2/media?page=4&per_page=100
2026-06-04 17:34:24,368 - INFO - Fetched page 3 from https://cxomatters.com/wp-json/wp/v2/media?page=3&per_page=100
2026-06-04 17:34:24,368 - INFO - Fetched page 1 from https://techwebtrends.com/wp-json/wp/v2/media?page=1&per_page=100
2026-06-04 17:34:24,391 - INFO - Fetched page 3 from https://thegrowthinsights.com/wp-json/wp/v2/media?page=3&per_page=100
2026-06-04 17:34:24,431 - INFO - Fetched page 6 from https://businessmediums.com/wp-json/wp/v2/media?page=6&per_page=100
2026-06-04 17:34:24,537 - INFO - Fetched page 5 from https://techmasternode.com/wp-json/wp/v2/media?page=5&per_page=100
2026-06-04 17:34:24,600 - INFO - Fetched page 4 from https://techmasternode.com/wp-json/wp/v2/media?page=4&per_page=100
2026-06-04 17:34:24,619 - INFO - Fetched page 3 from https://techwebtrends.com/wp-json/wp/v2/media?page=3&per_page=100
2026-06-04 17:34:24,642 - INFO - Fetched page 2 from https://cxomatters.com/wp-json/wp/v2/media?page=2&per_page=100
2026-06-04 17:34:24,685 - INFO - Fetched page 6 from https://worldbusinesshour.com/wp-json/wp/v2/media?page=6&per_page=100
2026-06-04 17:34:24,722 - INFO - Fetched page 5 from https://worldbusinesshour.com/wp-json/wp/v2/media?page=5&per_page=100
2026-06-04 17:34:24,793 - INFO - Fetched page 5 from https://businessmediums.com/wp-json/wp/v2/media?page=5&per_page=100
2026-06-04 17:34:24,980 - INFO - Fetched page 4 from https://thegrowthinsights.com/wp-json/wp/v2/media?page=4&per_page=100
2026-06-04 17:34:25,393 - INFO - Fetched page 7 from https://worldbusinesshour.com/wp-json/wp/v2/media?page=7&per_page=100
2026-06-04 17:34:25,412 - INFO - Fetched page 2 from https://techwebtrends.com/wp-json/wp/v2/media?page=2&per_page=100
2026-06-04 17:34:25,413 - INFO - Fetched page 5 from https://techmasternode.com/wp-json/wp/v2/media?page=5&per_page=100
2026-06-04 17:34:25,414 - INFO - Fetched page 4 from https://cxomatters.com/wp-json/wp/v2/media?page=4&per_page=100
2026-06-04 17:34:25,426 - INFO - Fetched page 4 from https://techwebtrends.com/wp-json/wp/v2/media?page=4&per_page=100
2026-06-04 17:34:25,577 - INFO - Fetched page 7 from https://businessmediums.com/wp-json/wp/v2/media?page=7&per_page=100
2026-06-04 17:34:25,607 - INFO - Fetched page 6 from https://businessmediums.com/wp-json/wp/v2/media?page=6&per_page=100
2026-06-04 17:34:25,626 - INFO - Fetched page 6 from https://techmasternode.com/wp-json/wp/v2/media?page=6&per_page=100
2026-06-04 17:34:25,681 - INFO - Fetched page 3 from https://cxomatters.com/wp-json/wp/v2/media?page=3&per_page=100
2026-06-04 17:34:25,738 - INFO - Fetched page 6 from https://worldbusinesshour.com/wp-json/wp/v2/media?page=6&per_page=100
2026-06-04 17:34:25,859 - INFO - Fetched page 4 from https://thegrowthinsights.com/wp-json/wp/v2/media?page=4&per_page=100
2026-06-04 17:34:26,015 - INFO - No more pages: https://worldbusinesshour.com/wp-json/wp/v2/media?page=8&per_page=100
2026-06-04 17:34:26,216 - INFO - Fetched page 5 from https://thegrowthinsights.com/wp-json/wp/v2/media?page=5&per_page=100
2026-06-04 17:34:26,300 - INFO - Fetched page 7 from https://techmasternode.com/wp-json/wp/v2/media?page=7&per_page=100
2026-06-04 17:34:26,337 - INFO - Fetched page 5 from https://techwebtrends.com/wp-json/wp/v2/media?page=5&per_page=100
2026-06-04 17:34:26,350 - INFO - Fetched page 7 from https://worldbusinesshour.com/wp-json/wp/v2/media?page=7&per_page=100
2026-06-04 17:34:26,409 - INFO - Fetched page 3 from https://techwebtrends.com/wp-json/wp/v2/media?page=3&per_page=100
2026-06-04 17:34:26,531 - INFO - Fetched page 5 from https://cxomatters.com/wp-json/wp/v2/media?page=5&per_page=100
2026-06-04 17:34:26,603 - INFO - Fetched page 6 from https://techmasternode.com/wp-json/wp/v2/media?page=6&per_page=100
2026-06-04 17:34:26,626 - INFO - Fetched page 8 from https://businessmediums.com/wp-json/wp/v2/media?page=8&per_page=100
2026-06-04 17:34:26,669 - INFO - Fetched page 7 from https://businessmediums.com/wp-json/wp/v2/media?page=7&per_page=100
2026-06-04 17:34:26,792 - INFO - Fetched page 4 from https://cxomatters.com/wp-json/wp/v2/media?page=4&per_page=100
2026-06-04 17:34:26,856 - INFO - No more pages: https://techmasternode.com/wp-json/wp/v2/media?page=8&per_page=100
2026-06-04 17:34:26,961 - INFO - No more pages: https://worldbusinesshour.com/wp-json/wp/v2/media?page=8&per_page=100
2026-06-04 17:34:26,999 - INFO - Fetched page 6 from https://techwebtrends.com/wp-json/wp/v2/media?page=6&per_page=100
2026-06-04 17:34:27,062 - INFO - Fetched page 4 from https://techwebtrends.com/wp-json/wp/v2/media?page=4&per_page=100
2026-06-04 17:34:27,329 - INFO - Fetched page 7 from https://techmasternode.com/wp-json/wp/v2/media?page=7&per_page=100
2026-06-04 17:34:27,331 - INFO - Fetched page 6 from https://thegrowthinsights.com/wp-json/wp/v2/media?page=6&per_page=100
2026-06-04 17:34:27,335 - INFO - Fetched page 9 from https://businessmediums.com/wp-json/wp/v2/media?page=9&per_page=100
2026-06-04 17:34:27,340 - INFO - Fetched page 5 from https://thegrowthinsights.com/wp-json/wp/v2/media?page=5&per_page=100
2026-06-04 17:34:27,433 - INFO - Fetched page 8 from https://businessmediums.com/wp-json/wp/v2/media?page=8&per_page=100
2026-06-04 17:34:27,486 - INFO - Fetched page 1 from https://worldbusinesshour.com/wp-json/wp/v2/resources?page=1&per_page=100
2026-06-04 17:34:27,654 - INFO - Fetched page 6 from https://cxomatters.com/wp-json/wp/v2/media?page=6&per_page=100
2026-06-04 17:34:27,660 - INFO - Fetched page 7 from https://techwebtrends.com/wp-json/wp/v2/media?page=7&per_page=100
2026-06-04 17:34:27,846 - INFO - No more pages: https://techmasternode.com/wp-json/wp/v2/media?page=8&per_page=100
2026-06-04 17:34:27,851 - INFO - Fetched page 5 from https://cxomatters.com/wp-json/wp/v2/media?page=5&per_page=100
2026-06-04 17:34:28,021 - INFO - Fetched page 5 from https://techwebtrends.com/wp-json/wp/v2/media?page=5&per_page=100
2026-06-04 17:34:28,087 - INFO - Fetched page 7 from https://thegrowthinsights.com/wp-json/wp/v2/media?page=7&per_page=100
2026-06-04 17:34:28,107 - INFO - No more pages: https://worldbusinesshour.com/wp-json/wp/v2/resources?page=2&per_page=100
2026-06-04 17:34:28,162 - INFO - Fetched page 9 from https://businessmediums.com/wp-json/wp/v2/media?page=9&per_page=100
2026-06-04 17:34:28,307 - INFO - Fetched page 1 from https://techmasternode.com/wp-json/wp/v2/resources?page=1&per_page=100
2026-06-04 17:34:28,316 - INFO - Fetched page 10 from https://businessmediums.com/wp-json/wp/v2/media?page=10&per_page=100
2026-06-04 17:34:28,466 - INFO - Fetched page 1 from https://worldbusinesshour.com/wp-json/wp/v2/resources?page=1&per_page=100
2026-06-04 17:34:28,485 - INFO - Fetched page 6 from https://thegrowthinsights.com/wp-json/wp/v2/media?page=6&per_page=100
2026-06-04 17:34:28,607 - INFO - Fetched page 8 from https://techwebtrends.com/wp-json/wp/v2/media?page=8&per_page=100
2026-06-04 17:34:28,656 - INFO - Fetched page 6 from https://techwebtrends.com/wp-json/wp/v2/media?page=6&per_page=100
2026-06-04 17:34:28,680 - INFO - Fetched page 7 from https://cxomatters.com/wp-json/wp/v2/media?page=7&per_page=100
2026-06-04 17:34:28,705 - INFO - No more pages: https://thegrowthinsights.com/wp-json/wp/v2/media?page=8&per_page=100
2026-06-04 17:34:28,967 - INFO - No more pages: https://techmasternode.com/wp-json/wp/v2/resources?page=2&per_page=100
2026-06-04 17:34:29,008 - INFO - Fetched page 6 from https://cxomatters.com/wp-json/wp/v2/media?page=6&per_page=100
2026-06-04 17:34:29,060 - INFO - No more pages: https://worldbusinesshour.com/wp-json/wp/v2/resources?page=2&per_page=100
2026-06-04 17:34:29,182 - INFO - Fetched page 10 from https://businessmediums.com/wp-json/wp/v2/media?page=10&per_page=100
2026-06-04 17:34:29,243 - INFO - Fetched page 9 from https://techwebtrends.com/wp-json/wp/v2/media?page=9&per_page=100
2026-06-04 17:34:29,309 - INFO - Fetched page 11 from https://businessmediums.com/wp-json/wp/v2/media?page=11&per_page=100
2026-06-04 17:34:29,322 - INFO - Fetched page 1 from https://techmasternode.com/wp-json/wp/v2/resources?page=1&per_page=100
2026-06-04 17:34:29,333 - INFO - Fetched page 7 from https://techwebtrends.com/wp-json/wp/v2/media?page=7&per_page=100
2026-06-04 17:34:29,487 - INFO - Fetched page 7 from https://thegrowthinsights.com/wp-json/wp/v2/media?page=7&per_page=100
2026-06-04 17:34:29,491 - INFO - Fetched page 8 from https://cxomatters.com/wp-json/wp/v2/media?page=8&per_page=100
2026-06-04 17:34:29,829 - INFO - Fetched page 10 from https://techwebtrends.com/wp-json/wp/v2/media?page=10&per_page=100
2026-06-04 17:34:29,860 - INFO - No more pages: https://techmasternode.com/wp-json/wp/v2/resources?page=2&per_page=100
2026-06-04 17:34:30,062 - INFO - No more pages: https://thegrowthinsights.com/wp-json/wp/v2/media?page=8&per_page=100
2026-06-04 17:34:30,144 - INFO - Fetched page 7 from https://cxomatters.com/wp-json/wp/v2/media?page=7&per_page=100
2026-06-04 17:34:30,215 - INFO - Fetched page 9 from https://cxomatters.com/wp-json/wp/v2/media?page=9&per_page=100
2026-06-04 17:34:30,226 - INFO - Fetched page 11 from https://businessmediums.com/wp-json/wp/v2/media?page=11&per_page=100
2026-06-04 17:34:30,238 - INFO - Fetched page 1 from https://thegrowthinsights.com/wp-json/wp/v2/resources?page=1&per_page=100
2026-06-04 17:34:30,253 - INFO - Fetched page 8 from https://techwebtrends.com/wp-json/wp/v2/media?page=8&per_page=100
2026-06-04 17:34:30,281 - INFO - Fetched page 12 from https://businessmediums.com/wp-json/wp/v2/media?page=12&per_page=100
2026-06-04 17:34:30,363 - INFO - No more pages: https://techwebtrends.com/wp-json/wp/v2/media?page=11&per_page=100
2026-06-04 17:34:31,017 - INFO - No more pages: https://thegrowthinsights.com/wp-json/wp/v2/resources?page=2&per_page=100
2026-06-04 17:34:31,032 - INFO - Fetched page 9 from https://techwebtrends.com/wp-json/wp/v2/media?page=9&per_page=100
2026-06-04 17:34:31,062 - INFO - Fetched page 8 from https://cxomatters.com/wp-json/wp/v2/media?page=8&per_page=100
2026-06-04 17:34:31,254 - INFO - Fetched page 12 from https://businessmediums.com/wp-json/wp/v2/media?page=12&per_page=100
2026-06-04 17:34:31,281 - INFO - Fetched page 10 from https://cxomatters.com/wp-json/wp/v2/media?page=10&per_page=100
2026-06-04 17:34:31,305 - INFO - Fetched page 13 from https://businessmediums.com/wp-json/wp/v2/media?page=13&per_page=100
2026-06-04 17:34:31,521 - INFO - Fetched page 1 from https://thegrowthinsights.com/wp-json/wp/v2/resources?page=1&per_page=100
2026-06-04 17:34:31,682 - INFO - Fetched page 10 from https://techwebtrends.com/wp-json/wp/v2/media?page=10&per_page=100
2026-06-04 17:34:31,845 - INFO - Fetched page 9 from https://cxomatters.com/wp-json/wp/v2/media?page=9&per_page=100
2026-06-04 17:34:31,861 - INFO - Fetched page 1 from https://techwebtrends.com/wp-json/wp/v2/resources?page=1&per_page=100
2026-06-04 17:34:32,047 - INFO - Fetched page 11 from https://cxomatters.com/wp-json/wp/v2/media?page=11&per_page=100
2026-06-04 17:34:32,170 - INFO - No more pages: https://thegrowthinsights.com/wp-json/wp/v2/resources?page=2&per_page=100
2026-06-04 17:34:32,189 - INFO - No more pages: https://techwebtrends.com/wp-json/wp/v2/media?page=11&per_page=100
2026-06-04 17:34:32,273 - INFO - Fetched page 14 from https://businessmediums.com/wp-json/wp/v2/media?page=14&per_page=100
2026-06-04 17:34:32,338 - INFO - Fetched page 13 from https://businessmediums.com/wp-json/wp/v2/media?page=13&per_page=100
2026-06-04 17:34:32,357 - INFO - No more pages: https://techwebtrends.com/wp-json/wp/v2/resources?page=2&per_page=100
2026-06-04 17:34:32,745 - INFO - Fetched page 12 from https://cxomatters.com/wp-json/wp/v2/media?page=12&per_page=100
2026-06-04 17:34:32,907 - INFO - Fetched page 10 from https://cxomatters.com/wp-json/wp/v2/media?page=10&per_page=100
2026-06-04 17:34:32,960 - INFO - No more pages: https://businessmediums.com/wp-json/wp/v2/media?page=15&per_page=100
2026-06-04 17:34:33,339 - INFO - Fetched page 14 from https://businessmediums.com/wp-json/wp/v2/media?page=14&per_page=100
2026-06-04 17:34:33,450 - INFO - No more pages: https://cxomatters.com/wp-json/wp/v2/media?page=13&per_page=100
2026-06-04 17:34:33,661 - INFO - Fetched page 1 from https://techwebtrends.com/wp-json/wp/v2/resources?page=1&per_page=100
2026-06-04 17:34:33,777 - INFO - Fetched page 11 from https://cxomatters.com/wp-json/wp/v2/media?page=11&per_page=100
2026-06-04 17:34:34,007 - INFO - No more pages: https://businessmediums.com/wp-json/wp/v2/media?page=15&per_page=100
2026-06-04 17:34:34,238 - INFO - No more pages: https://techwebtrends.com/wp-json/wp/v2/resources?page=2&per_page=100
2026-06-04 17:34:34,503 - INFO - Fetched page 1 from https://businessmediums.com/wp-json/wp/v2/resources?page=1&per_page=100
2026-06-04 17:34:34,515 - INFO - Fetched page 12 from https://cxomatters.com/wp-json/wp/v2/media?page=12&per_page=100
2026-06-04 17:34:35,112 - INFO - No more pages: https://businessmediums.com/wp-json/wp/v2/resources?page=2&per_page=100
2026-06-04 17:34:35,114 - INFO - No more pages: https://cxomatters.com/wp-json/wp/v2/media?page=13&per_page=100
2026-06-04 17:34:35,134 - INFO - Fetched page 1 from https://cxomatters.com/wp-json/wp/v2/resources?page=1&per_page=100
2026-06-04 17:34:35,656 - INFO - Fetched page 1 from https://businessmediums.com/wp-json/wp/v2/resources?page=1&per_page=100
2026-06-04 17:34:35,816 - INFO - No more pages: https://cxomatters.com/wp-json/wp/v2/resources?page=2&per_page=100
2026-06-04 17:34:36,339 - INFO - No more pages: https://businessmediums.com/wp-json/wp/v2/resources?page=2&per_page=100
2026-06-04 17:34:36,554 - INFO - Fetched page 1 from https://cxomatters.com/wp-json/wp/v2/resources?page=1&per_page=100
2026-06-04 17:34:37,191 - INFO - No more pages: https://cxomatters.com/wp-json/wp/v2/resources?page=2&per_page=100
2026-06-04 17:37:38,747 - INFO - Fetched page 1 from https://techwebtrends.com/wp-json/wp/v2/posts?page=1&per_page=100
2026-06-04 17:37:38,944 - INFO - Fetched page 1 from https://thegrowthinsights.com/wp-json/wp/v2/posts?page=1&per_page=100
2026-06-04 17:37:39,043 - INFO - Fetched page 1 from https://cxomatters.com/wp-json/wp/v2/posts?page=1&per_page=100
2026-06-04 17:37:39,044 - INFO - Fetched page 1 from https://businessmediums.com/wp-json/wp/v2/posts?page=1&per_page=100
2026-06-04 17:37:39,146 - INFO - Fetched page 1 from https://worldbusinesshour.com/wp-json/wp/v2/posts?page=1&per_page=100
2026-06-04 17:37:39,147 - INFO - Fetched page 1 from https://techmasternode.com/wp-json/wp/v2/posts?page=1&per_page=100
2026-06-04 17:37:39,754 - INFO - No more pages: https://businessmediums.com/wp-json/wp/v2/posts?page=2&per_page=100
2026-06-04 17:37:39,936 - INFO - Fetched page 1 from https://techwebtrends.com/wp-json/wp/v2/posts?page=1&per_page=100
2026-06-04 17:37:40,009 - INFO - Fetched page 1 from https://cxomatters.com/wp-json/wp/v2/posts?page=1&per_page=100
2026-06-04 17:37:40,158 - INFO - Fetched page 1 from https://thegrowthinsights.com/wp-json/wp/v2/posts?page=1&per_page=100
2026-06-04 17:37:40,234 - INFO - Fetched page 1 from https://businessmediums.com/wp-json/wp/v2/posts?page=1&per_page=100
2026-06-04 17:37:40,243 - INFO - Fetched page 2 from https://worldbusinesshour.com/wp-json/wp/v2/posts?page=2&per_page=100
2026-06-04 17:37:40,307 - INFO - Fetched page 1 from https://techmasternode.com/wp-json/wp/v2/posts?page=1&per_page=100
2026-06-04 17:37:40,339 - INFO - Fetched page 2 from https://techwebtrends.com/wp-json/wp/v2/posts?page=2&per_page=100
2026-06-04 17:37:40,351 - INFO - Fetched page 1 from https://worldbusinesshour.com/wp-json/wp/v2/posts?page=1&per_page=100
2026-06-04 17:37:40,715 - INFO - Fetched page 2 from https://cxomatters.com/wp-json/wp/v2/posts?page=2&per_page=100
2026-06-04 17:37:40,816 - INFO - Fetched page 2 from https://thegrowthinsights.com/wp-json/wp/v2/posts?page=2&per_page=100
2026-06-04 17:37:40,876 - INFO - No more pages: https://worldbusinesshour.com/wp-json/wp/v2/posts?page=3&per_page=100
2026-06-04 17:37:40,949 - INFO - No more pages: https://businessmediums.com/wp-json/wp/v2/posts?page=2&per_page=100
2026-06-04 17:37:41,060 - INFO - Fetched page 1 from https://businessmediums.com/wp-json/wp/v2/pages?page=1&per_page=100
2026-06-04 17:37:41,096 - INFO - Fetched page 2 from https://techmasternode.com/wp-json/wp/v2/posts?page=2&per_page=100
2026-06-04 17:37:41,415 - INFO - Fetched page 3 from https://cxomatters.com/wp-json/wp/v2/posts?page=3&per_page=100
2026-06-04 17:37:41,458 - INFO - Fetched page 2 from https://worldbusinesshour.com/wp-json/wp/v2/posts?page=2&per_page=100
2026-06-04 17:37:41,461 - INFO - No more pages: https://thegrowthinsights.com/wp-json/wp/v2/posts?page=3&per_page=100
2026-06-04 17:37:41,618 - INFO - Fetched page 2 from https://cxomatters.com/wp-json/wp/v2/posts?page=2&per_page=100
2026-06-04 17:37:41,668 - INFO - Fetched page 2 from https://techwebtrends.com/wp-json/wp/v2/posts?page=2&per_page=100
2026-06-04 17:37:41,950 - INFO - Fetched page 3 from https://techmasternode.com/wp-json/wp/v2/posts?page=3&per_page=100
2026-06-04 17:37:41,961 - INFO - Fetched page 2 from https://thegrowthinsights.com/wp-json/wp/v2/posts?page=2&per_page=100
2026-06-04 17:37:41,992 - INFO - No more pages: https://cxomatters.com/wp-json/wp/v2/posts?page=4&per_page=100
2026-06-04 17:37:42,057 - INFO - Fetched page 3 from https://techwebtrends.com/wp-json/wp/v2/posts?page=3&per_page=100
2026-06-04 17:37:42,061 - INFO - No more pages: https://worldbusinesshour.com/wp-json/wp/v2/posts?page=3&per_page=100
2026-06-04 17:37:42,255 - INFO - Fetched page 2 from https://techmasternode.com/wp-json/wp/v2/posts?page=2&per_page=100
2026-06-04 17:37:42,282 - INFO - Fetched page 1 from https://businessmediums.com/wp-json/wp/v2/pages?page=1&per_page=100
2026-06-04 17:37:42,375 - INFO - Fetched page 3 from https://cxomatters.com/wp-json/wp/v2/posts?page=3&per_page=100
2026-06-04 17:37:42,511 - INFO - No more pages: https://techmasternode.com/wp-json/wp/v2/posts?page=4&per_page=100
2026-06-04 17:37:42,594 - INFO - Fetched page 4 from https://techwebtrends.com/wp-json/wp/v2/posts?page=4&per_page=100
2026-06-04 17:37:42,598 - INFO - No more pages: https://thegrowthinsights.com/wp-json/wp/v2/posts?page=3&per_page=100
2026-06-04 17:37:42,918 - INFO - Fetched page 1 from https://thegrowthinsights.com/wp-json/wp/v2/pages?page=1&per_page=100
2026-06-04 17:37:42,986 - INFO - No more pages: https://cxomatters.com/wp-json/wp/v2/posts?page=4&per_page=100
2026-06-04 17:37:43,092 - INFO - Fetched page 3 from https://techmasternode.com/wp-json/wp/v2/posts?page=3&per_page=100
2026-06-04 17:37:43,168 - INFO - No more pages: https://techwebtrends.com/wp-json/wp/v2/posts?page=5&per_page=100
2026-06-04 17:37:43,196 - INFO - Fetched page 1 from https://cxomatters.com/wp-json/wp/v2/pages?page=1&per_page=100
2026-06-04 17:37:43,238 - INFO - Fetched page 3 from https://techwebtrends.com/wp-json/wp/v2/posts?page=3&per_page=100
2026-06-04 17:37:43,278 - INFO - Fetched page 1 from https://worldbusinesshour.com/wp-json/wp/v2/pages?page=1&per_page=100
2026-06-04 17:37:43,557 - INFO - No more pages: https://thegrowthinsights.com/wp-json/wp/v2/pages?page=2&per_page=100
2026-06-04 17:37:43,642 - INFO - Fetched page 2 from https://businessmediums.com/wp-json/wp/v2/pages?page=2&per_page=100
2026-06-04 17:37:43,784 - INFO - No more pages: https://techmasternode.com/wp-json/wp/v2/posts?page=4&per_page=100
2026-06-04 17:37:43,793 - INFO - Fetched page 4 from https://techwebtrends.com/wp-json/wp/v2/posts?page=4&per_page=100
2026-06-04 17:37:43,926 - INFO - No more pages: https://worldbusinesshour.com/wp-json/wp/v2/pages?page=2&per_page=100
2026-06-04 17:37:44,030 - INFO - Fetched page 1 from https://thegrowthinsights.com/wp-json/wp/v2/pages?page=1&per_page=100
2026-06-04 17:37:44,083 - INFO - Fetched page 1 from https://techmasternode.com/wp-json/wp/v2/pages?page=1&per_page=100
2026-06-04 17:37:44,241 - INFO - Fetched page 1 from https://cxomatters.com/wp-json/wp/v2/pages?page=1&per_page=100
2026-06-04 17:37:44,262 - INFO - No more pages: https://businessmediums.com/wp-json/wp/v2/pages?page=3&per_page=100
2026-06-04 17:37:44,291 - INFO - Fetched page 1 from https://techwebtrends.com/wp-json/wp/v2/pages?page=1&per_page=100
2026-06-04 17:37:44,347 - INFO - No more pages: https://techwebtrends.com/wp-json/wp/v2/posts?page=5&per_page=100
2026-06-04 17:37:44,418 - INFO - Fetched page 2 from https://cxomatters.com/wp-json/wp/v2/pages?page=2&per_page=100
2026-06-04 17:37:44,423 - INFO - Fetched page 1 from https://worldbusinesshour.com/wp-json/wp/v2/pages?page=1&per_page=100
2026-06-04 17:37:44,623 - INFO - Fetched page 2 from https://businessmediums.com/wp-json/wp/v2/pages?page=2&per_page=100
2026-06-04 17:37:44,667 - INFO - No more pages: https://thegrowthinsights.com/wp-json/wp/v2/pages?page=2&per_page=100
2026-06-04 17:37:44,667 - INFO - No more pages: https://techmasternode.com/wp-json/wp/v2/pages?page=2&per_page=100
2026-06-04 17:37:45,062 - INFO - Fetched page 1 from https://worldbusinesshour.com/wp-json/wp/v2/media?page=1&per_page=100
2026-06-04 17:37:45,075 - INFO - No more pages: https://worldbusinesshour.com/wp-json/wp/v2/pages?page=2&per_page=100
2026-06-04 17:37:45,222 - INFO - No more pages: https://businessmediums.com/wp-json/wp/v2/pages?page=3&per_page=100
2026-06-04 17:37:45,288 - INFO - Fetched page 1 from https://thegrowthinsights.com/wp-json/wp/v2/media?page=1&per_page=100
2026-06-04 17:37:45,302 - INFO - Fetched page 1 from https://businessmediums.com/wp-json/wp/v2/media?page=1&per_page=100
2026-06-04 17:37:45,404 - INFO - Fetched page 2 from https://cxomatters.com/wp-json/wp/v2/pages?page=2&per_page=100
2026-06-04 17:37:45,419 - INFO - Fetched page 1 from https://techmasternode.com/wp-json/wp/v2/pages?page=1&per_page=100
2026-06-04 17:37:45,488 - INFO - Fetched page 1 from https://techwebtrends.com/wp-json/wp/v2/pages?page=1&per_page=100
2026-06-04 17:37:45,664 - INFO - Fetched page 3 from https://cxomatters.com/wp-json/wp/v2/pages?page=3&per_page=100
2026-06-04 17:37:45,858 - INFO - Fetched page 1 from https://techmasternode.com/wp-json/wp/v2/media?page=1&per_page=100
2026-06-04 17:37:45,996 - INFO - No more pages: https://techmasternode.com/wp-json/wp/v2/pages?page=2&per_page=100
2026-06-04 17:37:46,090 - INFO - Fetched page 2 from https://worldbusinesshour.com/wp-json/wp/v2/media?page=2&per_page=100
2026-06-04 17:37:46,130 - INFO - Fetched page 1 from https://worldbusinesshour.com/wp-json/wp/v2/media?page=1&per_page=100
2026-06-04 17:37:46,260 - INFO - No more pages: https://cxomatters.com/wp-json/wp/v2/pages?page=4&per_page=100
2026-06-04 17:37:46,283 - INFO - Fetched page 1 from https://businessmediums.com/wp-json/wp/v2/media?page=1&per_page=100
2026-06-04 17:37:46,328 - INFO - Fetched page 2 from https://businessmediums.com/wp-json/wp/v2/media?page=2&per_page=100
2026-06-04 17:37:46,443 - INFO - Fetched page 1 from https://thegrowthinsights.com/wp-json/wp/v2/media?page=1&per_page=100
2026-06-04 17:37:46,749 - INFO - Fetched page 3 from https://cxomatters.com/wp-json/wp/v2/pages?page=3&per_page=100
2026-06-04 17:37:46,764 - INFO - Fetched page 2 from https://techwebtrends.com/wp-json/wp/v2/pages?page=2&per_page=100
2026-06-04 17:37:46,950 - INFO - Fetched page 2 from https://techmasternode.com/wp-json/wp/v2/media?page=2&per_page=100
2026-06-04 17:37:47,050 - INFO - Fetched page 2 from https://thegrowthinsights.com/wp-json/wp/v2/media?page=2&per_page=100
2026-06-04 17:37:47,058 - INFO - Fetched page 3 from https://businessmediums.com/wp-json/wp/v2/media?page=3&per_page=100
2026-06-04 17:37:47,120 - INFO - Fetched page 3 from https://worldbusinesshour.com/wp-json/wp/v2/media?page=3&per_page=100
2026-06-04 17:37:47,136 - INFO - Fetched page 1 from https://techmasternode.com/wp-json/wp/v2/media?page=1&per_page=100
2026-06-04 17:37:47,166 - INFO - Fetched page 2 from https://worldbusinesshour.com/wp-json/wp/v2/media?page=2&per_page=100
2026-06-04 17:37:47,282 - INFO - Fetched page 1 from https://cxomatters.com/wp-json/wp/v2/media?page=1&per_page=100
2026-06-04 17:37:47,330 - INFO - Fetched page 2 from https://businessmediums.com/wp-json/wp/v2/media?page=2&per_page=100
2026-06-04 17:37:47,365 - INFO - No more pages: https://techwebtrends.com/wp-json/wp/v2/pages?page=3&per_page=100
2026-06-04 17:37:47,378 - INFO - No more pages: https://cxomatters.com/wp-json/wp/v2/pages?page=4&per_page=100
2026-06-04 17:37:47,942 - INFO - Fetched page 2 from https://techwebtrends.com/wp-json/wp/v2/pages?page=2&per_page=100
2026-06-04 17:37:47,957 - INFO - Fetched page 4 from https://worldbusinesshour.com/wp-json/wp/v2/media?page=4&per_page=100
2026-06-04 17:37:48,083 - INFO - Fetched page 3 from https://techmasternode.com/wp-json/wp/v2/media?page=3&per_page=100
2026-06-04 17:37:48,107 - INFO - Fetched page 4 from https://businessmediums.com/wp-json/wp/v2/media?page=4&per_page=100
2026-06-04 17:37:48,110 - INFO - Fetched page 3 from https://businessmediums.com/wp-json/wp/v2/media?page=3&per_page=100
2026-06-04 17:37:48,210 - INFO - Fetched page 2 from https://techmasternode.com/wp-json/wp/v2/media?page=2&per_page=100
2026-06-04 17:37:48,255 - INFO - Fetched page 3 from https://worldbusinesshour.com/wp-json/wp/v2/media?page=3&per_page=100
2026-06-04 17:37:48,316 - INFO - Fetched page 2 from https://thegrowthinsights.com/wp-json/wp/v2/media?page=2&per_page=100
2026-06-04 17:37:48,320 - INFO - Fetched page 1 from https://techwebtrends.com/wp-json/wp/v2/media?page=1&per_page=100
2026-06-04 17:37:48,415 - INFO - Fetched page 2 from https://cxomatters.com/wp-json/wp/v2/media?page=2&per_page=100
2026-06-04 17:37:48,481 - INFO - Fetched page 1 from https://cxomatters.com/wp-json/wp/v2/media?page=1&per_page=100
2026-06-04 17:37:48,486 - INFO - No more pages: https://techwebtrends.com/wp-json/wp/v2/pages?page=3&per_page=100
2026-06-04 17:37:48,786 - INFO - Fetched page 3 from https://thegrowthinsights.com/wp-json/wp/v2/media?page=3&per_page=100
2026-06-04 17:37:48,881 - INFO - Fetched page 5 from https://businessmediums.com/wp-json/wp/v2/media?page=5&per_page=100
2026-06-04 17:37:48,977 - INFO - Fetched page 5 from https://worldbusinesshour.com/wp-json/wp/v2/media?page=5&per_page=100
2026-06-04 17:37:49,098 - INFO - Fetched page 4 from https://worldbusinesshour.com/wp-json/wp/v2/media?page=4&per_page=100
2026-06-04 17:37:49,107 - INFO - Fetched page 4 from https://techmasternode.com/wp-json/wp/v2/media?page=4&per_page=100
2026-06-04 17:37:49,111 - INFO - Fetched page 4 from https://businessmediums.com/wp-json/wp/v2/media?page=4&per_page=100
2026-06-04 17:37:49,286 - INFO - Fetched page 3 from https://techmasternode.com/wp-json/wp/v2/media?page=3&per_page=100
2026-06-04 17:37:49,318 - INFO - Fetched page 2 from https://techwebtrends.com/wp-json/wp/v2/media?page=2&per_page=100
2026-06-04 17:37:49,419 - INFO - Fetched page 3 from https://cxomatters.com/wp-json/wp/v2/media?page=3&per_page=100
2026-06-04 17:37:49,485 - INFO - Fetched page 1 from https://techwebtrends.com/wp-json/wp/v2/media?page=1&per_page=100
2026-06-04 17:37:49,522 - INFO - Fetched page 2 from https://cxomatters.com/wp-json/wp/v2/media?page=2&per_page=100
2026-06-04 17:37:49,585 - INFO - Fetched page 6 from https://businessmediums.com/wp-json/wp/v2/media?page=6&per_page=100
2026-06-04 17:37:49,889 - INFO - Fetched page 5 from https://businessmediums.com/wp-json/wp/v2/media?page=5&per_page=100
2026-06-04 17:37:49,908 - INFO - Fetched page 5 from https://techmasternode.com/wp-json/wp/v2/media?page=5&per_page=100
2026-06-04 17:37:50,062 - INFO - Fetched page 6 from https://worldbusinesshour.com/wp-json/wp/v2/media?page=6&per_page=100
2026-06-04 17:37:50,078 - INFO - Fetched page 3 from https://thegrowthinsights.com/wp-json/wp/v2/media?page=3&per_page=100
2026-06-04 17:37:50,255 - INFO - Fetched page 4 from https://thegrowthinsights.com/wp-json/wp/v2/media?page=4&per_page=100
2026-06-04 17:37:50,268 - INFO - Fetched page 3 from https://techwebtrends.com/wp-json/wp/v2/media?page=3&per_page=100
2026-06-04 17:37:50,275 - INFO - Fetched page 5 from https://worldbusinesshour.com/wp-json/wp/v2/media?page=5&per_page=100
2026-06-04 17:37:50,330 - INFO - Fetched page 4 from https://techmasternode.com/wp-json/wp/v2/media?page=4&per_page=100
2026-06-04 17:37:50,427 - INFO - Fetched page 2 from https://techwebtrends.com/wp-json/wp/v2/media?page=2&per_page=100
2026-06-04 17:37:50,430 - INFO - Fetched page 4 from https://cxomatters.com/wp-json/wp/v2/media?page=4&per_page=100
2026-06-04 17:37:50,568 - INFO - Fetched page 3 from https://cxomatters.com/wp-json/wp/v2/media?page=3&per_page=100
2026-06-04 17:37:50,616 - INFO - Fetched page 7 from https://businessmediums.com/wp-json/wp/v2/media?page=7&per_page=100
2026-06-04 17:37:50,641 - INFO - Fetched page 6 from https://businessmediums.com/wp-json/wp/v2/media?page=6&per_page=100
2026-06-04 17:37:50,725 - INFO - Fetched page 7 from https://worldbusinesshour.com/wp-json/wp/v2/media?page=7&per_page=100
2026-06-04 17:37:50,960 - INFO - Fetched page 6 from https://techmasternode.com/wp-json/wp/v2/media?page=6&per_page=100
2026-06-04 17:37:51,002 - INFO - Fetched page 4 from https://techwebtrends.com/wp-json/wp/v2/media?page=4&per_page=100
2026-06-04 17:37:51,050 - INFO - Fetched page 5 from https://techmasternode.com/wp-json/wp/v2/media?page=5&per_page=100
2026-06-04 17:37:51,355 - INFO - No more pages: https://worldbusinesshour.com/wp-json/wp/v2/media?page=8&per_page=100
2026-06-04 17:37:51,367 - INFO - Fetched page 6 from https://worldbusinesshour.com/wp-json/wp/v2/media?page=6&per_page=100
2026-06-04 17:37:51,383 - INFO - Fetched page 8 from https://businessmediums.com/wp-json/wp/v2/media?page=8&per_page=100
2026-06-04 17:37:51,434 - INFO - Fetched page 3 from https://techwebtrends.com/wp-json/wp/v2/media?page=3&per_page=100
2026-06-04 17:37:51,481 - INFO - Fetched page 5 from https://cxomatters.com/wp-json/wp/v2/media?page=5&per_page=100
2026-06-04 17:37:51,507 - INFO - Fetched page 4 from https://thegrowthinsights.com/wp-json/wp/v2/media?page=4&per_page=100
2026-06-04 17:37:51,585 - INFO - Fetched page 5 from https://thegrowthinsights.com/wp-json/wp/v2/media?page=5&per_page=100
2026-06-04 17:37:51,642 - INFO - Fetched page 7 from https://techmasternode.com/wp-json/wp/v2/media?page=7&per_page=100
2026-06-04 17:37:51,706 - INFO - Fetched page 4 from https://cxomatters.com/wp-json/wp/v2/media?page=4&per_page=100
2026-06-04 17:37:51,719 - INFO - Fetched page 7 from https://businessmediums.com/wp-json/wp/v2/media?page=7&per_page=100
2026-06-04 17:37:52,029 - INFO - Fetched page 7 from https://worldbusinesshour.com/wp-json/wp/v2/media?page=7&per_page=100
2026-06-04 17:37:52,034 - INFO - Fetched page 5 from https://techwebtrends.com/wp-json/wp/v2/media?page=5&per_page=100
2026-06-04 17:37:52,090 - INFO - Fetched page 6 from https://techmasternode.com/wp-json/wp/v2/media?page=6&per_page=100
2026-06-04 17:37:52,123 - INFO - Fetched page 9 from https://businessmediums.com/wp-json/wp/v2/media?page=9&per_page=100
2026-06-04 17:37:52,188 - INFO - No more pages: https://techmasternode.com/wp-json/wp/v2/media?page=8&per_page=100
2026-06-04 17:37:52,191 - INFO - Fetched page 4 from https://techwebtrends.com/wp-json/wp/v2/media?page=4&per_page=100
2026-06-04 17:37:52,506 - INFO - Fetched page 8 from https://businessmediums.com/wp-json/wp/v2/media?page=8&per_page=100
2026-06-04 17:37:52,552 - INFO - Fetched page 6 from https://cxomatters.com/wp-json/wp/v2/media?page=6&per_page=100
2026-06-04 17:37:52,655 - INFO - No more pages: https://worldbusinesshour.com/wp-json/wp/v2/media?page=8&per_page=100
2026-06-04 17:37:52,666 - INFO - Fetched page 6 from https://techwebtrends.com/wp-json/wp/v2/media?page=6&per_page=100
2026-06-04 17:37:52,706 - INFO - Fetched page 6 from https://thegrowthinsights.com/wp-json/wp/v2/media?page=6&per_page=100
2026-06-04 17:37:52,733 - INFO - Fetched page 5 from https://cxomatters.com/wp-json/wp/v2/media?page=5&per_page=100
2026-06-04 17:37:52,801 - INFO - Fetched page 7 from https://techmasternode.com/wp-json/wp/v2/media?page=7&per_page=100
2026-06-04 17:37:52,910 - INFO - Fetched page 5 from https://thegrowthinsights.com/wp-json/wp/v2/media?page=5&per_page=100
2026-06-04 17:37:52,964 - INFO - Fetched page 1 from https://worldbusinesshour.com/wp-json/wp/v2/resources?page=1&per_page=100
2026-06-04 17:37:53,138 - INFO - Fetched page 10 from https://businessmediums.com/wp-json/wp/v2/media?page=10&per_page=100
2026-06-04 17:37:53,140 - INFO - Fetched page 5 from https://techwebtrends.com/wp-json/wp/v2/media?page=5&per_page=100
2026-06-04 17:37:53,163 - INFO - Fetched page 9 from https://businessmediums.com/wp-json/wp/v2/media?page=9&per_page=100
2026-06-04 17:37:53,304 - INFO - Fetched page 7 from https://techwebtrends.com/wp-json/wp/v2/media?page=7&per_page=100
2026-06-04 17:37:53,385 - INFO - No more pages: https://techmasternode.com/wp-json/wp/v2/media?page=8&per_page=100
2026-06-04 17:37:53,463 - INFO - Fetched page 7 from https://thegrowthinsights.com/wp-json/wp/v2/media?page=7&per_page=100
2026-06-04 17:37:53,590 - INFO - Fetched page 7 from https://cxomatters.com/wp-json/wp/v2/media?page=7&per_page=100
2026-06-04 17:37:53,595 - INFO - No more pages: https://worldbusinesshour.com/wp-json/wp/v2/resources?page=2&per_page=100
2026-06-04 17:37:53,643 - INFO - Fetched page 1 from https://techmasternode.com/wp-json/wp/v2/resources?page=1&per_page=100
2026-06-04 17:37:53,775 - INFO - Fetched page 6 from https://techwebtrends.com/wp-json/wp/v2/media?page=6&per_page=100
2026-06-04 17:37:53,842 - INFO - Fetched page 6 from https://cxomatters.com/wp-json/wp/v2/media?page=6&per_page=100
2026-06-04 17:37:54,005 - INFO - Fetched page 6 from https://thegrowthinsights.com/wp-json/wp/v2/media?page=6&per_page=100
2026-06-04 17:37:54,074 - INFO - No more pages: https://thegrowthinsights.com/wp-json/wp/v2/media?page=8&per_page=100
2026-06-04 17:37:54,156 - INFO - Fetched page 11 from https://businessmediums.com/wp-json/wp/v2/media?page=11&per_page=100
2026-06-04 17:37:54,162 - INFO - Fetched page 1 from https://worldbusinesshour.com/wp-json/wp/v2/resources?page=1&per_page=100
2026-06-04 17:37:54,176 - INFO - No more pages: https://techmasternode.com/wp-json/wp/v2/resources?page=2&per_page=100
2026-06-04 17:37:54,183 - INFO - Fetched page 10 from https://businessmediums.com/wp-json/wp/v2/media?page=10&per_page=100
2026-06-04 17:37:54,213 - INFO - Fetched page 8 from https://techwebtrends.com/wp-json/wp/v2/media?page=8&per_page=100
2026-06-04 17:37:54,405 - INFO - Fetched page 8 from https://cxomatters.com/wp-json/wp/v2/media?page=8&per_page=100
2026-06-04 17:37:54,416 - INFO - Fetched page 7 from https://techwebtrends.com/wp-json/wp/v2/media?page=7&per_page=100
2026-06-04 17:37:54,806 - INFO - Fetched page 7 from https://thegrowthinsights.com/wp-json/wp/v2/media?page=7&per_page=100
2026-06-04 17:37:54,812 - INFO - No more pages: https://worldbusinesshour.com/wp-json/wp/v2/resources?page=2&per_page=100
2026-06-04 17:37:54,854 - INFO - Fetched page 9 from https://techwebtrends.com/wp-json/wp/v2/media?page=9&per_page=100
2026-06-04 17:37:54,861 - INFO - Fetched page 1 from https://techmasternode.com/wp-json/wp/v2/resources?page=1&per_page=100
2026-06-04 17:37:54,875 - INFO - Fetched page 7 from https://cxomatters.com/wp-json/wp/v2/media?page=7&per_page=100
2026-06-04 17:37:55,819 - INFO - No more pages: https://thegrowthinsights.com/wp-json/wp/v2/media?page=8&per_page=100
2026-06-04 17:37:55,822 - INFO - Fetched page 10 from https://techwebtrends.com/wp-json/wp/v2/media?page=10&per_page=100
2026-06-04 17:37:55,836 - INFO - Fetched page 8 from https://techwebtrends.com/wp-json/wp/v2/media?page=8&per_page=100
2026-06-04 17:37:55,849 - INFO - Fetched page 8 from https://cxomatters.com/wp-json/wp/v2/media?page=8&per_page=100
2026-06-04 17:37:55,852 - INFO - No more pages: https://techmasternode.com/wp-json/wp/v2/resources?page=2&per_page=100
2026-06-04 17:37:55,896 - INFO - Fetched page 1 from https://thegrowthinsights.com/wp-json/wp/v2/resources?page=1&per_page=100
2026-06-04 17:37:55,909 - INFO - Fetched page 12 from https://businessmediums.com/wp-json/wp/v2/media?page=12&per_page=100
2026-06-04 17:37:55,954 - INFO - Fetched page 9 from https://cxomatters.com/wp-json/wp/v2/media?page=9&per_page=100
2026-06-04 17:37:55,984 - INFO - Fetched page 11 from https://businessmediums.com/wp-json/wp/v2/media?page=11&per_page=100
2026-06-04 17:37:56,398 - INFO - No more pages: https://techwebtrends.com/wp-json/wp/v2/media?page=11&per_page=100
2026-06-04 17:37:56,542 - INFO - No more pages: https://thegrowthinsights.com/wp-json/wp/v2/resources?page=2&per_page=100
2026-06-04 17:37:56,723 - INFO - Fetched page 9 from https://techwebtrends.com/wp-json/wp/v2/media?page=9&per_page=100
2026-06-04 17:37:56,902 - INFO - Fetched page 13 from https://businessmediums.com/wp-json/wp/v2/media?page=13&per_page=100
2026-06-04 17:37:56,963 - INFO - Fetched page 9 from https://cxomatters.com/wp-json/wp/v2/media?page=9&per_page=100
2026-06-04 17:37:57,014 - INFO - Fetched page 10 from https://cxomatters.com/wp-json/wp/v2/media?page=10&per_page=100
2026-06-04 17:37:57,067 - INFO - Fetched page 12 from https://businessmediums.com/wp-json/wp/v2/media?page=12&per_page=100
2026-06-04 17:37:57,355 - INFO - Fetched page 10 from https://techwebtrends.com/wp-json/wp/v2/media?page=10&per_page=100
2026-06-04 17:37:57,376 - INFO - Fetched page 1 from https://thegrowthinsights.com/wp-json/wp/v2/resources?page=1&per_page=100
2026-06-04 17:37:57,876 - INFO - Fetched page 1 from https://techwebtrends.com/wp-json/wp/v2/resources?page=1&per_page=100
2026-06-04 17:37:57,899 - INFO - Fetched page 14 from https://businessmediums.com/wp-json/wp/v2/media?page=14&per_page=100
2026-06-04 17:37:57,903 - INFO - No more pages: https://techwebtrends.com/wp-json/wp/v2/media?page=11&per_page=100
2026-06-04 17:37:58,058 - INFO - Fetched page 10 from https://cxomatters.com/wp-json/wp/v2/media?page=10&per_page=100
2026-06-04 17:37:58,063 - INFO - No more pages: https://thegrowthinsights.com/wp-json/wp/v2/resources?page=2&per_page=100
2026-06-04 17:37:58,102 - INFO - Fetched page 11 from https://cxomatters.com/wp-json/wp/v2/media?page=11&per_page=100
2026-06-04 17:37:58,116 - INFO - Fetched page 13 from https://businessmediums.com/wp-json/wp/v2/media?page=13&per_page=100
2026-06-04 17:37:58,479 - INFO - No more pages: https://techwebtrends.com/wp-json/wp/v2/resources?page=2&per_page=100
2026-06-04 17:37:58,540 - INFO - No more pages: https://businessmediums.com/wp-json/wp/v2/media?page=15&per_page=100
2026-06-04 17:37:58,841 - INFO - Fetched page 12 from https://cxomatters.com/wp-json/wp/v2/media?page=12&per_page=100
2026-06-04 17:37:59,099 - INFO - Fetched page 14 from https://businessmediums.com/wp-json/wp/v2/media?page=14&per_page=100
2026-06-04 17:37:59,107 - INFO - Fetched page 11 from https://cxomatters.com/wp-json/wp/v2/media?page=11&per_page=100
2026-06-04 17:37:59,507 - INFO - No more pages: https://cxomatters.com/wp-json/wp/v2/media?page=13&per_page=100
2026-06-04 17:37:59,531 - INFO - Fetched page 1 from https://techwebtrends.com/wp-json/wp/v2/resources?page=1&per_page=100
2026-06-04 17:37:59,779 - INFO - No more pages: https://businessmediums.com/wp-json/wp/v2/media?page=15&per_page=100
2026-06-04 17:37:59,809 - INFO - Fetched page 12 from https://cxomatters.com/wp-json/wp/v2/media?page=12&per_page=100
2026-06-04 17:37:59,952 - INFO - Fetched page 1 from https://businessmediums.com/wp-json/wp/v2/resources?page=1&per_page=100
2026-06-04 17:38:00,039 - INFO - No more pages: https://techwebtrends.com/wp-json/wp/v2/resources?page=2&per_page=100
2026-06-04 17:38:00,527 - INFO - No more pages: https://cxomatters.com/wp-json/wp/v2/media?page=13&per_page=100
2026-06-04 17:38:00,587 - INFO - No more pages: https://businessmediums.com/wp-json/wp/v2/resources?page=2&per_page=100
2026-06-04 17:38:00,972 - INFO - Fetched page 1 from https://cxomatters.com/wp-json/wp/v2/resources?page=1&per_page=100
2026-06-04 17:38:01,260 - INFO - Fetched page 1 from https://businessmediums.com/wp-json/wp/v2/resources?page=1&per_page=100
2026-06-04 17:38:01,757 - INFO - No more pages: https://cxomatters.com/wp-json/wp/v2/resources?page=2&per_page=100
2026-06-04 17:38:02,065 - INFO - No more pages: https://businessmediums.com/wp-json/wp/v2/resources?page=2&per_page=100
2026-06-04 17:38:02,094 - INFO - Fetched page 1 from https://cxomatters.com/wp-json/wp/v2/resources?page=1&per_page=100
2026-06-04 17:38:02,816 - INFO - No more pages: https://cxomatters.com/wp-json/wp/v2/resources?page=2&per_page=100
2026-06-04 17:41:04,750 - INFO - Fetched page 1 from https://cxomatters.com/wp-json/wp/v2/posts?page=1&per_page=100
2026-06-04 17:41:04,932 - INFO - Fetched page 1 from https://thegrowthinsights.com/wp-json/wp/v2/posts?page=1&per_page=100
2026-06-04 17:41:04,979 - INFO - Fetched page 1 from https://businessmediums.com/wp-json/wp/v2/posts?page=1&per_page=100
2026-06-04 17:41:05,022 - INFO - Fetched page 1 from https://techmasternode.com/wp-json/wp/v2/posts?page=1&per_page=100
2026-06-04 17:41:05,068 - INFO - Fetched page 1 from https://worldbusinesshour.com/wp-json/wp/v2/posts?page=1&per_page=100
2026-06-04 17:41:05,102 - INFO - Fetched page 1 from https://techwebtrends.com/wp-json/wp/v2/posts?page=1&per_page=100
2026-06-04 17:41:05,454 - INFO - Fetched page 1 from https://cxomatters.com/wp-json/wp/v2/posts?page=1&per_page=100
2026-06-04 17:41:05,676 - INFO - Fetched page 1 from https://techwebtrends.com/wp-json/wp/v2/posts?page=1&per_page=100
2026-06-04 17:41:05,685 - INFO - No more pages: https://businessmediums.com/wp-json/wp/v2/posts?page=2&per_page=100
2026-06-04 17:41:05,713 - INFO - Fetched page 1 from https://thegrowthinsights.com/wp-json/wp/v2/posts?page=1&per_page=100
2026-06-04 17:41:05,758 - INFO - Fetched page 1 from https://techmasternode.com/wp-json/wp/v2/posts?page=1&per_page=100
2026-06-04 17:41:05,876 - INFO - Fetched page 1 from https://businessmediums.com/wp-json/wp/v2/posts?page=1&per_page=100
2026-06-04 17:41:05,920 - INFO - Fetched page 1 from https://worldbusinesshour.com/wp-json/wp/v2/posts?page=1&per_page=100
2026-06-04 17:41:06,167 - INFO - Fetched page 2 from https://worldbusinesshour.com/wp-json/wp/v2/posts?page=2&per_page=100
2026-06-04 17:41:06,417 - INFO - Fetched page 2 from https://cxomatters.com/wp-json/wp/v2/posts?page=2&per_page=100
2026-06-04 17:41:06,530 - INFO - No more pages: https://businessmediums.com/wp-json/wp/v2/posts?page=2&per_page=100
2026-06-04 17:41:06,692 - INFO - Fetched page 2 from https://thegrowthinsights.com/wp-json/wp/v2/posts?page=2&per_page=100
2026-06-04 17:41:06,795 - INFO - No more pages: https://worldbusinesshour.com/wp-json/wp/v2/posts?page=3&per_page=100
2026-06-04 17:41:06,857 - INFO - Fetched page 2 from https://techmasternode.com/wp-json/wp/v2/posts?page=2&per_page=100
2026-06-04 17:41:06,892 - INFO - Fetched page 2 from https://techwebtrends.com/wp-json/wp/v2/posts?page=2&per_page=100
2026-06-04 17:41:07,133 - INFO - Fetched page 1 from https://businessmediums.com/wp-json/wp/v2/pages?page=1&per_page=100
2026-06-04 17:41:07,157 - INFO - Fetched page 3 from https://cxomatters.com/wp-json/wp/v2/posts?page=3&per_page=100
2026-06-04 17:41:07,205 - INFO - Fetched page 2 from https://cxomatters.com/wp-json/wp/v2/posts?page=2&per_page=100
2026-06-04 17:41:07,325 - INFO - No more pages: https://thegrowthinsights.com/wp-json/wp/v2/posts?page=3&per_page=100
2026-06-04 17:41:07,354 - INFO - Fetched page 2 from https://worldbusinesshour.com/wp-json/wp/v2/posts?page=2&per_page=100
2026-06-04 17:41:07,460 - INFO - Fetched page 2 from https://techwebtrends.com/wp-json/wp/v2/posts?page=2&per_page=100
2026-06-04 17:41:07,603 - INFO - Fetched page 2 from https://thegrowthinsights.com/wp-json/wp/v2/posts?page=2&per_page=100
2026-06-04 17:41:07,614 - INFO - Fetched page 3 from https://techmasternode.com/wp-json/wp/v2/posts?page=3&per_page=100
2026-06-04 17:41:07,776 - INFO - Fetched page 2 from https://techmasternode.com/wp-json/wp/v2/posts?page=2&per_page=100
2026-06-04 17:41:07,802 - INFO - No more pages: https://cxomatters.com/wp-json/wp/v2/posts?page=4&per_page=100
2026-06-04 17:41:07,955 - INFO - Fetched page 3 from https://cxomatters.com/wp-json/wp/v2/posts?page=3&per_page=100
2026-06-04 17:41:07,976 - INFO - No more pages: https://worldbusinesshour.com/wp-json/wp/v2/posts?page=3&per_page=100
2026-06-04 17:41:08,160 - INFO - No more pages: https://techmasternode.com/wp-json/wp/v2/posts?page=4&per_page=100
2026-06-04 17:41:08,168 - INFO - Fetched page 1 from https://businessmediums.com/wp-json/wp/v2/pages?page=1&per_page=100
2026-06-04 17:41:08,202 - INFO - No more pages: https://thegrowthinsights.com/wp-json/wp/v2/posts?page=3&per_page=100
2026-06-04 17:41:08,531 - INFO - Fetched page 3 from https://techmasternode.com/wp-json/wp/v2/posts?page=3&per_page=100
2026-06-04 17:41:08,637 - INFO - No more pages: https://cxomatters.com/wp-json/wp/v2/posts?page=4&per_page=100
2026-06-04 17:41:08,733 - INFO - Fetched page 3 from https://techwebtrends.com/wp-json/wp/v2/posts?page=3&per_page=100
2026-06-04 17:41:08,765 - INFO - Fetched page 1 from https://cxomatters.com/wp-json/wp/v2/pages?page=1&per_page=100
2026-06-04 17:41:08,777 - INFO - Fetched page 1 from https://thegrowthinsights.com/wp-json/wp/v2/pages?page=1&per_page=100
2026-06-04 17:41:09,096 - INFO - Fetched page 3 from https://techwebtrends.com/wp-json/wp/v2/posts?page=3&per_page=100
2026-06-04 17:41:09,100 - INFO - No more pages: https://techmasternode.com/wp-json/wp/v2/posts?page=4&per_page=100
2026-06-04 17:41:09,295 - INFO - Fetched page 1 from https://worldbusinesshour.com/wp-json/wp/v2/pages?page=1&per_page=100
2026-06-04 17:41:09,312 - INFO - Fetched page 4 from https://techwebtrends.com/wp-json/wp/v2/posts?page=4&per_page=100
2026-06-04 17:41:09,423 - INFO - No more pages: https://thegrowthinsights.com/wp-json/wp/v2/pages?page=2&per_page=100
2026-06-04 17:41:09,626 - INFO - Fetched page 2 from https://businessmediums.com/wp-json/wp/v2/pages?page=2&per_page=100
2026-06-04 17:41:09,660 - INFO - Fetched page 1 from https://thegrowthinsights.com/wp-json/wp/v2/pages?page=1&per_page=100
2026-06-04 17:41:09,713 - INFO - Fetched page 1 from https://techmasternode.com/wp-json/wp/v2/pages?page=1&per_page=100
2026-06-04 17:41:09,835 - INFO - Fetched page 1 from https://cxomatters.com/wp-json/wp/v2/pages?page=1&per_page=100
2026-06-04 17:41:09,843 - INFO - No more pages: https://techwebtrends.com/wp-json/wp/v2/posts?page=5&per_page=100
2026-06-04 17:41:09,933 - INFO - No more pages: https://worldbusinesshour.com/wp-json/wp/v2/pages?page=2&per_page=100
2026-06-04 17:41:09,975 - INFO - Fetched page 2 from https://cxomatters.com/wp-json/wp/v2/pages?page=2&per_page=100
2026-06-04 17:41:10,019 - INFO - Fetched page 4 from https://techwebtrends.com/wp-json/wp/v2/posts?page=4&per_page=100
2026-06-04 17:41:10,383 - INFO - No more pages: https://thegrowthinsights.com/wp-json/wp/v2/pages?page=2&per_page=100
2026-06-04 17:41:10,384 - INFO - No more pages: https://techmasternode.com/wp-json/wp/v2/pages?page=2&per_page=100
2026-06-04 17:41:10,384 - INFO - No more pages: https://businessmediums.com/wp-json/wp/v2/pages?page=3&per_page=100
2026-06-04 17:41:10,403 - INFO - Fetched page 1 from https://worldbusinesshour.com/wp-json/wp/v2/pages?page=1&per_page=100
2026-06-04 17:41:10,545 - INFO - No more pages: https://techwebtrends.com/wp-json/wp/v2/posts?page=5&per_page=100
2026-06-04 17:41:10,650 - INFO - Fetched page 2 from https://businessmediums.com/wp-json/wp/v2/pages?page=2&per_page=100
2026-06-04 17:41:10,970 - INFO - Fetched page 1 from https://worldbusinesshour.com/wp-json/wp/v2/media?page=1&per_page=100
2026-06-04 17:41:11,003 - INFO - Fetched page 2 from https://cxomatters.com/wp-json/wp/v2/pages?page=2&per_page=100
2026-06-04 17:41:11,036 - INFO - Fetched page 1 from https://techwebtrends.com/wp-json/wp/v2/pages?page=1&per_page=100
2026-06-04 17:41:11,077 - INFO - No more pages: https://worldbusinesshour.com/wp-json/wp/v2/pages?page=2&per_page=100
2026-06-04 17:41:11,157 - INFO - Fetched page 1 from https://thegrowthinsights.com/wp-json/wp/v2/media?page=1&per_page=100
2026-06-04 17:41:11,174 - INFO - Fetched page 3 from https://cxomatters.com/wp-json/wp/v2/pages?page=3&per_page=100
2026-06-04 17:41:11,223 - INFO - Fetched page 1 from https://techmasternode.com/wp-json/wp/v2/pages?page=1&per_page=100
2026-06-04 17:41:11,274 - INFO - No more pages: https://businessmediums.com/wp-json/wp/v2/pages?page=3&per_page=100
2026-06-04 17:41:11,548 - INFO - Fetched page 1 from https://businessmediums.com/wp-json/wp/v2/media?page=1&per_page=100
2026-06-04 17:41:11,746 - INFO - Fetched page 1 from https://techwebtrends.com/wp-json/wp/v2/pages?page=1&per_page=100
2026-06-04 17:41:11,789 - INFO - No more pages: https://techmasternode.com/wp-json/wp/v2/pages?page=2&per_page=100
2026-06-04 17:41:11,803 - INFO - Fetched page 1 from https://techmasternode.com/wp-json/wp/v2/media?page=1&per_page=100
2026-06-04 17:41:11,809 - INFO - No more pages: https://cxomatters.com/wp-json/wp/v2/pages?page=4&per_page=100
2026-06-04 17:41:12,034 - INFO - Fetched page 2 from https://worldbusinesshour.com/wp-json/wp/v2/media?page=2&per_page=100
2026-06-04 17:41:12,126 - INFO - Fetched page 1 from https://worldbusinesshour.com/wp-json/wp/v2/media?page=1&per_page=100
2026-06-04 17:41:12,157 - INFO - Fetched page 1 from https://thegrowthinsights.com/wp-json/wp/v2/media?page=1&per_page=100
2026-06-04 17:41:12,237 - INFO - Fetched page 3 from https://cxomatters.com/wp-json/wp/v2/pages?page=3&per_page=100
2026-06-04 17:41:12,362 - INFO - Fetched page 1 from https://businessmediums.com/wp-json/wp/v2/media?page=1&per_page=100
2026-06-04 17:41:12,746 - INFO - Fetched page 2 from https://businessmediums.com/wp-json/wp/v2/media?page=2&per_page=100
2026-06-04 17:41:12,865 - INFO - No more pages: https://cxomatters.com/wp-json/wp/v2/pages?page=4&per_page=100
2026-06-04 17:41:12,896 - INFO - Fetched page 1 from https://cxomatters.com/wp-json/wp/v2/media?page=1&per_page=100
2026-06-04 17:41:13,019 - INFO - Fetched page 2 from https://thegrowthinsights.com/wp-json/wp/v2/media?page=2&per_page=100
2026-06-04 17:41:13,043 - INFO - Fetched page 3 from https://worldbusinesshour.com/wp-json/wp/v2/media?page=3&per_page=100
2026-06-04 17:41:13,155 - INFO - Fetched page 2 from https://worldbusinesshour.com/wp-json/wp/v2/media?page=2&per_page=100
2026-06-04 17:41:13,259 - INFO - Fetched page 2 from https://techmasternode.com/wp-json/wp/v2/media?page=2&per_page=100
2026-06-04 17:41:13,269 - INFO - Fetched page 1 from https://techmasternode.com/wp-json/wp/v2/media?page=1&per_page=100
2026-06-04 17:41:13,396 - INFO - Fetched page 2 from https://businessmediums.com/wp-json/wp/v2/media?page=2&per_page=100
2026-06-04 17:41:13,649 - INFO - Fetched page 2 from https://techwebtrends.com/wp-json/wp/v2/pages?page=2&per_page=100
2026-06-04 17:41:13,720 - INFO - Fetched page 3 from https://businessmediums.com/wp-json/wp/v2/media?page=3&per_page=100
2026-06-04 17:41:13,821 - INFO - Fetched page 4 from https://worldbusinesshour.com/wp-json/wp/v2/media?page=4&per_page=100
2026-06-04 17:41:13,868 - INFO - Fetched page 2 from https://thegrowthinsights.com/wp-json/wp/v2/media?page=2&per_page=100
2026-06-04 17:41:13,997 - INFO - Fetched page 1 from https://cxomatters.com/wp-json/wp/v2/media?page=1&per_page=100
2026-06-04 17:41:14,006 - INFO - Fetched page 2 from https://cxomatters.com/wp-json/wp/v2/media?page=2&per_page=100
2026-06-04 17:41:14,144 - INFO - Fetched page 3 from https://businessmediums.com/wp-json/wp/v2/media?page=3&per_page=100
2026-06-04 17:41:14,179 - INFO - No more pages: https://techwebtrends.com/wp-json/wp/v2/pages?page=3&per_page=100
2026-06-04 17:41:14,384 - INFO - Fetched page 3 from https://worldbusinesshour.com/wp-json/wp/v2/media?page=3&per_page=100
2026-06-04 17:41:14,407 - INFO - Fetched page 2 from https://techwebtrends.com/wp-json/wp/v2/pages?page=2&per_page=100
2026-06-04 17:41:14,463 - INFO - Fetched page 2 from https://techmasternode.com/wp-json/wp/v2/media?page=2&per_page=100
2026-06-04 17:41:14,722 - INFO - Fetched page 3 from https://thegrowthinsights.com/wp-json/wp/v2/media?page=3&per_page=100
2026-06-04 17:41:14,765 - INFO - Fetched page 4 from https://businessmediums.com/wp-json/wp/v2/media?page=4&per_page=100
2026-06-04 17:41:14,797 - INFO - Fetched page 3 from https://techmasternode.com/wp-json/wp/v2/media?page=3&per_page=100
2026-06-04 17:41:14,853 - INFO - Fetched page 5 from https://worldbusinesshour.com/wp-json/wp/v2/media?page=5&per_page=100
2026-06-04 17:41:15,098 - INFO - No more pages: https://techwebtrends.com/wp-json/wp/v2/pages?page=3&per_page=100
2026-06-04 17:41:15,106 - INFO - Fetched page 3 from https://cxomatters.com/wp-json/wp/v2/media?page=3&per_page=100
2026-06-04 17:41:15,119 - INFO - Fetched page 4 from https://businessmediums.com/wp-json/wp/v2/media?page=4&per_page=100
2026-06-04 17:41:15,132 - INFO - Fetched page 2 from https://cxomatters.com/wp-json/wp/v2/media?page=2&per_page=100
2026-06-04 17:41:15,413 - INFO - Fetched page 1 from https://techwebtrends.com/wp-json/wp/v2/media?page=1&per_page=100
2026-06-04 17:41:15,460 - INFO - Fetched page 4 from https://worldbusinesshour.com/wp-json/wp/v2/media?page=4&per_page=100
2026-06-04 17:41:15,572 - INFO - Fetched page 5 from https://businessmediums.com/wp-json/wp/v2/media?page=5&per_page=100
2026-06-04 17:41:15,596 - INFO - Fetched page 3 from https://thegrowthinsights.com/wp-json/wp/v2/media?page=3&per_page=100
2026-06-04 17:41:15,617 - INFO - Fetched page 3 from https://techmasternode.com/wp-json/wp/v2/media?page=3&per_page=100
2026-06-04 17:41:15,924 - INFO - Fetched page 5 from https://businessmediums.com/wp-json/wp/v2/media?page=5&per_page=100
2026-06-04 17:41:15,929 - INFO - Fetched page 6 from https://worldbusinesshour.com/wp-json/wp/v2/media?page=6&per_page=100
2026-06-04 17:41:15,962 - INFO - Fetched page 4 from https://techmasternode.com/wp-json/wp/v2/media?page=4&per_page=100
2026-06-04 17:41:16,129 - INFO - Fetched page 1 from https://techwebtrends.com/wp-json/wp/v2/media?page=1&per_page=100
2026-06-04 17:41:16,165 - INFO - Fetched page 3 from https://cxomatters.com/wp-json/wp/v2/media?page=3&per_page=100
2026-06-04 17:41:16,171 - INFO - Fetched page 4 from https://thegrowthinsights.com/wp-json/wp/v2/media?page=4&per_page=100
2026-06-04 17:41:16,184 - INFO - Fetched page 4 from https://cxomatters.com/wp-json/wp/v2/media?page=4&per_page=100
2026-06-04 17:41:16,296 - INFO - Fetched page 6 from https://businessmediums.com/wp-json/wp/v2/media?page=6&per_page=100
2026-06-04 17:41:16,367 - INFO - Fetched page 2 from https://techwebtrends.com/wp-json/wp/v2/media?page=2&per_page=100
2026-06-04 17:41:16,629 - INFO - Fetched page 7 from https://worldbusinesshour.com/wp-json/wp/v2/media?page=7&per_page=100
2026-06-04 17:41:16,668 - INFO - Fetched page 4 from https://techmasternode.com/wp-json/wp/v2/media?page=4&per_page=100
2026-06-04 17:41:16,685 - INFO - Fetched page 5 from https://worldbusinesshour.com/wp-json/wp/v2/media?page=5&per_page=100
2026-06-04 17:41:16,763 - INFO - Fetched page 6 from https://businessmediums.com/wp-json/wp/v2/media?page=6&per_page=100
2026-06-04 17:41:16,920 - INFO - Fetched page 5 from https://techmasternode.com/wp-json/wp/v2/media?page=5&per_page=100
2026-06-04 17:41:17,038 - INFO - Fetched page 4 from https://thegrowthinsights.com/wp-json/wp/v2/media?page=4&per_page=100
2026-06-04 17:41:17,073 - INFO - Fetched page 2 from https://techwebtrends.com/wp-json/wp/v2/media?page=2&per_page=100
2026-06-04 17:41:17,224 - INFO - Fetched page 4 from https://cxomatters.com/wp-json/wp/v2/media?page=4&per_page=100
2026-06-04 17:41:17,260 - INFO - No more pages: https://worldbusinesshour.com/wp-json/wp/v2/media?page=8&per_page=100
2026-06-04 17:41:17,278 - INFO - Fetched page 5 from https://cxomatters.com/wp-json/wp/v2/media?page=5&per_page=100
2026-06-04 17:41:17,293 - INFO - Fetched page 3 from https://techwebtrends.com/wp-json/wp/v2/media?page=3&per_page=100
2026-06-04 17:41:17,346 - INFO - Fetched page 7 from https://businessmediums.com/wp-json/wp/v2/media?page=7&per_page=100
2026-06-04 17:41:17,431 - INFO - Fetched page 5 from https://thegrowthinsights.com/wp-json/wp/v2/media?page=5&per_page=100
2026-06-04 17:41:17,671 - INFO - Fetched page 5 from https://techmasternode.com/wp-json/wp/v2/media?page=5&per_page=100
2026-06-04 17:41:17,773 - INFO - Fetched page 6 from https://worldbusinesshour.com/wp-json/wp/v2/media?page=6&per_page=100
2026-06-04 17:41:17,828 - INFO - Fetched page 7 from https://businessmediums.com/wp-json/wp/v2/media?page=7&per_page=100
2026-06-04 17:41:18,032 - INFO - Fetched page 3 from https://techwebtrends.com/wp-json/wp/v2/media?page=3&per_page=100
2026-06-04 17:41:18,056 - INFO - Fetched page 6 from https://techmasternode.com/wp-json/wp/v2/media?page=6&per_page=100
2026-06-04 17:41:18,177 - INFO - Fetched page 4 from https://techwebtrends.com/wp-json/wp/v2/media?page=4&per_page=100
2026-06-04 17:41:18,284 - INFO - Fetched page 5 from https://cxomatters.com/wp-json/wp/v2/media?page=5&per_page=100
2026-06-04 17:41:18,347 - INFO - Fetched page 6 from https://cxomatters.com/wp-json/wp/v2/media?page=6&per_page=100
2026-06-04 17:41:18,404 - INFO - Fetched page 5 from https://thegrowthinsights.com/wp-json/wp/v2/media?page=5&per_page=100
2026-06-04 17:41:18,473 - INFO - Fetched page 7 from https://worldbusinesshour.com/wp-json/wp/v2/media?page=7&per_page=100
2026-06-04 17:41:18,533 - INFO - Fetched page 6 from https://thegrowthinsights.com/wp-json/wp/v2/media?page=6&per_page=100
2026-06-04 17:41:18,604 - INFO - Fetched page 8 from https://businessmediums.com/wp-json/wp/v2/media?page=8&per_page=100
2026-06-04 17:41:18,720 - INFO - Fetched page 1 from https://worldbusinesshour.com/wp-json/wp/v2/resources?page=1&per_page=100
2026-06-04 17:41:18,722 - INFO - Fetched page 6 from https://techmasternode.com/wp-json/wp/v2/media?page=6&per_page=100
2026-06-04 17:41:18,732 - INFO - Fetched page 8 from https://businessmediums.com/wp-json/wp/v2/media?page=8&per_page=100
2026-06-04 17:41:18,737 - INFO - Fetched page 4 from https://techwebtrends.com/wp-json/wp/v2/media?page=4&per_page=100
2026-06-04 17:41:18,755 - INFO - Fetched page 7 from https://techmasternode.com/wp-json/wp/v2/media?page=7&per_page=100
2026-06-04 17:41:19,110 - INFO - No more pages: https://worldbusinesshour.com/wp-json/wp/v2/media?page=8&per_page=100
2026-06-04 17:41:19,130 - INFO - Fetched page 5 from https://techwebtrends.com/wp-json/wp/v2/media?page=5&per_page=100
2026-06-04 17:41:19,302 - INFO - Fetched page 7 from https://thegrowthinsights.com/wp-json/wp/v2/media?page=7&per_page=100
2026-06-04 17:41:19,305 - INFO - Fetched page 6 from https://cxomatters.com/wp-json/wp/v2/media?page=6&per_page=100
2026-06-04 17:41:19,315 - INFO - No more pages: https://techmasternode.com/wp-json/wp/v2/media?page=8&per_page=100
2026-06-04 17:41:19,372 - INFO - Fetched page 9 from https://businessmediums.com/wp-json/wp/v2/media?page=9&per_page=100
2026-06-04 17:41:19,407 - INFO - Fetched page 7 from https://cxomatters.com/wp-json/wp/v2/media?page=7&per_page=100
2026-06-04 17:41:19,410 - INFO - No more pages: https://worldbusinesshour.com/wp-json/wp/v2/resources?page=2&per_page=100
2026-06-04 17:41:19,429 - INFO - Fetched page 7 from https://techmasternode.com/wp-json/wp/v2/media?page=7&per_page=100
2026-06-04 17:41:19,468 - INFO - Fetched page 9 from https://businessmediums.com/wp-json/wp/v2/media?page=9&per_page=100
2026-06-04 17:41:19,525 - INFO - Fetched page 6 from https://thegrowthinsights.com/wp-json/wp/v2/media?page=6&per_page=100
2026-06-04 17:41:19,658 - INFO - Fetched page 5 from https://techwebtrends.com/wp-json/wp/v2/media?page=5&per_page=100
2026-06-04 17:41:19,913 - INFO - No more pages: https://thegrowthinsights.com/wp-json/wp/v2/media?page=8&per_page=100
2026-06-04 17:41:19,926 - INFO - Fetched page 6 from https://techwebtrends.com/wp-json/wp/v2/media?page=6&per_page=100
2026-06-04 17:41:19,965 - INFO - No more pages: https://techmasternode.com/wp-json/wp/v2/media?page=8&per_page=100
2026-06-04 17:41:20,539 - INFO - Fetched page 10 from https://businessmediums.com/wp-json/wp/v2/media?page=10&per_page=100
2026-06-04 17:41:20,546 - INFO - Fetched page 7 from https://thegrowthinsights.com/wp-json/wp/v2/media?page=7&per_page=100
2026-06-04 17:41:20,551 - INFO - Fetched page 8 from https://cxomatters.com/wp-json/wp/v2/media?page=8&per_page=100
2026-06-04 17:41:20,552 - INFO - Fetched page 6 from https://techwebtrends.com/wp-json/wp/v2/media?page=6&per_page=100
2026-06-04 17:41:20,567 - INFO - Fetched page 7 from https://cxomatters.com/wp-json/wp/v2/media?page=7&per_page=100
2026-06-04 17:41:20,651 - INFO - Fetched page 10 from https://businessmediums.com/wp-json/wp/v2/media?page=10&per_page=100
2026-06-04 17:41:20,652 - INFO - Fetched page 7 from https://techwebtrends.com/wp-json/wp/v2/media?page=7&per_page=100
2026-06-04 17:41:20,700 - INFO - Fetched page 1 from https://worldbusinesshour.com/wp-json/wp/v2/resources?page=1&per_page=100
2026-06-04 17:41:20,784 - INFO - Fetched page 1 from https://techmasternode.com/wp-json/wp/v2/resources?page=1&per_page=100
2026-06-04 17:41:21,257 - INFO - No more pages: https://thegrowthinsights.com/wp-json/wp/v2/media?page=8&per_page=100
2026-06-04 17:41:21,333 - INFO - No more pages: https://techmasternode.com/wp-json/wp/v2/resources?page=2&per_page=100
2026-06-04 17:41:21,338 - INFO - No more pages: https://worldbusinesshour.com/wp-json/wp/v2/resources?page=2&per_page=100
2026-06-04 17:41:21,374 - INFO - Fetched page 1 from https://thegrowthinsights.com/wp-json/wp/v2/resources?page=1&per_page=100
2026-06-04 17:41:21,420 - INFO - Fetched page 1 from https://techmasternode.com/wp-json/wp/v2/resources?page=1&per_page=100
2026-06-04 17:41:21,578 - INFO - Fetched page 7 from https://techwebtrends.com/wp-json/wp/v2/media?page=7&per_page=100
2026-06-04 17:41:21,626 - INFO - Fetched page 8 from https://cxomatters.com/wp-json/wp/v2/media?page=8&per_page=100
0
2026-06-04 17:41:21,655 - INFO - Fetched page 9 from https://cxomatters.com/wp-json/wp/v2/media?page=9&per_page=100
2026-06-04 17:41:21,663 - INFO - Fetched page 11 from https://businessmediums.com/wp-json/wp/v2/media?page=11&per_page=100
2026-06-04 17:41:21,982 - INFO - Fetched page 11 from https://businessmediums.com/wp-json/wp/v2/media?page=11&per_page=100
2026-06-04 17:41:22,037 - INFO - No more pages: https://thegrowthinsights.com/wp-json/wp/v2/resources?page=2&per_page=100
2026-06-04 17:41:22,043 - INFO - No more pages: https://techmasternode.com/wp-json/wp/v2/resources?page=2&per_page=100
2026-06-04 17:41:22,285 - INFO - Fetched page 9 from https://techwebtrends.com/wp-json/wp/v2/media?page=9&per_page=100
2026-06-04 17:41:22,571 - INFO - Fetched page 8 from https://techwebtrends.com/wp-json/wp/v2/media?page=8&per_page=100
2026-06-04 17:41:22,616 - INFO - Fetched page 9 from https://cxomatters.com/wp-json/wp/v2/media?page=9&per_page=100
2026-06-04 17:41:22,647 - INFO - Fetched page 12 from https://businessmediums.com/wp-json/wp/v2/media?page=12&per_page=100
2026-06-04 17:41:22,706 - INFO - Fetched page 1 from https://thegrowthinsights.com/wp-json/wp/v2/resources?page=1&per_page=100
2026-06-04 17:41:22,726 - INFO - Fetched page 10 from https://cxomatters.com/wp-json/wp/v2/media?page=10&per_page=100
2026-06-04 17:41:22,859 - INFO - Fetched page 10 from https://techwebtrends.com/wp-json/wp/v2/media?page=10&per_page=100
2026-06-04 17:41:22,981 - INFO - Fetched page 12 from https://businessmediums.com/wp-json/wp/v2/media?page=12&per_page=100
2026-06-04 17:41:23,854 - INFO - Fetched page 13 from https://businessmediums.com/wp-json/wp/v2/media?page=13&per_page=100
2026-06-04 17:41:23,858 - INFO - Fetched page 11 from https://cxomatters.com/wp-json/wp/v2/media?page=11&per_page=100
2026-06-04 17:41:23,863 - INFO - No more pages: https://techwebtrends.com/wp-json/wp/v2/media?page=11&per_page=100
2026-06-04 17:41:23,871 - INFO - Fetched page 10 from https://cxomatters.com/wp-json/wp/v2/media?page=10&per_page=100
2026-06-04 17:41:23,875 - INFO - No more pages: https://thegrowthinsights.com/wp-json/wp/v2/resources?page=2&per_page=100
2026-06-04 17:41:23,957 - INFO - Fetched page 13 from https://businessmediums.com/wp-json/wp/v2/media?page=13&per_page=100
2026-06-04 17:41:24,045 - INFO - Fetched page 9 from https://techwebtrends.com/wp-json/wp/v2/media?page=9&per_page=100
2026-06-04 17:41:24,578 - INFO - Fetched page 12 from https://cxomatters.com/wp-json/wp/v2/media?page=12&per_page=100
2026-06-04 17:41:24,734 - INFO - Fetched page 10 from https://techwebtrends.com/wp-json/wp/v2/media?page=10&per_page=100
2026-06-04 17:41:24,831 - INFO - Fetched page 14 from https://businessmediums.com/wp-json/wp/v2/media?page=14&per_page=100
2026-06-04 17:41:24,923 - INFO - Fetched page 14 from https://businessmediums.com/wp-json/wp/v2/media?page=14&per_page=100
2026-06-04 17:41:24,973 - INFO - Fetched page 11 from https://cxomatters.com/wp-json/wp/v2/media?page=11&per_page=100
2026-06-04 17:41:25,159 - INFO - No more pages: https://cxomatters.com/wp-json/wp/v2/media?page=13&per_page=100
2026-06-04 17:41:25,286 - INFO - No more pages: https://techwebtrends.com/wp-json/wp/v2/media?page=11&per_page=100
2026-06-04 17:41:25,417 - INFO - Fetched page 1 from https://techwebtrends.com/wp-json/wp/v2/resources?page=1&per_page=100
2026-06-04 17:41:25,477 - INFO - No more pages: https://businessmediums.com/wp-json/wp/v2/media?page=15&per_page=100
2026-06-04 17:41:25,559 - INFO - No more pages: https://businessmediums.com/wp-json/wp/v2/media?page=15&per_page=100
2026-06-04 17:41:25,659 - INFO - Fetched page 12 from https://cxomatters.com/wp-json/wp/v2/media?page=12&per_page=100
2026-06-04 17:41:26,048 - INFO - No more pages: https://techwebtrends.com/wp-json/wp/v2/resources?page=2&per_page=100
2026-06-04 17:41:26,564 - INFO - No more pages: https://cxomatters.com/wp-json/wp/v2/media?page=13&per_page=100
2026-06-04 17:41:26,615 - INFO - Fetched page 1 from https://cxomatters.com/wp-json/wp/v2/resources?page=1&per_page=100
2026-06-04 17:41:26,795 - INFO - Fetched page 1 from https://techwebtrends.com/wp-json/wp/v2/resources?page=1&per_page=100
2026-06-04 17:41:26,947 - INFO - Fetched page 1 from https://businessmediums.com/wp-json/wp/v2/resources?page=1&per_page=100
2026-06-04 17:41:27,129 - INFO - Fetched page 1 from https://businessmediums.com/wp-json/wp/v2/resources?page=1&per_page=100
2026-06-04 17:41:27,275 - INFO - No more pages: https://cxomatters.com/wp-json/wp/v2/resources?page=2&per_page=100
2026-06-04 17:41:27,362 - INFO - No more pages: https://techwebtrends.com/wp-json/wp/v2/resources?page=2&per_page=100
2026-06-04 17:41:27,568 - INFO - No more pages: https://businessmediums.com/wp-json/wp/v2/resources?page=2&per_page=100
2026-06-04 17:41:27,755 - INFO - No more pages: https://businessmediums.com/wp-json/wp/v2/resources?page=2&per_page=100
2026-06-04 17:41:28,033 - INFO - Fetched page 1 from https://cxomatters.com/wp-json/wp/v2/resources?page=1&per_page=100
2026-06-04 17:41:28,630 - INFO - No more pages: https://cxomatters.com/wp-json/wp/v2/resources?page=2&per_page=100
2026-06-04 17:44:30,708 - INFO - Fetched page 1 from https://cxomatters.com/wp-json/wp/v2/posts?page=1&per_page=100
2026-06-04 17:44:30,873 - INFO - Fetched page 1 from https://techwebtrends.com/wp-json/wp/v2/posts?page=1&per_page=100
2026-06-04 17:44:30,914 - INFO - Fetched page 1 from https://businessmediums.com/wp-json/wp/v2/posts?page=1&per_page=100
2026-06-04 17:44:30,966 - INFO - Fetched page 1 from https://worldbusinesshour.com/wp-json/wp/v2/posts?page=1&per_page=100
2026-06-04 17:44:31,013 - INFO - Fetched page 1 from https://thegrowthinsights.com/wp-json/wp/v2/posts?page=1&per_page=100
2026-06-04 17:44:31,054 - INFO - Fetched page 1 from https://techmasternode.com/wp-json/wp/v2/posts?page=1&per_page=100
2026-06-04 17:44:31,354 - INFO - Fetched page 1 from https://cxomatters.com/wp-json/wp/v2/posts?page=1&per_page=100
2026-06-04 17:44:31,407 - INFO - Fetched page 1 from https://techwebtrends.com/wp-json/wp/v2/posts?page=1&per_page=100
2026-06-04 17:44:31,465 - INFO - Fetched page 1 from https://businessmediums.com/wp-json/wp/v2/posts?page=1&per_page=100
2026-06-04 17:44:31,531 - INFO - Fetched page 1 from https://thegrowthinsights.com/wp-json/wp/v2/posts?page=1&per_page=100
2026-06-04 17:44:31,578 - INFO - Fetched page 1 from https://worldbusinesshour.com/wp-json/wp/v2/posts?page=1&per_page=100
2026-06-04 17:44:31,651 - INFO - No more pages: https://businessmediums.com/wp-json/wp/v2/posts?page=2&per_page=100
2026-06-04 17:44:31,693 - INFO - Fetched page 1 from https://techmasternode.com/wp-json/wp/v2/posts?page=1&per_page=100
2026-06-04 17:44:32,115 - INFO - Fetched page 2 from https://worldbusinesshour.com/wp-json/wp/v2/posts?page=2&per_page=100
2026-06-04 17:44:32,146 - INFO - No more pages: https://businessmediums.com/wp-json/wp/v2/posts?page=2&per_page=100
2026-06-04 17:44:32,397 - INFO - Fetched page 2 from https://cxomatters.com/wp-json/wp/v2/posts?page=2&per_page=100
2026-06-04 17:44:32,585 - INFO - Fetched page 2 from https://techwebtrends.com/wp-json/wp/v2/posts?page=2&per_page=100
2026-06-04 17:44:32,627 - INFO - Fetched page 2 from https://worldbusinesshour.com/wp-json/wp/v2/posts?page=2&per_page=100
2026-06-04 17:44:32,708 - INFO - No more pages: https://worldbusinesshour.com/wp-json/wp/v2/posts?page=3&per_page=100
2026-06-04 17:44:32,742 - INFO - Fetched page 2 from https://thegrowthinsights.com/wp-json/wp/v2/posts?page=2&per_page=100
2026-06-04 17:44:32,863 - INFO - Fetched page 2 from https://techmasternode.com/wp-json/wp/v2/posts?page=2&per_page=100
2026-06-04 17:44:32,888 - INFO - Fetched page 1 from https://businessmediums.com/wp-json/wp/v2/pages?page=1&per_page=100
2026-06-04 17:44:33,079 - INFO - Fetched page 2 from https://techwebtrends.com/wp-json/wp/v2/posts?page=2&per_page=100
2026-06-04 17:44:33,168 - INFO - Fetched page 3 from https://cxomatters.com/wp-json/wp/v2/posts?page=3&per_page=100
2026-06-04 17:44:33,206 - INFO - Fetched page 2 from https://cxomatters.com/wp-json/wp/v2/posts?page=2&per_page=100
2026-06-04 17:44:33,282 - INFO - No more pages: https://worldbusinesshour.com/wp-json/wp/v2/posts?page=3&per_page=100
2026-06-04 17:44:33,319 - INFO - Fetched page 2 from https://thegrowthinsights.com/wp-json/wp/v2/posts?page=2&per_page=100
2026-06-04 17:44:33,482 - INFO - No more pages: https://thegrowthinsights.com/wp-json/wp/v2/posts?page=3&per_page=100
2026-06-04 17:44:33,497 - INFO - Fetched page 1 from https://businessmediums.com/wp-json/wp/v2/pages?page=1&per_page=100
2026-06-04 17:44:33,560 - INFO - Fetched page 2 from https://techmasternode.com/wp-json/wp/v2/posts?page=2&per_page=100
2026-06-04 17:44:33,622 - INFO - Fetched page 3 from https://techmasternode.com/wp-json/wp/v2/posts?page=3&per_page=100
2026-06-04 17:44:33,937 - INFO - No more pages: https://cxomatters.com/wp-json/wp/v2/posts?page=4&per_page=100
2026-06-04 17:44:33,947 - INFO - Fetched page 3 from https://cxomatters.com/wp-json/wp/v2/posts?page=3&per_page=100
2026-06-04 17:44:34,018 - INFO - No more pages: https://thegrowthinsights.com/wp-json/wp/v2/posts?page=3&per_page=100
2026-06-04 17:44:34,116 - INFO - Fetched page 3 from https://techwebtrends.com/wp-json/wp/v2/posts?page=3&per_page=100
2026-06-04 17:44:34,178 - INFO - No more pages: https://techmasternode.com/wp-json/wp/v2/posts?page=4&per_page=100
2026-06-04 17:44:34,375 - INFO - Fetched page 3 from https://techmasternode.com/wp-json/wp/v2/posts?page=3&per_page=100
2026-06-04 17:44:34,599 - INFO - No more pages: https://cxomatters.com/wp-json/wp/v2/posts?page=4&per_page=100
2026-06-04 17:44:34,694 - INFO - Fetched page 4 from https://techwebtrends.com/wp-json/wp/v2/posts?page=4&per_page=100
2026-06-04 17:44:34,726 - INFO - Fetched page 3 from https://techwebtrends.com/wp-json/wp/v2/posts?page=3&per_page=100
2026-06-04 17:44:34,923 - INFO - No more pages: https://techmasternode.com/wp-json/wp/v2/posts?page=4&per_page=100
2026-06-04 17:44:34,957 - INFO - Fetched page 1 from https://thegrowthinsights.com/wp-json/wp/v2/pages?page=1&per_page=100
2026-06-04 17:44:35,144 - INFO - Fetched page 1 from https://worldbusinesshour.com/wp-json/wp/v2/pages?page=1&per_page=100
2026-06-04 17:44:35,179 - INFO - Fetched page 2 from https://businessmediums.com/wp-json/wp/v2/pages?page=2&per_page=100
2026-06-04 17:44:35,225 - INFO - Fetched page 1 from https://cxomatters.com/wp-json/wp/v2/pages?page=1&per_page=100
2026-06-04 17:44:35,230 - INFO - No more pages: https://techwebtrends.com/wp-json/wp/v2/posts?page=5&per_page=100
2026-06-04 17:44:35,314 - INFO - Fetched page 4 from https://techwebtrends.com/wp-json/wp/v2/posts?page=4&per_page=100
2026-06-04 17:44:35,399 - INFO - Fetched page 1 from https://thegrowthinsights.com/wp-json/wp/v2/pages?page=1&per_page=100
2026-06-04 17:44:35,547 - INFO - Fetched page 1 from https://worldbusinesshour.com/wp-json/wp/v2/pages?page=1&per_page=100
2026-06-04 17:44:35,563 - INFO - No more pages: https://thegrowthinsights.com/wp-json/wp/v2/pages?page=2&per_page=100
2026-06-04 17:44:35,750 - INFO - Fetched page 1 from https://techmasternode.com/wp-json/wp/v2/pages?page=1&per_page=100
2026-06-04 17:44:35,792 - INFO - No more pages: https://worldbusinesshour.com/wp-json/wp/v2/pages?page=2&per_page=100
2026-06-04 17:44:35,793 - INFO - No more pages: https://businessmediums.com/wp-json/wp/v2/pages?page=3&per_page=100
2026-06-04 17:44:35,797 - INFO - Fetched page 1 from https://cxomatters.com/wp-json/wp/v2/pages?page=1&per_page=100
2026-06-04 17:44:35,877 - INFO - Fetched page 2 from https://businessmediums.com/wp-json/wp/v2/pages?page=2&per_page=100
2026-06-04 17:44:35,913 - INFO - No more pages: https://techwebtrends.com/wp-json/wp/v2/posts?page=5&per_page=100
2026-06-04 17:44:36,033 - INFO - No more pages: https://thegrowthinsights.com/wp-json/wp/v2/pages?page=2&per_page=100
2026-06-04 17:44:36,135 - INFO - No more pages: https://worldbusinesshour.com/wp-json/wp/v2/pages?page=2&per_page=100
2026-06-04 17:44:36,317 - INFO - No more pages: https://techmasternode.com/wp-json/wp/v2/pages?page=2&per_page=100
2026-06-04 17:44:36,371 - INFO - Fetched page 2 from https://cxomatters.com/wp-json/wp/v2/pages?page=2&per_page=100
2026-06-04 17:44:36,433 - INFO - Fetched page 1 from https://techwebtrends.com/wp-json/wp/v2/pages?page=1&per_page=100
2026-06-04 17:44:36,478 - INFO - No more pages: https://businessmediums.com/wp-json/wp/v2/pages?page=3&per_page=100
2026-06-04 17:44:36,570 - INFO - Fetched page 1 from https://techmasternode.com/wp-json/wp/v2/pages?page=1&per_page=100
2026-06-04 17:44:36,913 - INFO - Fetched page 1 from https://businessmediums.com/wp-json/wp/v2/media?page=1&per_page=100
2026-06-04 17:44:36,926 - INFO - Fetched page 1 from https://worldbusinesshour.com/wp-json/wp/v2/media?page=1&per_page=100
2026-06-04 17:44:36,954 - INFO - Fetched page 2 from https://cxomatters.com/wp-json/wp/v2/pages?page=2&per_page=100
2026-06-04 17:44:37,078 - INFO - No more pages: https://techmasternode.com/wp-json/wp/v2/pages?page=2&per_page=100
2026-06-04 17:44:37,196 - INFO - Fetched page 1 from https://techwebtrends.com/wp-json/wp/v2/pages?page=1&per_page=100
2026-06-04 17:44:37,210 - INFO - Fetched page 1 from https://worldbusinesshour.com/wp-json/wp/v2/media?page=1&per_page=100
2026-06-04 17:44:37,296 - INFO - Fetched page 1 from https://thegrowthinsights.com/wp-json/wp/v2/media?page=1&per_page=100
2026-06-04 17:44:37,415 - INFO - Fetched page 1 from https://techmasternode.com/wp-json/wp/v2/media?page=1&per_page=100
2026-06-04 17:44:37,566 - INFO - Fetched page 1 from https://businessmediums.com/wp-json/wp/v2/media?page=1&per_page=100
2026-06-04 17:44:37,596 - INFO - Fetched page 3 from https://cxomatters.com/wp-json/wp/v2/pages?page=3&per_page=100
2026-06-04 17:44:37,913 - INFO - Fetched page 1 from https://thegrowthinsights.com/wp-json/wp/v2/media?page=1&per_page=100
2026-06-04 17:44:37,948 - INFO - Fetched page 2 from https://businessmediums.com/wp-json/wp/v2/media?page=2&per_page=100
2026-06-04 17:44:37,962 - INFO - Fetched page 2 from https://worldbusinesshour.com/wp-json/wp/v2/media?page=2&per_page=100
2026-06-04 17:44:38,190 - INFO - No more pages: https://cxomatters.com/wp-json/wp/v2/pages?page=4&per_page=100
2026-06-04 17:44:38,192 - INFO - Fetched page 3 from https://cxomatters.com/wp-json/wp/v2/pages?page=3&per_page=100
2026-06-04 17:44:38,255 - INFO - Fetched page 2 from https://worldbusinesshour.com/wp-json/wp/v2/media?page=2&per_page=100
2026-06-04 17:44:38,281 - INFO - Fetched page 1 from https://techmasternode.com/wp-json/wp/v2/media?page=1&per_page=100
2026-06-04 17:44:38,557 - INFO - Fetched page 2 from https://techmasternode.com/wp-json/wp/v2/media?page=2&per_page=100
2026-06-04 17:44:38,557 - INFO - Fetched page 2 from https://businessmediums.com/wp-json/wp/v2/media?page=2&per_page=100
2026-06-04 17:44:38,702 - INFO - Fetched page 3 from https://businessmediums.com/wp-json/wp/v2/media?page=3&per_page=100
2026-06-04 17:44:38,813 - INFO - No more pages: https://cxomatters.com/wp-json/wp/v2/pages?page=4&per_page=100
2026-06-04 17:44:39,124 - INFO - Fetched page 2 from https://thegrowthinsights.com/wp-json/wp/v2/media?page=2&per_page=100
2026-06-04 17:44:39,158 - INFO - Fetched page 2 from https://techwebtrends.com/wp-json/wp/v2/pages?page=2&per_page=100
2026-06-04 17:44:39,185 - INFO - Fetched page 3 from https://worldbusinesshour.com/wp-json/wp/v2/media?page=3&per_page=100
2026-06-04 17:44:39,276 - INFO - Fetched page 1 from https://cxomatters.com/wp-json/wp/v2/media?page=1&per_page=100
2026-06-04 17:44:39,279 - INFO - Fetched page 3 from https://worldbusinesshour.com/wp-json/wp/v2/media?page=3&per_page=100
2026-06-04 17:44:39,293 - INFO - Fetched page 3 from https://businessmediums.com/wp-json/wp/v2/media?page=3&per_page=100
2026-06-04 17:44:39,586 - INFO - Fetched page 2 from https://techmasternode.com/wp-json/wp/v2/media?page=2&per_page=100
2026-06-04 17:44:39,677 - INFO - Fetched page 3 from https://techmasternode.com/wp-json/wp/v2/media?page=3&per_page=100
2026-06-04 17:44:39,682 - INFO - No more pages: https://techwebtrends.com/wp-json/wp/v2/pages?page=3&per_page=100
2026-06-04 17:44:39,728 - INFO - Fetched page 4 from https://businessmediums.com/wp-json/wp/v2/media?page=4&per_page=100
2026-06-04 17:44:39,740 - INFO - Fetched page 2 from https://thegrowthinsights.com/wp-json/wp/v2/media?page=2&per_page=100
2026-06-04 17:44:39,771 - INFO - Fetched page 2 from https://techwebtrends.com/wp-json/wp/v2/pages?page=2&per_page=100
2026-06-04 17:44:39,813 - INFO - Fetched page 1 from https://cxomatters.com/wp-json/wp/v2/media?page=1&per_page=100
2026-06-04 17:44:40,070 - INFO - Fetched page 4 from https://worldbusinesshour.com/wp-json/wp/v2/media?page=4&per_page=100
2026-06-04 17:44:40,190 - INFO - Fetched page 4 from https://worldbusinesshour.com/wp-json/wp/v2/media?page=4&per_page=100
2026-06-04 17:44:40,277 - INFO - Fetched page 4 from https://businessmediums.com/wp-json/wp/v2/media?page=4&per_page=100
2026-06-04 17:44:40,309 - INFO - No more pages: https://techwebtrends.com/wp-json/wp/v2/pages?page=3&per_page=100
2026-06-04 17:44:40,366 - INFO - Fetched page 2 from https://cxomatters.com/wp-json/wp/v2/media?page=2&per_page=100
2026-06-04 17:44:40,528 - INFO - Fetched page 5 from https://businessmediums.com/wp-json/wp/v2/media?page=5&per_page=100
2026-06-04 17:44:40,658 - INFO - Fetched page 3 from https://techmasternode.com/wp-json/wp/v2/media?page=3&per_page=100
2026-06-04 17:44:40,798 - INFO - Fetched page 4 from https://techmasternode.com/wp-json/wp/v2/media?page=4&per_page=100
2026-06-04 17:44:40,818 - INFO - Fetched page 1 from https://techwebtrends.com/wp-json/wp/v2/media?page=1&per_page=100
2026-06-04 17:44:40,855 - INFO - Fetched page 2 from https://cxomatters.com/wp-json/wp/v2/media?page=2&per_page=100
2026-06-04 17:44:40,892 - INFO - Fetched page 3 from https://thegrowthinsights.com/wp-json/wp/v2/media?page=3&per_page=100
2026-06-04 17:44:41,034 - INFO - Fetched page 5 from https://businessmediums.com/wp-json/wp/v2/media?page=5&per_page=100
2026-06-04 17:44:41,138 - INFO - Fetched page 5 from https://worldbusinesshour.com/wp-json/wp/v2/media?page=5&per_page=100
2026-06-04 17:44:41,235 - INFO - Fetched page 5 from https://worldbusinesshour.com/wp-json/wp/v2/media?page=5&per_page=100
2026-06-04 17:44:41,299 - INFO - Fetched page 1 from https://techwebtrends.com/wp-json/wp/v2/media?page=1&per_page=100
2026-06-04 17:44:41,401 - INFO - Fetched page 3 from https://cxomatters.com/wp-json/wp/v2/media?page=3&per_page=100
2026-06-04 17:44:41,417 - INFO - Fetched page 6 from https://businessmediums.com/wp-json/wp/v2/media?page=6&per_page=100
2026-06-04 17:44:41,515 - INFO - Fetched page 3 from https://thegrowthinsights.com/wp-json/wp/v2/media?page=3&per_page=100
2026-06-04 17:44:41,556 - INFO - Fetched page 5 from https://techmasternode.com/wp-json/wp/v2/media?page=5&per_page=100
2026-06-04 17:44:41,792 - INFO - Fetched page 6 from https://businessmediums.com/wp-json/wp/v2/media?page=6&per_page=100
2026-06-04 17:44:41,848 - INFO - Fetched page 3 from https://cxomatters.com/wp-json/wp/v2/media?page=3&per_page=100
2026-06-04 17:44:41,869 - INFO - Fetched page 2 from https://techwebtrends.com/wp-json/wp/v2/media?page=2&per_page=100
2026-06-04 17:44:41,892 - INFO - Fetched page 4 from https://techmasternode.com/wp-json/wp/v2/media?page=4&per_page=100
2026-06-04 17:44:42,257 - INFO - Fetched page 6 from https://worldbusinesshour.com/wp-json/wp/v2/media?page=6&per_page=100
2026-06-04 17:44:42,262 - INFO - Fetched page 6 from https://worldbusinesshour.com/wp-json/wp/v2/media?page=6&per_page=100
2026-06-04 17:44:42,307 - INFO - Fetched page 2 from https://techwebtrends.com/wp-json/wp/v2/media?page=2&per_page=100
2026-06-04 17:44:42,320 - INFO - Fetched page 4 from https://thegrowthinsights.com/wp-json/wp/v2/media?page=4&per_page=100
2026-06-04 17:44:42,463 - INFO - Fetched page 4 from https://cxomatters.com/wp-json/wp/v2/media?page=4&per_page=100
2026-06-04 17:44:42,585 - INFO - Fetched page 7 from https://businessmediums.com/wp-json/wp/v2/media?page=7&per_page=100
2026-06-04 17:44:42,674 - INFO - Fetched page 6 from https://techmasternode.com/wp-json/wp/v2/media?page=6&per_page=100
2026-06-04 17:44:42,894 - INFO - Fetched page 3 from https://techwebtrends.com/wp-json/wp/v2/media?page=3&per_page=100
2026-06-04 17:44:42,894 - INFO - Fetched page 7 from https://businessmediums.com/wp-json/wp/v2/media?page=7&per_page=100
2026-06-04 17:44:42,911 - INFO - Fetched page 5 from https://techmasternode.com/wp-json/wp/v2/media?page=5&per_page=100
2026-06-04 17:44:42,917 - INFO - Fetched page 7 from https://worldbusinesshour.com/wp-json/wp/v2/media?page=7&per_page=100
2026-06-04 17:44:42,943 - INFO - Fetched page 4 from https://cxomatters.com/wp-json/wp/v2/media?page=4&per_page=100
2026-06-04 17:44:42,999 - INFO - Fetched page 7 from https://worldbusinesshour.com/wp-json/wp/v2/media?page=7&per_page=100
2026-06-04 17:44:43,016 - INFO - Fetched page 4 from https://thegrowthinsights.com/wp-json/wp/v2/media?page=4&per_page=100
2026-06-04 17:44:43,365 - INFO - Fetched page 8 from https://businessmediums.com/wp-json/wp/v2/media?page=8&per_page=100
2026-06-04 17:44:43,387 - INFO - Fetched page 3 from https://techwebtrends.com/wp-json/wp/v2/media?page=3&per_page=100
2026-06-04 17:44:43,443 - INFO - Fetched page 7 from https://techmasternode.com/wp-json/wp/v2/media?page=7&per_page=100
2026-06-04 17:44:43,570 - INFO - No more pages: https://worldbusinesshour.com/wp-json/wp/v2/media?page=8&per_page=100
2026-06-04 17:44:43,595 - INFO - Fetched page 5 from https://cxomatters.com/wp-json/wp/v2/media?page=5&per_page=100
2026-06-04 17:44:43,608 - INFO - Fetched page 4 from https://techwebtrends.com/wp-json/wp/v2/media?page=4&per_page=100
2026-06-04 17:44:43,650 - INFO - No more pages: https://worldbusinesshour.com/wp-json/wp/v2/media?page=8&per_page=100
2026-06-04 17:44:43,651 - INFO - Fetched page 5 from https://thegrowthinsights.com/wp-json/wp/v2/media?page=5&per_page=100
2026-06-04 17:44:43,699 - INFO - Fetched page 8 from https://businessmediums.com/wp-json/wp/v2/media?page=8&per_page=100
2026-06-04 17:44:44,075 - INFO - No more pages: https://techmasternode.com/wp-json/wp/v2/media?page=8&per_page=100
2026-06-04 17:44:44,092 - INFO - Fetched page 5 from https://cxomatters.com/wp-json/wp/v2/media?page=5&per_page=100
2026-06-04 17:44:44,120 - INFO - Fetched page 6 from https://techmasternode.com/wp-json/wp/v2/media?page=6&per_page=100
2026-06-04 17:44:44,129 - INFO - Fetched page 4 from https://techwebtrends.com/wp-json/wp/v2/media?page=4&per_page=100
2026-06-04 17:44:44,139 - INFO - Fetched page 9 from https://businessmediums.com/wp-json/wp/v2/media?page=9&per_page=100
2026-06-04 17:44:44,388 - INFO - Fetched page 5 from https://thegrowthinsights.com/wp-json/wp/v2/media?page=5&per_page=100
2026-06-04 17:44:44,419 - INFO - Fetched page 9 from https://businessmediums.com/wp-json/wp/v2/media?page=9&per_page=100
2026-06-04 17:44:44,622 - INFO - Fetched page 5 from https://techwebtrends.com/wp-json/wp/v2/media?page=5&per_page=100
2026-06-04 17:44:44,737 - INFO - Fetched page 6 from https://cxomatters.com/wp-json/wp/v2/media?page=6&per_page=100
2026-06-04 17:44:44,873 - INFO - Fetched page 6 from https://thegrowthinsights.com/wp-json/wp/v2/media?page=6&per_page=100
2026-06-04 17:44:44,878 - INFO - Fetched page 7 from https://techmasternode.com/wp-json/wp/v2/media?page=7&per_page=100
2026-06-04 17:44:45,070 - INFO - Fetched page 1 from https://worldbusinesshour.com/wp-json/wp/v2/resources?page=1&per_page=100
2026-06-04 17:44:45,832 - INFO - Fetched page 7 from https://cxomatters.com/wp-json/wp/v2/media?page=7&per_page=100
2026-06-04 17:44:45,899 - INFO - No more pages: https://techmasternode.com/wp-json/wp/v2/media?page=8&per_page=100
2026-06-04 17:44:45,923 - INFO - Fetched page 1 from https://techmasternode.com/wp-json/wp/v2/resources?page=1&per_page=100
2026-06-04 17:44:45,936 - INFO - Fetched page 7 from https://thegrowthinsights.com/wp-json/wp/v2/media?page=7&per_page=100
2026-06-04 17:44:45,998 - INFO - Fetched page 10 from https://businessmediums.com/wp-json/wp/v2/media?page=10&per_page=100
2026-06-04 17:44:46,016 - INFO - Fetched page 6 from https://thegrowthinsights.com/wp-json/wp/v2/media?page=6&per_page=100
2026-06-04 17:44:46,025 - INFO - Fetched page 5 from https://techwebtrends.com/wp-json/wp/v2/media?page=5&per_page=100
2026-06-04 17:44:46,043 - INFO - Fetched page 10 from https://businessmediums.com/wp-json/wp/v2/media?page=10&per_page=100
2026-06-04 17:44:46,088 - INFO - Fetched page 6 from https://techwebtrends.com/wp-json/wp/v2/media?page=6&per_page=100
2026-06-04 17:44:46,097 - INFO - Fetched page 6 from https://cxomatters.com/wp-json/wp/v2/media?page=6&per_page=100
2026-06-04 17:44:46,160 - INFO - Fetched page 1 from https://worldbusinesshour.com/wp-json/wp/v2/resources?page=1&per_page=100
2026-06-04 17:44:46,632 - INFO - No more pages: https://techmasternode.com/wp-json/wp/v2/resources?page=2&per_page=100
2026-06-04 17:44:46,661 - INFO - No more pages: https://thegrowthinsights.com/wp-json/wp/v2/media?page=8&per_page=100
2026-06-04 17:44:46,715 - INFO - No more pages: https://worldbusinesshour.com/wp-json/wp/v2/resources?page=2&per_page=100
2026-06-04 17:44:46,774 - INFO - No more pages: https://worldbusinesshour.com/wp-json/wp/v2/resources?page=2&per_page=100
2026-06-04 17:44:46,977 - INFO - Fetched page 7 from https://techwebtrends.com/wp-json/wp/v2/media?page=7&per_page=100
2026-06-04 17:44:47,001 - INFO - Fetched page 6 from https://techwebtrends.com/wp-json/wp/v2/media?page=6&per_page=100
2026-06-04 17:44:47,057 - INFO - Fetched page 8 from https://cxomatters.com/wp-json/wp/v2/media?page=8&per_page=100
2026-06-04 17:44:47,074 - INFO - Fetched page 7 from https://thegrowthinsights.com/wp-json/wp/v2/media?page=7&per_page=100
2026-06-04 17:44:47,080 - INFO - Fetched page 11 from https://businessmediums.com/wp-json/wp/v2/media?page=11&per_page=100
2026-06-04 17:44:47,086 - INFO - Fetched page 11 from https://businessmediums.com/wp-json/wp/v2/media?page=11&per_page=100
2026-06-04 17:44:47,273 - INFO - Fetched page 7 from https://cxomatters.com/wp-json/wp/v2/media?page=7&per_page=100
2026-06-04 17:44:47,679 - INFO - Fetched page 1 from https://techmasternode.com/wp-json/wp/v2/resources?page=1&per_page=100
2026-06-04 17:44:47,709 - INFO - No more pages: https://thegrowthinsights.com/wp-json/wp/v2/media?page=8&per_page=100
2026-06-04 17:44:47,855 - INFO - Fetched page 7 from https://techwebtrends.com/wp-json/wp/v2/media?page=7&per_page=100
2026-06-04 17:44:47,952 - INFO - Fetched page 8 from https://techwebtrends.com/wp-json/wp/v2/media?page=8&per_page=100
2026-06-04 17:44:48,019 - INFO - Fetched page 9 from https://cxomatters.com/wp-json/wp/v2/media?page=9&per_page=100
2026-06-04 17:44:48,037 - INFO - Fetched page 12 from https://businessmediums.com/wp-json/wp/v2/media?page=12&per_page=100
2026-06-04 17:44:48,469 - INFO - Fetched page 12 from https://businessmediums.com/wp-json/wp/v2/media?page=12&per_page=100
2026-06-04 17:44:48,474 - INFO - No more pages: https://techmasternode.com/wp-json/wp/v2/resources?page=2&per_page=100
2026-06-04 17:44:48,483 - INFO - Fetched page 1 from https://thegrowthinsights.com/wp-json/wp/v2/resources?page=1&per_page=100
2026-06-04 17:44:48,497 - INFO - Fetched page 8 from https://cxomatters.com/wp-json/wp/v2/media?page=8&per_page=100
2026-06-04 17:44:48,724 - INFO - Fetched page 9 from https://techwebtrends.com/wp-json/wp/v2/media?page=9&per_page=100
2026-06-04 17:44:48,802 - INFO - Fetched page 8 from https://techwebtrends.com/wp-json/wp/v2/media?page=8&per_page=100
2026-06-04 17:44:49,192 - INFO - No more pages: https://thegrowthinsights.com/wp-json/wp/v2/resources?page=2&per_page=100
2026-06-04 17:44:49,220 - INFO - Fetched page 13 from https://businessmediums.com/wp-json/wp/v2/media?page=13&per_page=100
2026-06-04 17:44:49,232 - INFO - Fetched page 10 from https://cxomatters.com/wp-json/wp/v2/media?page=10&per_page=100
2026-06-04 17:44:49,314 - INFO - Fetched page 10 from https://techwebtrends.com/wp-json/wp/v2/media?page=10&per_page=100
2026-06-04 17:44:49,428 - INFO - Fetched page 1 from https://thegrowthinsights.com/wp-json/wp/v2/resources?page=1&per_page=100
2026-06-04 17:44:49,468 - INFO - Fetched page 9 from https://techwebtrends.com/wp-json/wp/v2/media?page=9&per_page=100
2026-06-04 17:44:49,598 - INFO - Fetched page 9 from https://cxomatters.com/wp-json/wp/v2/media?page=9&per_page=100
2026-06-04 17:44:49,609 - INFO - Fetched page 13 from https://businessmediums.com/wp-json/wp/v2/media?page=13&per_page=100
2026-06-04 17:44:49,851 - INFO - No more pages: https://techwebtrends.com/wp-json/wp/v2/media?page=11&per_page=100
2026-06-04 17:44:50,105 - INFO - Fetched page 10 from https://techwebtrends.com/wp-json/wp/v2/media?page=10&per_page=100
2026-06-04 17:44:50,112 - INFO - No more pages: https://thegrowthinsights.com/wp-json/wp/v2/resources?page=2&per_page=100
2026-06-04 17:44:50,236 - INFO - Fetched page 11 from https://cxomatters.com/wp-json/wp/v2/media?page=11&per_page=100
2026-06-04 17:44:50,271 - INFO - Fetched page 14 from https://businessmediums.com/wp-json/wp/v2/media?page=14&per_page=100
2026-06-04 17:44:50,625 - INFO - No more pages: https://techwebtrends.com/wp-json/wp/v2/media?page=11&per_page=100
2026-06-04 17:44:50,662 - INFO - Fetched page 14 from https://businessmediums.com/wp-json/wp/v2/media?page=14&per_page=100
2026-06-04 17:44:50,688 - INFO - Fetched page 10 from https://cxomatters.com/wp-json/wp/v2/media?page=10&per_page=100
2026-06-04 17:44:50,911 - INFO - No more pages: https://businessmediums.com/wp-json/wp/v2/media?page=15&per_page=100
2026-06-04 17:44:50,929 - INFO - Fetched page 12 from https://cxomatters.com/wp-json/wp/v2/media?page=12&per_page=100
2026-06-04 17:44:51,752 - INFO - No more pages: https://cxomatters.com/wp-json/wp/v2/media?page=13&per_page=100
2026-06-04 17:44:51,762 - INFO - Fetched page 11 from https://cxomatters.com/wp-json/wp/v2/media?page=11&per_page=100
2026-06-04 17:44:51,772 - INFO - No more pages: https://businessmediums.com/wp-json/wp/v2/media?page=15&per_page=100
2026-06-04 17:44:51,792 - INFO - Fetched page 1 from https://techwebtrends.com/wp-json/wp/v2/resources?page=1&per_page=100
2026-06-04 17:44:52,112 - INFO - Fetched page 1 from https://techwebtrends.com/wp-json/wp/v2/resources?page=1&per_page=100
2026-06-04 17:44:52,402 - INFO - Fetched page 1 from https://businessmediums.com/wp-json/wp/v2/resources?page=1&per_page=100
2026-06-04 17:44:52,580 - INFO - No more pages: https://techwebtrends.com/wp-json/wp/v2/resources?page=2&per_page=100
2026-06-04 17:44:52,627 - INFO - No more pages: https://techwebtrends.com/wp-json/wp/v2/resources?page=2&per_page=100
2026-06-04 17:44:52,880 - INFO - Fetched page 12 from https://cxomatters.com/wp-json/wp/v2/media?page=12&per_page=100
2026-06-04 17:44:53,068 - INFO - No more pages: https://businessmediums.com/wp-json/wp/v2/resources?page=2&per_page=100
2026-06-04 17:44:53,194 - INFO - Fetched page 1 from https://cxomatters.com/wp-json/wp/v2/resources?page=1&per_page=100
2026-06-04 17:44:53,594 - INFO - No more pages: https://cxomatters.com/wp-json/wp/v2/media?page=13&per_page=100
2026-06-04 17:44:53,630 - INFO - Fetched page 1 from https://businessmediums.com/wp-json/wp/v2/resources?page=1&per_page=100
2026-06-04 17:44:53,788 - INFO - No more pages: https://cxomatters.com/wp-json/wp/v2/resources?page=2&per_page=100
2026-06-04 17:44:54,481 - INFO - No more pages: https://businessmediums.com/wp-json/wp/v2/resources?page=2&per_page=100
2026-06-04 17:44:55,041 - INFO - Fetched page 1 from https://cxomatters.com/wp-json/wp/v2/resources?page=1&per_page=100
2026-06-04 17:44:55,689 - INFO - No more pages: https://cxomatters.com/wp-json/wp/v2/resources?page=2&per_page=100
2026-06-04 17:47:56,628 - INFO - Fetched page 1 from https://techwebtrends.com/wp-json/wp/v2/posts?page=1&per_page=100
2026-06-04 17:47:56,663 - INFO - Fetched page 1 from https://thegrowthinsights.com/wp-json/wp/v2/posts?page=1&per_page=100
2026-06-04 17:47:56,725 - INFO - Fetched page 1 from https://cxomatters.com/wp-json/wp/v2/posts?page=1&per_page=100
2026-06-04 17:47:56,751 - INFO - Fetched page 1 from https://worldbusinesshour.com/wp-json/wp/v2/posts?page=1&per_page=100
2026-06-04 17:47:56,872 - INFO - Fetched page 1 from https://businessmediums.com/wp-json/wp/v2/posts?page=1&per_page=100
2026-06-04 17:47:56,988 - INFO - Fetched page 1 from https://techmasternode.com/wp-json/wp/v2/posts?page=1&per_page=100
2026-06-04 17:47:57,498 - INFO - No more pages: https://businessmediums.com/wp-json/wp/v2/posts?page=2&per_page=100
2026-06-04 17:47:57,799 - INFO - Fetched page 2 from https://worldbusinesshour.com/wp-json/wp/v2/posts?page=2&per_page=100
2026-06-04 17:47:58,160 - INFO - Fetched page 1 from https://cxomatters.com/wp-json/wp/v2/posts?page=1&per_page=100
2026-06-04 17:47:58,254 - INFO - Fetched page 1 from https://techwebtrends.com/wp-json/wp/v2/posts?page=1&per_page=100
2026-06-04 17:47:58,283 - INFO - Fetched page 2 from https://techwebtrends.com/wp-json/wp/v2/posts?page=2&per_page=100
2026-06-04 17:47:58,286 - INFO - Fetched page 1 from https://businessmediums.com/wp-json/wp/v2/posts?page=1&per_page=100
2026-06-04 17:47:58,300 - INFO - Fetched page 2 from https://thegrowthinsights.com/wp-json/wp/v2/posts?page=2&per_page=100
2026-06-04 17:47:58,423 - INFO - Fetched page 1 from https://thegrowthinsights.com/wp-json/wp/v2/posts?page=1&per_page=100
2026-06-04 17:47:58,430 - INFO - No more pages: https://worldbusinesshour.com/wp-json/wp/v2/posts?page=3&per_page=100
2026-06-04 17:47:58,434 - INFO - Fetched page 1 from https://techmasternode.com/wp-json/wp/v2/posts?page=1&per_page=100
2026-06-04 17:47:58,494 - INFO - Fetched page 1 from https://worldbusinesshour.com/wp-json/wp/v2/posts?page=1&per_page=100
2026-06-04 17:47:58,497 - INFO - Fetched page 2 from https://cxomatters.com/wp-json/wp/v2/posts?page=2&per_page=100
2026-06-04 17:47:58,732 - INFO - Fetched page 1 from https://businessmediums.com/wp-json/wp/v2/pages?page=1&per_page=100
2026-06-04 17:47:58,891 - INFO - No more pages: https://businessmediums.com/wp-json/wp/v2/posts?page=2&per_page=100
2026-06-04 17:47:58,902 - INFO - Fetched page 2 from https://techmasternode.com/wp-json/wp/v2/posts?page=2&per_page=100
2026-06-04 17:47:58,907 - INFO - No more pages: https://thegrowthinsights.com/wp-json/wp/v2/posts?page=3&per_page=100
2026-06-04 17:47:59,311 - INFO - Fetched page 3 from https://cxomatters.com/wp-json/wp/v2/posts?page=3&per_page=100
2026-06-04 17:47:59,572 - INFO - Fetched page 2 from https://worldbusinesshour.com/wp-json/wp/v2/posts?page=2&per_page=100
2026-06-04 17:47:59,667 - INFO - Fetched page 3 from https://techmasternode.com/wp-json/wp/v2/posts?page=3&per_page=100
2026-06-04 17:47:59,826 - INFO - Fetched page 2 from https://cxomatters.com/wp-json/wp/v2/posts?page=2&per_page=100
2026-06-04 17:47:59,882 - INFO - Fetched page 2 from https://techwebtrends.com/wp-json/wp/v2/posts?page=2&per_page=100
2026-06-04 17:47:59,895 - INFO - No more pages: https://cxomatters.com/wp-json/wp/v2/posts?page=4&per_page=100
2026-06-04 17:48:00,082 - INFO - Fetched page 2 from https://thegrowthinsights.com/wp-json/wp/v2/posts?page=2&per_page=100
2026-06-04 17:48:00,180 - INFO - Fetched page 1 from https://businessmediums.com/wp-json/wp/v2/pages?page=1&per_page=100
2026-06-04 17:48:00,194 - INFO - No more pages: https://techmasternode.com/wp-json/wp/v2/posts?page=4&per_page=100
2026-06-04 17:48:00,223 - INFO - No more pages: https://worldbusinesshour.com/wp-json/wp/v2/posts?page=3&per_page=100
2026-06-04 17:48:00,317 - INFO - Fetched page 2 from https://techmasternode.com/wp-json/wp/v2/posts?page=2&per_page=100
2026-06-04 17:48:00,334 - INFO - Fetched page 1 from https://thegrowthinsights.com/wp-json/wp/v2/pages?page=1&per_page=100
2026-06-04 17:48:00,434 - INFO - Fetched page 4 from https://techwebtrends.com/wp-json/wp/v2/posts?page=4&per_page=100
2026-06-04 17:48:00,517 - INFO - Fetched page 3 from https://cxomatters.com/wp-json/wp/v2/posts?page=3&per_page=100
2026-06-04 17:48:00,639 - INFO - Fetched page 1 from https://worldbusinesshour.com/wp-json/wp/v2/pages?page=1&per_page=100
2026-06-04 17:48:00,737 - INFO - No more pages: https://thegrowthinsights.com/wp-json/wp/v2/posts?page=3&per_page=100
2026-06-04 17:48:00,974 - INFO - No more pages: https://techwebtrends.com/wp-json/wp/v2/posts?page=5&per_page=100
2026-06-04 17:48:00,994 - INFO - No more pages: https://thegrowthinsights.com/wp-json/wp/v2/pages?page=2&per_page=100
2026-06-04 17:48:01,079 - INFO - Fetched page 2 from https://businessmediums.com/wp-json/wp/v2/pages?page=2&per_page=100
2026-06-04 17:48:01,084 - INFO - Fetched page 1 from https://cxomatters.com/wp-json/wp/v2/pages?page=1&per_page=100
2026-06-04 17:48:01,092 - INFO - Fetched page 3 from https://techmasternode.com/wp-json/wp/v2/posts?page=3&per_page=100
2026-06-04 17:48:01,141 - INFO - No more pages: https://cxomatters.com/wp-json/wp/v2/posts?page=4&per_page=100
2026-06-04 17:48:01,304 - INFO - No more pages: https://worldbusinesshour.com/wp-json/wp/v2/pages?page=2&per_page=100
2026-06-04 17:48:01,402 - INFO - Fetched page 3 from https://techwebtrends.com/wp-json/wp/v2/posts?page=3&per_page=100
2026-06-04 17:48:01,764 - INFO - No more pages: https://techmasternode.com/wp-json/wp/v2/posts?page=4&per_page=100
2026-06-04 17:48:01,765 - INFO - No more pages: https://businessmediums.com/wp-json/wp/v2/pages?page=3&per_page=100
2026-06-04 17:48:01,994 - INFO - Fetched page 4 from https://techwebtrends.com/wp-json/wp/v2/posts?page=4&per_page=100
2026-06-04 17:48:02,212 - INFO - Fetched page 1 from https://techmasternode.com/wp-json/wp/v2/pages?page=1&per_page=100
2026-06-04 17:48:02,235 - INFO - Fetched page 1 from https://thegrowthinsights.com/wp-json/wp/v2/pages?page=1&per_page=100
2026-06-04 17:48:02,285 - INFO - Fetched page 1 from https://techwebtrends.com/wp-json/wp/v2/pages?page=1&per_page=100
2026-06-04 17:48:02,400 - INFO - Fetched page 1 from https://worldbusinesshour.com/wp-json/wp/v2/media?page=1&per_page=100
2026-06-04 17:48:02,510 - INFO - No more pages: https://techwebtrends.com/wp-json/wp/v2/posts?page=5&per_page=100
2026-06-04 17:48:02,523 - INFO - Fetched page 1 from https://cxomatters.com/wp-json/wp/v2/pages?page=1&per_page=100
2026-06-04 17:48:02,544 - INFO - Fetched page 2 from https://cxomatters.com/wp-json/wp/v2/pages?page=2&per_page=100
2026-06-04 17:48:02,560 - INFO - Fetched page 2 from https://businessmediums.com/wp-json/wp/v2/pages?page=2&per_page=100
2026-06-04 17:48:02,718 - INFO - Fetched page 1 from https://worldbusinesshour.com/wp-json/wp/v2/pages?page=1&per_page=100
2026-06-04 17:48:02,746 - INFO - Fetched page 1 from https://thegrowthinsights.com/wp-json/wp/v2/media?page=1&per_page=100
2026-06-04 17:48:02,798 - INFO - No more pages: https://techmasternode.com/wp-json/wp/v2/pages?page=2&per_page=100
2026-06-04 17:48:02,838 - INFO - Fetched page 1 from https://businessmediums.com/wp-json/wp/v2/media?page=1&per_page=100
2026-06-04 17:48:02,891 - INFO - No more pages: https://thegrowthinsights.com/wp-json/wp/v2/pages?page=2&per_page=100
2026-06-04 17:48:03,200 - INFO - No more pages: https://businessmediums.com/wp-json/wp/v2/pages?page=3&per_page=100
2026-06-04 17:48:03,373 - INFO - No more pages: https://worldbusinesshour.com/wp-json/wp/v2/pages?page=2&per_page=100
2026-06-04 17:48:03,445 - INFO - Fetched page 2 from https://worldbusinesshour.com/wp-json/wp/v2/media?page=2&per_page=100
2026-06-04 17:48:03,646 - INFO - Fetched page 1 from https://techwebtrends.com/wp-json/wp/v2/pages?page=1&per_page=100
2026-06-04 17:48:03,676 - INFO - Fetched page 1 from https://techmasternode.com/wp-json/wp/v2/pages?page=1&per_page=100
2026-06-04 17:48:03,716 - INFO - Fetched page 2 from https://cxomatters.com/wp-json/wp/v2/pages?page=2&per_page=100
2026-06-04 17:48:03,837 - INFO - Fetched page 2 from https://businessmediums.com/wp-json/wp/v2/media?page=2&per_page=100
2026-06-04 17:48:04,534 - INFO - No more pages: https://techmasternode.com/wp-json/wp/v2/pages?page=2&per_page=100
2026-06-04 17:48:04,541 - INFO - Fetched page 3 from https://cxomatters.com/wp-json/wp/v2/pages?page=3&per_page=100
2026-06-04 17:48:04,542 - INFO - Fetched page 1 from https://businessmediums.com/wp-json/wp/v2/media?page=1&per_page=100
2026-06-04 17:48:04,548 - INFO - Fetched page 3 from https://worldbusinesshour.com/wp-json/wp/v2/media?page=3&per_page=100
2026-06-04 17:48:04,553 - INFO - Fetched page 1 from https://techmasternode.com/wp-json/wp/v2/media?page=1&per_page=100
2026-06-04 17:48:04,579 - INFO - Fetched page 2 from https://thegrowthinsights.com/wp-json/wp/v2/media?page=2&per_page=100
2026-06-04 17:48:04,588 - INFO - Fetched page 1 from https://worldbusinesshour.com/wp-json/wp/v2/media?page=1&per_page=100
2026-06-04 17:48:04,597 - INFO - Fetched page 1 from https://thegrowthinsights.com/wp-json/wp/v2/media?page=1&per_page=100
2026-06-04 17:48:04,627 - INFO - Fetched page 3 from https://businessmediums.com/wp-json/wp/v2/media?page=3&per_page=100
2026-06-04 17:48:04,747 - INFO - Fetched page 2 from https://techwebtrends.com/wp-json/wp/v2/pages?page=2&per_page=100
2026-06-04 17:48:04,971 - INFO - Fetched page 3 from https://cxomatters.com/wp-json/wp/v2/pages?page=3&per_page=100
2026-06-04 17:48:05,351 - INFO - No more pages: https://cxomatters.com/wp-json/wp/v2/pages?page=4&per_page=100
2026-06-04 17:48:05,357 - INFO - No more pages: https://techwebtrends.com/wp-json/wp/v2/pages?page=3&per_page=100
2026-06-04 17:48:05,555 - INFO - No more pages: https://cxomatters.com/wp-json/wp/v2/pages?page=4&per_page=100
2026-06-04 17:48:05,673 - INFO - Fetched page 4 from https://businessmediums.com/wp-json/wp/v2/media?page=4&per_page=100
2026-06-04 17:48:05,677 - INFO - Fetched page 2 from https://businessmediums.com/wp-json/wp/v2/media?page=2&per_page=100
2026-06-04 17:48:05,715 - INFO - Fetched page 2 from https://worldbusinesshour.com/wp-json/wp/v2/media?page=2&per_page=100
2026-06-04 17:48:05,732 - INFO - Fetched page 4 from https://worldbusinesshour.com/wp-json/wp/v2/media?page=4&per_page=100
2026-06-04 17:48:05,831 - INFO - Fetched page 2 from https://techmasternode.com/wp-json/wp/v2/media?page=2&per_page=100
2026-06-04 17:48:06,076 - INFO - Fetched page 1 from https://techmasternode.com/wp-json/wp/v2/media?page=1&per_page=100
2026-06-04 17:48:06,255 - INFO - Fetched page 2 from https://techwebtrends.com/wp-json/wp/v2/pages?page=2&per_page=100
2026-06-04 17:48:06,375 - INFO - Fetched page 3 from https://thegrowthinsights.com/wp-json/wp/v2/media?page=3&per_page=100
2026-06-04 17:48:06,380 - INFO - Fetched page 1 from https://cxomatters.com/wp-json/wp/v2/media?page=1&per_page=100
2026-06-04 17:48:06,388 - INFO - Fetched page 3 from https://businessmediums.com/wp-json/wp/v2/media?page=3&per_page=100
2026-06-04 17:48:06,470 - INFO - Fetched page 2 from https://thegrowthinsights.com/wp-json/wp/v2/media?page=2&per_page=100
2026-06-04 17:48:06,558 - INFO - Fetched page 1 from https://techwebtrends.com/wp-json/wp/v2/media?page=1&per_page=100
2026-06-04 17:48:06,597 - INFO - Fetched page 1 from https://cxomatters.com/wp-json/wp/v2/media?page=1&per_page=100
2026-06-04 17:48:06,727 - INFO - Fetched page 3 from https://worldbusinesshour.com/wp-json/wp/v2/media?page=3&per_page=100
2026-06-04 17:48:06,741 - INFO - Fetched page 5 from https://businessmediums.com/wp-json/wp/v2/media?page=5&per_page=100
2026-06-04 17:48:06,753 - INFO - Fetched page 5 from https://worldbusinesshour.com/wp-json/wp/v2/media?page=5&per_page=100
2026-06-04 17:48:06,799 - INFO - No more pages: https://techwebtrends.com/wp-json/wp/v2/pages?page=3&per_page=100
2026-06-04 17:48:06,875 - INFO - Fetched page 3 from https://techmasternode.com/wp-json/wp/v2/media?page=3&per_page=100
2026-06-04 17:48:07,915 - INFO - Fetched page 6 from https://businessmediums.com/wp-json/wp/v2/media?page=6&per_page=100
2026-06-04 17:48:07,916 - INFO - Fetched page 1 from https://techwebtrends.com/wp-json/wp/v2/media?page=1&per_page=100
2026-06-04 17:48:07,923 - INFO - Fetched page 4 from https://techmasternode.com/wp-json/wp/v2/media?page=4&per_page=100
2026-06-04 17:48:07,940 - INFO - Fetched page 2 from https://techwebtrends.com/wp-json/wp/v2/media?page=2&per_page=100
2026-06-04 17:48:07,948 - INFO - Fetched page 2 from https://cxomatters.com/wp-json/wp/v2/media?page=2&per_page=100
2026-06-04 17:48:07,951 - INFO - Fetched page 2 from https://cxomatters.com/wp-json/wp/v2/media?page=2&per_page=100
2026-06-04 17:48:07,958 - INFO - Fetched page 4 from https://thegrowthinsights.com/wp-json/wp/v2/media?page=4&per_page=100
2026-06-04 17:48:07,963 - INFO - Fetched page 6 from https://worldbusinesshour.com/wp-json/wp/v2/media?page=6&per_page=100
2026-06-04 17:48:08,015 - INFO - Fetched page 4 from https://businessmediums.com/wp-json/wp/v2/media?page=4&per_page=100
2026-06-04 17:48:08,024 - INFO - Fetched page 4 from https://worldbusinesshour.com/wp-json/wp/v2/media?page=4&per_page=100
2026-06-04 17:48:08,029 - INFO - Fetched page 2 from https://techmasternode.com/wp-json/wp/v2/media?page=2&per_page=100
2026-06-04 17:48:08,227 - INFO - Fetched page 3 from https://thegrowthinsights.com/wp-json/wp/v2/media?page=3&per_page=100
2026-06-04 17:48:08,613 - INFO - Fetched page 7 from https://worldbusinesshour.com/wp-json/wp/v2/media?page=7&per_page=100
2026-06-04 17:48:08,929 - INFO - Fetched page 3 from https://techwebtrends.com/wp-json/wp/v2/media?page=3&per_page=100
2026-06-04 17:48:08,936 - INFO - Fetched page 2 from https://techwebtrends.com/wp-json/wp/v2/media?page=2&per_page=100
2026-06-04 17:48:08,949 - INFO - Fetched page 7 from https://businessmediums.com/wp-json/wp/v2/media?page=7&per_page=100
2026-06-04 17:48:08,951 - INFO - Fetched page 3 from https://cxomatters.com/wp-json/wp/v2/media?page=3&per_page=100
2026-06-04 17:48:08,962 - INFO - Fetched page 5 from https://techmasternode.com/wp-json/wp/v2/media?page=5&per_page=100
2026-06-04 17:48:08,999 - INFO - Fetched page 3 from https://cxomatters.com/wp-json/wp/v2/media?page=3&per_page=100
2026-06-04 17:48:09,016 - INFO - Fetched page 5 from https://businessmediums.com/wp-json/wp/v2/media?page=5&per_page=100
2026-06-04 17:48:09,148 - INFO - Fetched page 3 from https://techmasternode.com/wp-json/wp/v2/media?page=3&per_page=100
2026-06-04 17:48:09,169 - INFO - Fetched page 5 from https://worldbusinesshour.com/wp-json/wp/v2/media?page=5&per_page=100
2026-06-04 17:48:09,186 - INFO - Fetched page 5 from https://thegrowthinsights.com/wp-json/wp/v2/media?page=5&per_page=100
2026-06-04 17:48:09,207 - INFO - No more pages: https://worldbusinesshour.com/wp-json/wp/v2/media?page=8&per_page=100
2026-06-04 17:48:09,604 - INFO - Fetched page 4 from https://thegrowthinsights.com/wp-json/wp/v2/media?page=4&per_page=100
2026-06-04 17:48:09,842 - INFO - Fetched page 4 from https://techwebtrends.com/wp-json/wp/v2/media?page=4&per_page=100
2026-06-04 17:48:09,885 - INFO - Fetched page 3 from https://techwebtrends.com/wp-json/wp/v2/media?page=3&per_page=100
2026-06-04 17:48:10,020 - INFO - Fetched page 4 from https://cxomatters.com/wp-json/wp/v2/media?page=4&per_page=100
2026-06-04 17:48:10,027 - INFO - Fetched page 8 from https://businessmediums.com/wp-json/wp/v2/media?page=8&per_page=100
2026-06-04 17:48:10,040 - INFO - Fetched page 4 from https://cxomatters.com/wp-json/wp/v2/media?page=4&per_page=100
2026-06-04 17:48:10,120 - INFO - Fetched page 6 from https://techmasternode.com/wp-json/wp/v2/media?page=6&per_page=100
2026-06-04 17:48:10,182 - INFO - Fetched page 6 from https://businessmediums.com/wp-json/wp/v2/media?page=6&per_page=100
2026-06-04 17:48:10,226 - INFO - Fetched page 6 from https://worldbusinesshour.com/wp-json/wp/v2/media?page=6&per_page=100
2026-06-04 17:48:10,266 - INFO - Fetched page 6 from https://thegrowthinsights.com/wp-json/wp/v2/media?page=6&per_page=100
2026-06-04 17:48:10,449 - INFO - Fetched page 4 from https://techmasternode.com/wp-json/wp/v2/media?page=4&per_page=100
2026-06-04 17:48:10,667 - INFO - Fetched page 1 from https://worldbusinesshour.com/wp-json/wp/v2/resources?page=1&per_page=100
2026-06-04 17:48:10,744 - INFO - Fetched page 5 from https://techwebtrends.com/wp-json/wp/v2/media?page=5&per_page=100
2026-06-04 17:48:10,807 - INFO - Fetched page 9 from https://businessmediums.com/wp-json/wp/v2/media?page=9&per_page=100
2026-06-04 17:48:10,816 - INFO - Fetched page 4 from https://techwebtrends.com/wp-json/wp/v2/media?page=4&per_page=100
2026-06-04 17:48:10,898 - INFO - Fetched page 7 from https://worldbusinesshour.com/wp-json/wp/v2/media?page=7&per_page=100
2026-06-04 17:48:10,932 - INFO - Fetched page 5 from https://thegrowthinsights.com/wp-json/wp/v2/media?page=5&per_page=100
2026-06-04 17:48:11,072 - INFO - Fetched page 7 from https://thegrowthinsights.com/wp-json/wp/v2/media?page=7&per_page=100
2026-06-04 17:48:11,096 - INFO - Fetched page 5 from https://cxomatters.com/wp-json/wp/v2/media?page=5&per_page=100
2026-06-04 17:48:11,190 - INFO - Fetched page 5 from https://cxomatters.com/wp-json/wp/v2/media?page=5&per_page=100
2026-06-04 17:48:11,240 - INFO - No more pages: https://worldbusinesshour.com/wp-json/wp/v2/resources?page=2&per_page=100
2026-06-04 17:48:11,251 - INFO - Fetched page 7 from https://techmasternode.com/wp-json/wp/v2/media?page=7&per_page=100
2026-06-04 17:48:11,271 - INFO - Fetched page 7 from https://businessmediums.com/wp-json/wp/v2/media?page=7&per_page=100
2026-06-04 17:48:11,483 - INFO - Fetched page 5 from https://techmasternode.com/wp-json/wp/v2/media?page=5&per_page=100
2026-06-04 17:48:11,502 - INFO - No more pages: https://worldbusinesshour.com/wp-json/wp/v2/media?page=8&per_page=100
2026-06-04 17:48:11,650 - INFO - Fetched page 6 from https://techwebtrends.com/wp-json/wp/v2/media?page=6&per_page=100
2026-06-04 17:48:11,675 - INFO - No more pages: https://thegrowthinsights.com/wp-json/wp/v2/media?page=8&per_page=100
2026-06-04 17:48:11,763 - INFO - Fetched page 5 from https://techwebtrends.com/wp-json/wp/v2/media?page=5&per_page=100
2026-06-04 17:48:11,767 - INFO - Fetched page 10 from https://businessmediums.com/wp-json/wp/v2/media?page=10&per_page=100
2026-06-04 17:48:11,856 - INFO - No more pages: https://techmasternode.com/wp-json/wp/v2/media?page=8&per_page=100
2026-06-04 17:48:12,023 - INFO - Fetched page 6 from https://thegrowthinsights.com/wp-json/wp/v2/media?page=6&per_page=100
2026-06-04 17:48:12,217 - INFO - Fetched page 6 from https://cxomatters.com/wp-json/wp/v2/media?page=6&per_page=100
2026-06-04 17:48:12,227 - INFO - Fetched page 8 from https://businessmediums.com/wp-json/wp/v2/media?page=8&per_page=100
2026-06-04 17:48:12,288 - INFO - Fetched page 7 from https://techwebtrends.com/wp-json/wp/v2/media?page=7&per_page=100
2026-06-04 17:48:12,290 - INFO - Fetched page 6 from https://cxomatters.com/wp-json/wp/v2/media?page=6&per_page=100
2026-06-04 17:48:12,450 - INFO - Fetched page 6 from https://techwebtrends.com/wp-json/wp/v2/media?page=6&per_page=100
2026-06-04 17:48:12,559 - INFO - Fetched page 6 from https://techmasternode.com/wp-json/wp/v2/media?page=6&per_page=100
2026-06-04 17:48:12,745 - INFO - Fetched page 11 from https://businessmediums.com/wp-json/wp/v2/media?page=11&per_page=100
2026-06-04 17:48:12,974 - INFO - Fetched page 1 from https://worldbusinesshour.com/wp-json/wp/v2/resources?page=1&per_page=100
2026-06-04 17:48:12,991 - INFO - Fetched page 9 from https://businessmediums.com/wp-json/wp/v2/media?page=9&per_page=100
2026-06-04 17:48:13,090 - INFO - Fetched page 1 from https://thegrowthinsights.com/wp-json/wp/v2/resources?page=1&per_page=100
2026-06-04 17:48:13,199 - INFO - Fetched page 7 from https://techwebtrends.com/wp-json/wp/v2/media?page=7&per_page=100
2026-06-04 17:48:13,264 - INFO - Fetched page 7 from https://thegrowthinsights.com/wp-json/wp/v2/media?page=7&per_page=100
2026-06-04 17:48:13,281 - INFO - Fetched page 8 from https://techwebtrends.com/wp-json/wp/v2/media?page=8&per_page=100
2026-06-04 17:48:13,306 - INFO - Fetched page 7 from https://techmasternode.com/wp-json/wp/v2/media?page=7&per_page=100
2026-06-04 17:48:13,331 - INFO - Fetched page 1 from https://techmasternode.com/wp-json/wp/v2/resources?page=1&per_page=100
2026-06-04 17:48:13,349 - INFO - Fetched page 7 from https://cxomatters.com/wp-json/wp/v2/media?page=7&per_page=100
2026-06-04 17:48:13,370 - INFO - Fetched page 7 from https://cxomatters.com/wp-json/wp/v2/media?page=7&per_page=100
2026-06-04 17:48:13,629 - INFO - No more pages: https://worldbusinesshour.com/wp-json/wp/v2/resources?page=2&per_page=100
2026-06-04 17:48:13,730 - INFO - No more pages: https://thegrowthinsights.com/wp-json/wp/v2/resources?page=2&per_page=100
2026-06-04 17:48:13,866 - INFO - No more pages: https://techmasternode.com/wp-json/wp/v2/media?page=8&per_page=100
2026-06-04 17:48:13,876 - INFO - Fetched page 12 from https://businessmediums.com/wp-json/wp/v2/media?page=12&per_page=100
2026-06-04 17:48:13,903 - INFO - No more pages: https://thegrowthinsights.com/wp-json/wp/v2/media?page=8&per_page=100
2026-06-04 17:48:13,929 - INFO - No more pages: https://techmasternode.com/wp-json/wp/v2/resources?page=2&per_page=100
2026-06-04 17:48:13,948 - INFO - Fetched page 10 from https://businessmediums.com/wp-json/wp/v2/media?page=10&per_page=100
2026-06-04 17:48:13,967 - INFO - Fetched page 9 from https://techwebtrends.com/wp-json/wp/v2/media?page=9&per_page=100
2026-06-04 17:48:14,290 - INFO - Fetched page 8 from https://techwebtrends.com/wp-json/wp/v2/media?page=8&per_page=100
2026-06-04 17:48:14,384 - INFO - Fetched page 8 from https://cxomatters.com/wp-json/wp/v2/media?page=8&per_page=100
2026-06-04 17:48:14,437 - INFO - Fetched page 8 from https://cxomatters.com/wp-json/wp/v2/media?page=8&per_page=100
2026-06-04 17:48:14,564 - INFO - Fetched page 10 from https://techwebtrends.com/wp-json/wp/v2/media?page=10&per_page=100
2026-06-04 17:48:14,862 - INFO - Fetched page 13 from https://businessmediums.com/wp-json/wp/v2/media?page=13&per_page=100
2026-06-04 17:48:14,943 - INFO - Fetched page 11 from https://businessmediums.com/wp-json/wp/v2/media?page=11&per_page=100
2026-06-04 17:48:15,089 - INFO - No more pages: https://techwebtrends.com/wp-json/wp/v2/media?page=11&per_page=100
2026-06-04 17:48:15,137 - INFO - Fetched page 9 from https://cxomatters.com/wp-json/wp/v2/media?page=9&per_page=100
2026-06-04 17:48:15,151 - INFO - Fetched page 9 from https://cxomatters.com/wp-json/wp/v2/media?page=9&per_page=100
2026-06-04 17:48:15,168 - INFO - Fetched page 9 from https://techwebtrends.com/wp-json/wp/v2/media?page=9&per_page=100
2026-06-04 17:48:15,326 - INFO - Fetched page 1 from https://thegrowthinsights.com/wp-json/wp/v2/resources?page=1&per_page=100
2026-06-04 17:48:15,350 - INFO - Fetched page 1 from https://techmasternode.com/wp-json/wp/v2/resources?page=1&per_page=100
2026-06-04 17:48:15,727 - INFO - Fetched page 10 from https://techwebtrends.com/wp-json/wp/v2/media?page=10&per_page=100
2026-06-04 17:48:15,764 - INFO - Fetched page 14 from https://businessmediums.com/wp-json/wp/v2/media?page=14&per_page=100
2026-06-04 17:48:15,914 - INFO - Fetched page 12 from https://businessmediums.com/wp-json/wp/v2/media?page=12&per_page=100
2026-06-04 17:48:15,956 - INFO - No more pages: https://techmasternode.com/wp-json/wp/v2/resources?page=2&per_page=100
2026-06-04 17:48:16,033 - INFO - No more pages: https://thegrowthinsights.com/wp-json/wp/v2/resources?page=2&per_page=100
2026-06-04 17:48:16,308 - INFO - Fetched page 10 from https://cxomatters.com/wp-json/wp/v2/media?page=10&per_page=100
2026-06-04 17:48:16,310 - INFO - Fetched page 10 from https://cxomatters.com/wp-json/wp/v2/media?page=10&per_page=100
2026-06-04 17:48:16,310 - INFO - No more pages: https://techwebtrends.com/wp-json/wp/v2/media?page=11&per_page=100
2026-06-04 17:48:16,373 - INFO - No more pages: https://businessmediums.com/wp-json/wp/v2/media?page=15&per_page=100
2026-06-04 17:48:16,481 - INFO - Fetched page 1 from https://techwebtrends.com/wp-json/wp/v2/resources?page=1&per_page=100
2026-06-04 17:48:16,904 - INFO - Fetched page 13 from https://businessmediums.com/wp-json/wp/v2/media?page=13&per_page=100
2026-06-04 17:48:16,985 - INFO - No more pages: https://techwebtrends.com/wp-json/wp/v2/resources?page=2&per_page=100
2026-06-04 17:48:17,108 - INFO - Fetched page 11 from https://cxomatters.com/wp-json/wp/v2/media?page=11&per_page=100
2026-06-04 17:48:17,350 - INFO - Fetched page 11 from https://cxomatters.com/wp-json/wp/v2/media?page=11&per_page=100
2026-06-04 17:48:17,584 - INFO - Fetched page 14 from https://businessmediums.com/wp-json/wp/v2/media?page=14&per_page=100
2026-06-04 17:48:17,734 - INFO - Fetched page 1 from https://businessmediums.com/wp-json/wp/v2/resources?page=1&per_page=100
2026-06-04 17:48:17,831 - INFO - Fetched page 12 from https://cxomatters.com/wp-json/wp/v2/media?page=12&per_page=100
2026-06-04 17:48:17,838 - INFO - Fetched page 1 from https://techwebtrends.com/wp-json/wp/v2/resources?page=1&per_page=100
2026-06-04 17:48:18,068 - INFO - Fetched page 12 from https://cxomatters.com/wp-json/wp/v2/media?page=12&per_page=100
2026-06-04 17:48:18,204 - INFO - No more pages: https://businessmediums.com/wp-json/wp/v2/media?page=15&per_page=100
2026-06-04 17:48:18,344 - INFO - No more pages: https://businessmediums.com/wp-json/wp/v2/resources?page=2&per_page=100
2026-06-04 17:48:18,387 - INFO - No more pages: https://techwebtrends.com/wp-json/wp/v2/resources?page=2&per_page=100
2026-06-04 17:48:18,485 - INFO - No more pages: https://cxomatters.com/wp-json/wp/v2/media?page=13&per_page=100
2026-06-04 17:48:18,652 - INFO - No more pages: https://cxomatters.com/wp-json/wp/v2/media?page=13&per_page=100
2026-06-04 17:48:19,589 - INFO - Fetched page 1 from https://businessmediums.com/wp-json/wp/v2/resources?page=1&per_page=100
2026-06-04 17:48:20,022 - INFO - Fetched page 1 from https://cxomatters.com/wp-json/wp/v2/resources?page=1&per_page=100
2026-06-04 17:48:20,194 - INFO - No more pages: https://businessmediums.com/wp-json/wp/v2/resources?page=2&per_page=100
2026-06-04 17:48:20,247 - INFO - Fetched page 1 from https://cxomatters.com/wp-json/wp/v2/resources?page=1&per_page=100
2026-06-04 17:48:20,706 - INFO - No more pages: https://cxomatters.com/wp-json/wp/v2/resources?page=2&per_page=100
2026-06-04 17:48:20,956 - INFO - No more pages: https://cxomatters.com/wp-json/wp/v2/resources?page=2&per_page=100
2026-06-04 17:51:23,469 - INFO - Fetched page 1 from https://cxomatters.com/wp-json/wp/v2/posts?page=1&per_page=100
2026-06-04 17:51:23,493 - INFO - Fetched page 1 from https://cxomatters.com/wp-json/wp/v2/posts?page=1&per_page=100
2026-06-04 17:51:23,528 - INFO - Fetched page 1 from https://techmasternode.com/wp-json/wp/v2/posts?page=1&per_page=100
2026-06-04 17:51:23,580 - INFO - Fetched page 1 from https://techmasternode.com/wp-json/wp/v2/posts?page=1&per_page=100
2026-06-04 17:51:23,693 - INFO - Fetched page 1 from https://thegrowthinsights.com/wp-json/wp/v2/posts?page=1&per_page=100
2026-06-04 17:51:23,696 - INFO - Fetched page 1 from https://thegrowthinsights.com/wp-json/wp/v2/posts?page=1&per_page=100
2026-06-04 17:51:23,719 - INFO - Fetched page 1 from https://businessmediums.com/wp-json/wp/v2/posts?page=1&per_page=100
2026-06-04 17:51:23,744 - INFO - Fetched page 1 from https://techwebtrends.com/wp-json/wp/v2/posts?page=1&per_page=100
2026-06-04 17:51:23,746 - INFO - Fetched page 1 from https://techwebtrends.com/wp-json/wp/v2/posts?page=1&per_page=100
2026-06-04 17:51:23,776 - INFO - Fetched page 1 from https://businessmediums.com/wp-json/wp/v2/posts?page=1&per_page=100
2026-06-04 17:51:23,847 - INFO - Fetched page 1 from https://worldbusinesshour.com/wp-json/wp/v2/posts?page=1&per_page=100
2026-06-04 17:51:23,896 - INFO - Fetched page 1 from https://worldbusinesshour.com/wp-json/wp/v2/posts?page=1&per_page=100
2026-06-04 17:51:24,505 - INFO - No more pages: https://businessmediums.com/wp-json/wp/v2/posts?page=2&per_page=100
2026-06-04 17:51:24,505 - INFO - No more pages: https://businessmediums.com/wp-json/wp/v2/posts?page=2&per_page=100
2026-06-04 17:51:24,858 - INFO - Fetched page 2 from https://cxomatters.com/wp-json/wp/v2/posts?page=2&per_page=100
2026-06-04 17:51:25,101 - INFO - Fetched page 2 from https://worldbusinesshour.com/wp-json/wp/v2/posts?page=2&per_page=100
2026-06-04 17:51:25,105 - INFO - Fetched page 2 from https://worldbusinesshour.com/wp-json/wp/v2/posts?page=2&per_page=100
2026-06-04 17:51:25,116 - INFO - Fetched page 2 from https://cxomatters.com/wp-json/wp/v2/posts?page=2&per_page=100
2026-06-04 17:51:25,302 - INFO - Fetched page 2 from https://techmasternode.com/wp-json/wp/v2/posts?page=2&per_page=100
2026-06-04 17:51:25,328 - INFO - Fetched page 2 from https://techmasternode.com/wp-json/wp/v2/posts?page=2&per_page=100
2026-06-04 17:51:25,473 - INFO - Fetched page 2 from https://techwebtrends.com/wp-json/wp/v2/posts?page=2&per_page=100
2026-06-04 17:51:25,486 - INFO - Fetched page 2 from https://techwebtrends.com/wp-json/wp/v2/posts?page=2&per_page=100
2026-06-04 17:51:25,532 - INFO - Fetched page 2 from https://thegrowthinsights.com/wp-json/wp/v2/posts?page=2&per_page=100
2026-06-04 17:51:25,577 - INFO - Fetched page 2 from https://thegrowthinsights.com/wp-json/wp/v2/posts?page=2&per_page=100
2026-06-04 17:51:25,585 - INFO - Fetched page 3 from https://cxomatters.com/wp-json/wp/v2/posts?page=3&per_page=100
2026-06-04 17:51:25,734 - INFO - No more pages: https://worldbusinesshour.com/wp-json/wp/v2/posts?page=3&per_page=100
2026-06-04 17:51:25,747 - INFO - No more pages: https://worldbusinesshour.com/wp-json/wp/v2/posts?page=3&per_page=100
2026-06-04 17:51:25,784 - INFO - Fetched page 1 from https://businessmediums.com/wp-json/wp/v2/pages?page=1&per_page=100
2026-06-04 17:51:25,845 - INFO - Fetched page 1 from https://businessmediums.com/wp-json/wp/v2/pages?page=1&per_page=100
2026-06-04 17:51:25,848 - INFO - Fetched page 3 from https://cxomatters.com/wp-json/wp/v2/posts?page=3&per_page=100
2026-06-04 17:51:26,002 - INFO - Fetched page 3 from https://techmasternode.com/wp-json/wp/v2/posts?page=3&per_page=100
2026-06-04 17:51:26,015 - INFO - Fetched page 3 from https://techmasternode.com/wp-json/wp/v2/posts?page=3&per_page=100
2026-06-04 17:51:26,165 - INFO - No more pages: https://thegrowthinsights.com/wp-json/wp/v2/posts?page=3&per_page=100
2026-06-04 17:51:26,180 - INFO - No more pages: https://cxomatters.com/wp-json/wp/v2/posts?page=4&per_page=100
2026-06-04 17:51:26,196 - INFO - No more pages: https://thegrowthinsights.com/wp-json/wp/v2/posts?page=3&per_page=100
2026-06-04 17:51:26,465 - INFO - No more pages: https://cxomatters.com/wp-json/wp/v2/posts?page=4&per_page=100
2026-06-04 17:51:26,547 - INFO - No more pages: https://techmasternode.com/wp-json/wp/v2/posts?page=4&per_page=100
2026-06-04 17:51:26,574 - INFO - No more pages: https://techmasternode.com/wp-json/wp/v2/posts?page=4&per_page=100
2026-06-04 17:51:27,091 - INFO - Fetched page 3 from https://techwebtrends.com/wp-json/wp/v2/posts?page=3&per_page=100
2026-06-04 17:51:27,092 - INFO - Fetched page 3 from https://techwebtrends.com/wp-json/wp/v2/posts?page=3&per_page=100
2026-06-04 17:51:27,152 - INFO - Fetched page 1 from https://cxomatters.com/wp-json/wp/v2/pages?page=1&per_page=100
2026-06-04 17:51:27,627 - INFO - Fetched page 4 from https://techwebtrends.com/wp-json/wp/v2/posts?page=4&per_page=100
2026-06-04 17:51:27,642 - INFO - Fetched page 4 from https://techwebtrends.com/wp-json/wp/v2/posts?page=4&per_page=100
2026-06-04 17:51:27,683 - INFO - Fetched page 1 from https://cxomatters.com/wp-json/wp/v2/pages?page=1&per_page=100
2026-06-04 17:51:27,697 - INFO - Fetched page 1 from https://thegrowthinsights.com/wp-json/wp/v2/pages?page=1&per_page=100
2026-06-04 17:51:28,115 - INFO - Fetched page 1 from https://techmasternode.com/wp-json/wp/v2/pages?page=1&per_page=100
2026-06-04 17:51:28,115 - INFO - Fetched page 1 from https://worldbusinesshour.com/wp-json/wp/v2/pages?page=1&per_page=100
2026-06-04 17:51:28,131 - INFO - Fetched page 1 from https://worldbusinesshour.com/wp-json/wp/v2/pages?page=1&per_page=100
2026-06-04 17:51:28,174 - INFO - Fetched page 1 from https://techmasternode.com/wp-json/wp/v2/pages?page=1&per_page=100
2026-06-04 17:51:28,177 - INFO - No more pages: https://techwebtrends.com/wp-json/wp/v2/posts?page=5&per_page=100
2026-06-04 17:51:28,210 - INFO - No more pages: https://techwebtrends.com/wp-json/wp/v2/posts?page=5&per_page=100
2026-06-04 17:51:28,251 - INFO - Fetched page 2 from https://businessmediums.com/wp-json/wp/v2/pages?page=2&per_page=100
2026-06-04 17:51:28,294 - INFO - Fetched page 2 from https://businessmediums.com/wp-json/wp/v2/pages?page=2&per_page=100
2026-06-04 17:51:28,352 - INFO - No more pages: https://thegrowthinsights.com/wp-json/wp/v2/pages?page=2&per_page=100
2026-06-04 17:51:28,464 - INFO - Fetched page 2 from https://cxomatters.com/wp-json/wp/v2/pages?page=2&per_page=100
2026-06-04 17:51:28,642 - INFO - No more pages: https://techmasternode.com/wp-json/wp/v2/pages?page=2&per_page=100
2026-06-04 17:51:28,748 - INFO - No more pages: https://worldbusinesshour.com/wp-json/wp/v2/pages?page=2&per_page=100
2026-06-04 17:51:28,750 - INFO - No more pages: https://worldbusinesshour.com/wp-json/wp/v2/pages?page=2&per_page=100
2026-06-04 17:51:28,756 - INFO - Fetched page 1 from https://thegrowthinsights.com/wp-json/wp/v2/pages?page=1&per_page=100
2026-06-04 17:51:28,797 - INFO - No more pages: https://techmasternode.com/wp-json/wp/v2/pages?page=2&per_page=100
2026-06-04 17:51:28,822 - INFO - Fetched page 2 from https://cxomatters.com/wp-json/wp/v2/pages?page=2&per_page=100
2026-06-04 17:51:28,912 - INFO - No more pages: https://businessmediums.com/wp-json/wp/v2/pages?page=3&per_page=100
2026-06-04 17:51:28,948 - INFO - No more pages: https://businessmediums.com/wp-json/wp/v2/pages?page=3&per_page=100
2026-06-04 17:51:29,338 - INFO - Fetched page 1 from https://techwebtrends.com/wp-json/wp/v2/pages?page=1&per_page=100
2026-06-04 17:51:29,340 - INFO - Fetched page 1 from https://techwebtrends.com/wp-json/wp/v2/pages?page=1&per_page=100
2026-06-04 17:51:29,505 - INFO - No more pages: https://thegrowthinsights.com/wp-json/wp/v2/pages?page=2&per_page=100
2026-06-04 17:51:29,786 - INFO - Fetched page 3 from https://cxomatters.com/wp-json/wp/v2/pages?page=3&per_page=100
2026-06-04 17:51:29,911 - INFO - Fetched page 1 from https://worldbusinesshour.com/wp-json/wp/v2/media?page=1&per_page=100
2026-06-04 17:51:29,918 - INFO - Fetched page 1 from https://worldbusinesshour.com/wp-json/wp/v2/media?page=1&per_page=100
2026-06-04 17:51:30,044 - INFO - Fetched page 1 from https://businessmediums.com/wp-json/wp/v2/media?page=1&per_page=100
2026-06-04 17:51:30,073 - INFO - Fetched page 1 from https://businessmediums.com/wp-json/wp/v2/media?page=1&per_page=100
2026-06-04 17:51:30,100 - INFO - Fetched page 1 from https://thegrowthinsights.com/wp-json/wp/v2/media?page=1&per_page=100
2026-06-04 17:51:30,151 - INFO - Fetched page 3 from https://cxomatters.com/wp-json/wp/v2/pages?page=3&per_page=100
2026-06-04 17:51:30,160 - INFO - Fetched page 1 from https://techmasternode.com/wp-json/wp/v2/media?page=1&per_page=100
2026-06-04 17:51:30,320 - INFO - Fetched page 1 from https://techmasternode.com/wp-json/wp/v2/media?page=1&per_page=100
2026-06-04 17:51:30,771 - INFO - No more pages: https://cxomatters.com/wp-json/wp/v2/pages?page=4&per_page=100
2026-06-04 17:51:30,773 - INFO - No more pages: https://cxomatters.com/wp-json/wp/v2/pages?page=4&per_page=100
2026-06-04 17:51:30,946 - INFO - Fetched page 2 from https://worldbusinesshour.com/wp-json/wp/v2/media?page=2&per_page=100
2026-06-04 17:51:30,963 - INFO - Fetched page 2 from https://worldbusinesshour.com/wp-json/wp/v2/media?page=2&per_page=100
2026-06-04 17:51:31,133 - INFO - Fetched page 2 from https://businessmediums.com/wp-json/wp/v2/media?page=2&per_page=100
2026-06-04 17:51:31,203 - INFO - Fetched page 2 from https://techmasternode.com/wp-json/wp/v2/media?page=2&per_page=100
2026-06-04 17:51:31,212 - INFO - Fetched page 1 from https://thegrowthinsights.com/wp-json/wp/v2/media?page=1&per_page=100
2026-06-04 17:51:31,274 - INFO - Fetched page 2 from https://businessmediums.com/wp-json/wp/v2/media?page=2&per_page=100
2026-06-04 17:51:31,395 - INFO - Fetched page 2 from https://techmasternode.com/wp-json/wp/v2/media?page=2&per_page=100
2026-06-04 17:51:31,797 - INFO - Fetched page 1 from https://cxomatters.com/wp-json/wp/v2/media?page=1&per_page=100
2026-06-04 17:51:31,803 - INFO - Fetched page 2 from https://techwebtrends.com/wp-json/wp/v2/pages?page=2&per_page=100
2026-06-04 17:51:31,806 - INFO - Fetched page 2 from https://thegrowthinsights.com/wp-json/wp/v2/media?page=2&per_page=100
2026-06-04 17:51:31,810 - INFO - Fetched page 1 from https://cxomatters.com/wp-json/wp/v2/media?page=1&per_page=100
2026-06-04 17:51:31,874 - INFO - Fetched page 3 from https://businessmediums.com/wp-json/wp/v2/media?page=3&per_page=100
2026-06-04 17:51:31,886 - INFO - Fetched page 2 from https://techwebtrends.com/wp-json/wp/v2/pages?page=2&per_page=100
2026-06-04 17:51:31,993 - INFO - Fetched page 3 from https://worldbusinesshour.com/wp-json/wp/v2/media?page=3&per_page=100
2026-06-04 17:51:32,021 - INFO - Fetched page 3 from https://worldbusinesshour.com/wp-json/wp/v2/media?page=3&per_page=100
2026-06-04 17:51:32,312 - INFO - Fetched page 3 from https://techmasternode.com/wp-json/wp/v2/media?page=3&per_page=100
2026-06-04 17:51:32,333 - INFO - No more pages: https://techwebtrends.com/wp-json/wp/v2/pages?page=3&per_page=100
2026-06-04 17:51:32,337 - INFO - Fetched page 3 from https://businessmediums.com/wp-json/wp/v2/media?page=3&per_page=100
2026-06-04 17:51:32,437 - INFO - No more pages: https://techwebtrends.com/wp-json/wp/v2/pages?page=3&per_page=100
2026-06-04 17:51:32,539 - INFO - Fetched page 3 from https://techmasternode.com/wp-json/wp/v2/media?page=3&per_page=100
2026-06-04 17:51:32,765 - INFO - Fetched page 4 from https://worldbusinesshour.com/wp-json/wp/v2/media?page=4&per_page=100
2026-06-04 17:51:32,835 - INFO - Fetched page 4 from https://worldbusinesshour.com/wp-json/wp/v2/media?page=4&per_page=100
2026-06-04 17:51:32,871 - INFO - Fetched page 2 from https://cxomatters.com/wp-json/wp/v2/media?page=2&per_page=100
2026-06-04 17:51:32,894 - INFO - Fetched page 2 from https://cxomatters.com/wp-json/wp/v2/media?page=2&per_page=100
2026-06-04 17:51:32,896 - INFO - Fetched page 4 from https://businessmediums.com/wp-json/wp/v2/media?page=4&per_page=100
2026-06-04 17:51:32,944 - INFO - Fetched page 2 from https://thegrowthinsights.com/wp-json/wp/v2/media?page=2&per_page=100
2026-06-04 17:51:33,322 - INFO - Fetched page 1 from https://techwebtrends.com/wp-json/wp/v2/media?page=1&per_page=100
2026-06-04 17:51:33,340 - INFO - Fetched page 4 from https://businessmediums.com/wp-json/wp/v2/media?page=4&per_page=100
2026-06-04 17:51:33,361 - INFO - Fetched page 4 from https://techmasternode.com/wp-json/wp/v2/media?page=4&per_page=100
2026-06-04 17:51:33,447 - INFO - Fetched page 1 from https://techwebtrends.com/wp-json/wp/v2/media?page=1&per_page=100
2026-06-04 17:51:33,503 - INFO - Fetched page 4 from https://techmasternode.com/wp-json/wp/v2/media?page=4&per_page=100
2026-06-04 17:51:33,529 - INFO - Fetched page 3 from https://thegrowthinsights.com/wp-json/wp/v2/media?page=3&per_page=100
2026-06-04 17:51:33,630 - INFO - Fetched page 5 from https://businessmediums.com/wp-json/wp/v2/media?page=5&per_page=100
2026-06-04 17:51:33,780 - INFO - Fetched page 5 from https://worldbusinesshour.com/wp-json/wp/v2/media?page=5&per_page=100
2026-06-04 17:51:33,907 - INFO - Fetched page 5 from https://worldbusinesshour.com/wp-json/wp/v2/media?page=5&per_page=100
2026-06-04 17:51:33,930 - INFO - Fetched page 3 from https://cxomatters.com/wp-json/wp/v2/media?page=3&per_page=100
2026-06-04 17:51:33,946 - INFO - Fetched page 3 from https://cxomatters.com/wp-json/wp/v2/media?page=3&per_page=100
2026-06-04 17:51:34,068 - INFO - Fetched page 5 from https://techmasternode.com/wp-json/wp/v2/media?page=5&per_page=100
2026-06-04 17:51:34,235 - INFO - Fetched page 5 from https://techmasternode.com/wp-json/wp/v2/media?page=5&per_page=100
2026-06-04 17:51:34,288 - INFO - Fetched page 2 from https://techwebtrends.com/wp-json/wp/v2/media?page=2&per_page=100
2026-06-04 17:51:34,374 - INFO - Fetched page 5 from https://businessmediums.com/wp-json/wp/v2/media?page=5&per_page=100
2026-06-04 17:51:34,456 - INFO - Fetched page 6 from https://businessmediums.com/wp-json/wp/v2/media?page=6&per_page=100
2026-06-04 17:51:34,465 - INFO - Fetched page 2 from https://techwebtrends.com/wp-json/wp/v2/media?page=2&per_page=100
2026-06-04 17:51:34,651 - INFO - Fetched page 3 from https://thegrowthinsights.com/wp-json/wp/v2/media?page=3&per_page=100
2026-06-04 17:51:34,864 - INFO - Fetched page 6 from https://worldbusinesshour.com/wp-json/wp/v2/media?page=6&per_page=100
2026-06-04 17:51:34,921 - INFO - Fetched page 6 from https://worldbusinesshour.com/wp-json/wp/v2/media?page=6&per_page=100
2026-06-04 17:51:34,972 - INFO - Fetched page 4 from https://cxomatters.com/wp-json/wp/v2/media?page=4&per_page=100
2026-06-04 17:51:34,979 - INFO - Fetched page 4 from https://cxomatters.com/wp-json/wp/v2/media?page=4&per_page=100
2026-06-04 17:51:34,994 - INFO - Fetched page 4 from https://thegrowthinsights.com/wp-json/wp/v2/media?page=4&per_page=100
2026-06-04 17:51:35,057 - INFO - Fetched page 6 from https://techmasternode.com/wp-json/wp/v2/media?page=6&per_page=100
2026-06-04 17:51:35,279 - INFO - Fetched page 6 from https://techmasternode.com/wp-json/wp/v2/media?page=6&per_page=100
2026-06-04 17:51:35,354 - INFO - Fetched page 3 from https://techwebtrends.com/wp-json/wp/v2/media?page=3&per_page=100
2026-06-04 17:51:35,462 - INFO - Fetched page 6 from https://businessmediums.com/wp-json/wp/v2/media?page=6&per_page=100
2026-06-04 17:51:35,467 - INFO - Fetched page 3 from https://techwebtrends.com/wp-json/wp/v2/media?page=3&per_page=100
2026-06-04 17:51:35,481 - INFO - Fetched page 7 from https://worldbusinesshour.com/wp-json/wp/v2/media?page=7&per_page=100
2026-06-04 17:51:35,530 - INFO - Fetched page 7 from https://businessmediums.com/wp-json/wp/v2/media?page=7&per_page=100
2026-06-04 17:51:35,562 - INFO - Fetched page 7 from https://worldbusinesshour.com/wp-json/wp/v2/media?page=7&per_page=100
2026-06-04 17:51:35,720 - INFO - Fetched page 7 from https://techmasternode.com/wp-json/wp/v2/media?page=7&per_page=100
2026-06-04 17:51:35,991 - INFO - Fetched page 5 from https://cxomatters.com/wp-json/wp/v2/media?page=5&per_page=100
2026-06-04 17:51:36,007 - INFO - Fetched page 4 from https://techwebtrends.com/wp-json/wp/v2/media?page=4&per_page=100
2026-06-04 17:51:36,015 - INFO - Fetched page 7 from https://techmasternode.com/wp-json/wp/v2/media?page=7&per_page=100
2026-06-04 17:51:36,052 - INFO - Fetched page 5 from https://cxomatters.com/wp-json/wp/v2/media?page=5&per_page=100
2026-06-04 17:51:36,088 - INFO - No more pages: https://worldbusinesshour.com/wp-json/wp/v2/media?page=8&per_page=100
2026-06-04 17:51:36,111 - INFO - Fetched page 4 from https://thegrowthinsights.com/wp-json/wp/v2/media?page=4&per_page=100
2026-06-04 17:51:36,144 - INFO - Fetched page 4 from https://techwebtrends.com/wp-json/wp/v2/media?page=4&per_page=100
2026-06-04 17:51:36,145 - INFO - No more pages: https://worldbusinesshour.com/wp-json/wp/v2/media?page=8&per_page=100
2026-06-04 17:51:36,239 - INFO - No more pages: https://techmasternode.com/wp-json/wp/v2/media?page=8&per_page=100
2026-06-04 17:51:36,249 - INFO - Fetched page 5 from https://thegrowthinsights.com/wp-json/wp/v2/media?page=5&per_page=100
2026-06-04 17:51:36,256 - INFO - Fetched page 8 from https://businessmediums.com/wp-json/wp/v2/media?page=8&per_page=100
2026-06-04 17:51:36,446 - INFO - Fetched page 7 from https://businessmediums.com/wp-json/wp/v2/media?page=7&per_page=100
2026-06-04 17:51:36,543 - INFO - No more pages: https://techmasternode.com/wp-json/wp/v2/media?page=8&per_page=100
2026-06-04 17:51:36,900 - INFO - Fetched page 5 from https://techwebtrends.com/wp-json/wp/v2/media?page=5&per_page=100
2026-06-04 17:51:36,983 - INFO - Fetched page 9 from https://businessmediums.com/wp-json/wp/v2/media?page=9&per_page=100
2026-06-04 17:51:37,021 - INFO - Fetched page 6 from https://cxomatters.com/wp-json/wp/v2/media?page=6&per_page=100
2026-06-04 17:51:37,056 - INFO - Fetched page 5 from https://techwebtrends.com/wp-json/wp/v2/media?page=5&per_page=100
2026-06-04 17:51:37,136 - INFO - Fetched page 6 from https://cxomatters.com/wp-json/wp/v2/media?page=6&per_page=100
2026-06-04 17:51:37,182 - INFO - Fetched page 8 from https://businessmediums.com/wp-json/wp/v2/media?page=8&per_page=100
2026-06-04 17:51:37,361 - INFO - Fetched page 5 from https://thegrowthinsights.com/wp-json/wp/v2/media?page=5&per_page=100
2026-06-04 17:51:37,389 - INFO - Fetched page 6 from https://thegrowthinsights.com/wp-json/wp/v2/media?page=6&per_page=100
2026-06-04 17:51:37,518 - INFO - Fetched page 6 from https://techwebtrends.com/wp-json/wp/v2/media?page=6&per_page=100
2026-06-04 17:51:37,638 - INFO - Fetched page 1 from https://worldbusinesshour.com/wp-json/wp/v2/resources?page=1&per_page=100
2026-06-04 17:51:37,644 - INFO - Fetched page 6 from https://techwebtrends.com/wp-json/wp/v2/media?page=6&per_page=100
2026-06-04 17:51:37,677 - INFO - Fetched page 1 from https://techmasternode.com/wp-json/wp/v2/resources?page=1&per_page=100
2026-06-04 17:51:37,757 - INFO - Fetched page 1 from https://worldbusinesshour.com/wp-json/wp/v2/resources?page=1&per_page=100
2026-06-04 17:51:37,829 - INFO - Fetched page 9 from https://businessmediums.com/wp-json/wp/v2/media?page=9&per_page=100
2026-06-04 17:51:37,926 - INFO - Fetched page 10 from https://businessmediums.com/wp-json/wp/v2/media?page=10&per_page=100
2026-06-04 17:51:38,079 - INFO - Fetched page 1 from https://techmasternode.com/wp-json/wp/v2/resources?page=1&per_page=100
2026-06-04 17:51:38,086 - INFO - Fetched page 7 from https://cxomatters.com/wp-json/wp/v2/media?page=7&per_page=100
2026-06-04 17:51:38,091 - INFO - Fetched page 7 from https://techwebtrends.com/wp-json/wp/v2/media?page=7&per_page=100
2026-06-04 17:51:38,170 - INFO - Fetched page 7 from https://thegrowthinsights.com/wp-json/wp/v2/media?page=7&per_page=100
2026-06-04 17:51:38,175 - INFO - Fetched page 7 from https://cxomatters.com/wp-json/wp/v2/media?page=7&per_page=100
2026-06-04 17:51:38,197 - INFO - No more pages: https://techmasternode.com/wp-json/wp/v2/resources?page=2&per_page=100
2026-06-04 17:51:38,289 - INFO - No more pages: https://worldbusinesshour.com/wp-json/wp/v2/resources?page=2&per_page=100
2026-06-04 17:51:38,333 - INFO - Fetched page 7 from https://techwebtrends.com/wp-json/wp/v2/media?page=7&per_page=100
2026-06-04 17:51:38,362 - INFO - No more pages: https://worldbusinesshour.com/wp-json/wp/v2/resources?page=2&per_page=100
2026-06-04 17:51:38,509 - INFO - Fetched page 6 from https://thegrowthinsights.com/wp-json/wp/v2/media?page=6&per_page=100
2026-06-04 17:51:38,659 - INFO - No more pages: https://techmasternode.com/wp-json/wp/v2/resources?page=2&per_page=100
2026-06-04 17:51:38,767 - INFO - Fetched page 10 from https://businessmediums.com/wp-json/wp/v2/media?page=10&per_page=100
2026-06-04 17:51:38,770 - INFO - No more pages: https://thegrowthinsights.com/wp-json/wp/v2/media?page=8&per_page=100
2026-06-04 17:51:38,918 - INFO - Fetched page 11 from https://businessmediums.com/wp-json/wp/v2/media?page=11&per_page=100
2026-06-04 17:51:38,926 - INFO - Fetched page 8 from https://cxomatters.com/wp-json/wp/v2/media?page=8&per_page=100
2026-06-04 17:51:38,977 - INFO - Fetched page 8 from https://cxomatters.com/wp-json/wp/v2/media?page=8&per_page=100
2026-06-04 17:51:39,045 - INFO - Fetched page 8 from https://techwebtrends.com/wp-json/wp/v2/media?page=8&per_page=100
2026-06-04 17:51:39,261 - INFO - Fetched page 8 from https://techwebtrends.com/wp-json/wp/v2/media?page=8&per_page=100
2026-06-04 17:51:39,576 - INFO - Fetched page 7 from https://thegrowthinsights.com/wp-json/wp/v2/media?page=7&per_page=100
2026-06-04 17:51:39,643 - INFO - Fetched page 9 from https://techwebtrends.com/wp-json/wp/v2/media?page=9&per_page=100
2026-06-04 17:51:39,676 - INFO - Fetched page 9 from https://cxomatters.com/wp-json/wp/v2/media?page=9&per_page=100
2026-06-04 17:51:39,795 - INFO - Fetched page 9 from https://cxomatters.com/wp-json/wp/v2/media?page=9&per_page=100
2026-06-04 17:51:39,823 - INFO - Fetched page 11 from https://businessmediums.com/wp-json/wp/v2/media?page=11&per_page=100
2026-06-04 17:51:39,896 - INFO - Fetched page 9 from https://techwebtrends.com/wp-json/wp/v2/media?page=9&per_page=100
2026-06-04 17:51:39,923 - INFO - Fetched page 12 from https://businessmediums.com/wp-json/wp/v2/media?page=12&per_page=100
2026-06-04 17:51:40,171 - INFO - No more pages: https://thegrowthinsights.com/wp-json/wp/v2/media?page=8&per_page=100
2026-06-04 17:51:40,191 - INFO - Fetched page 10 from https://techwebtrends.com/wp-json/wp/v2/media?page=10&per_page=100
2026-06-04 17:51:40,247 - INFO - Fetched page 1 from https://thegrowthinsights.com/wp-json/wp/v2/resources?page=1&per_page=100
2026-06-04 17:51:40,601 - INFO - Fetched page 10 from https://techwebtrends.com/wp-json/wp/v2/media?page=10&per_page=100
2026-06-04 17:51:40,740 - INFO - No more pages: https://techwebtrends.com/wp-json/wp/v2/media?page=11&per_page=100
2026-06-04 17:51:40,811 - INFO - Fetched page 10 from https://cxomatters.com/wp-json/wp/v2/media?page=10&per_page=100
2026-06-04 17:51:40,825 - INFO - Fetched page 12 from https://businessmediums.com/wp-json/wp/v2/media?page=12&per_page=100
2026-06-04 17:51:40,884 - INFO - No more pages: https://thegrowthinsights.com/wp-json/wp/v2/resources?page=2&per_page=100
2026-06-04 17:51:40,932 - INFO - Fetched page 10 from https://cxomatters.com/wp-json/wp/v2/media?page=10&per_page=100
2026-06-04 17:51:40,944 - INFO - Fetched page 13 from https://businessmediums.com/wp-json/wp/v2/media?page=13&per_page=100
2026-06-04 17:51:41,165 - INFO - No more pages: https://techwebtrends.com/wp-json/wp/v2/media?page=11&per_page=100
2026-06-04 17:51:41,574 - INFO - Fetched page 11 from https://cxomatters.com/wp-json/wp/v2/media?page=11&per_page=100
2026-06-04 17:51:41,685 - INFO - Fetched page 1 from https://thegrowthinsights.com/wp-json/wp/v2/resources?page=1&per_page=100
2026-06-04 17:51:41,796 - INFO - Fetched page 13 from https://businessmediums.com/wp-json/wp/v2/media?page=13&per_page=100
2026-06-04 17:51:41,864 - INFO - Fetched page 14 from https://businessmediums.com/wp-json/wp/v2/media?page=14&per_page=100
2026-06-04 17:51:42,288 - INFO - Fetched page 11 from https://cxomatters.com/wp-json/wp/v2/media?page=11&per_page=100
2026-06-04 17:51:42,307 - INFO - Fetched page 12 from https://cxomatters.com/wp-json/wp/v2/media?page=12&per_page=100
2026-06-04 17:51:42,309 - INFO - No more pages: https://thegrowthinsights.com/wp-json/wp/v2/resources?page=2&per_page=100
2026-06-04 17:51:42,393 - INFO - Fetched page 1 from https://techwebtrends.com/wp-json/wp/v2/resources?page=1&per_page=100
2026-06-04 17:51:42,487 - INFO - No more pages: https://businessmediums.com/wp-json/wp/v2/media?page=15&per_page=100
2026-06-04 17:51:42,694 - INFO - Fetched page 1 from https://techwebtrends.com/wp-json/wp/v2/resources?page=1&per_page=100
2026-06-04 17:51:42,731 - INFO - Fetched page 14 from https://businessmediums.com/wp-json/wp/v2/media?page=14&per_page=100
2026-06-04 17:51:43,056 - INFO - No more pages: https://cxomatters.com/wp-json/wp/v2/media?page=13&per_page=100
2026-06-04 17:51:43,058 - INFO - Fetched page 12 from https://cxomatters.com/wp-json/wp/v2/media?page=12&per_page=100
2026-06-04 17:51:43,061 - INFO - No more pages: https://techwebtrends.com/wp-json/wp/v2/resources?page=2&per_page=100
2026-06-04 17:51:43,361 - INFO - No more pages: https://techwebtrends.com/wp-json/wp/v2/resources?page=2&per_page=100
2026-06-04 17:51:43,369 - INFO - No more pages: https://businessmediums.com/wp-json/wp/v2/media?page=15&per_page=100
2026-06-04 17:51:43,646 - INFO - No more pages: https://cxomatters.com/wp-json/wp/v2/media?page=13&per_page=100
2026-06-04 17:51:43,992 - INFO - Fetched page 1 from https://businessmediums.com/wp-json/wp/v2/resources?page=1&per_page=100
2026-06-04 17:51:44,600 - INFO - Fetched page 1 from https://cxomatters.com/wp-json/wp/v2/resources?page=1&per_page=100
2026-06-04 17:51:44,609 - INFO - No more pages: https://businessmediums.com/wp-json/wp/v2/resources?page=2&per_page=100
2026-06-04 17:51:44,768 - INFO - Fetched page 1 from https://businessmediums.com/wp-json/wp/v2/resources?page=1&per_page=100
2026-06-04 17:51:45,138 - INFO - Fetched page 1 from https://cxomatters.com/wp-json/wp/v2/resources?page=1&per_page=100
2026-06-04 17:51:45,281 - INFO - No more pages: https://cxomatters.com/wp-json/wp/v2/resources?page=2&per_page=100
2026-06-04 17:51:45,374 - INFO - No more pages: https://businessmediums.com/wp-json/wp/v2/resources?page=2&per_page=100
2026-06-04 17:51:45,819 - INFO - No more pages: https://cxomatters.com/wp-json/wp/v2/resources?page=2&per_page=100
2026-06-04 17:54:48,406 - INFO - Fetched page 1 from https://techwebtrends.com/wp-json/wp/v2/posts?page=1&per_page=100
2026-06-04 17:54:48,508 - INFO - Fetched page 1 from https://cxomatters.com/wp-json/wp/v2/posts?page=1&per_page=100
2026-06-04 17:54:48,567 - INFO - Fetched page 1 from https://thegrowthinsights.com/wp-json/wp/v2/posts?page=1&per_page=100
2026-06-04 17:54:48,606 - INFO - Fetched page 1 from https://techmasternode.com/wp-json/wp/v2/posts?page=1&per_page=100
2026-06-04 17:54:48,647 - INFO - Fetched page 1 from https://businessmediums.com/wp-json/wp/v2/posts?page=1&per_page=100
2026-06-04 17:54:48,669 - INFO - Fetched page 1 from https://thegrowthinsights.com/wp-json/wp/v2/posts?page=1&per_page=100
2026-06-04 17:54:48,715 - INFO - Fetched page 1 from https://worldbusinesshour.com/wp-json/wp/v2/posts?page=1&per_page=100
2026-06-04 17:54:48,736 - INFO - Fetched page 1 from https://techwebtrends.com/wp-json/wp/v2/posts?page=1&per_page=100
2026-06-04 17:54:48,818 - INFO - Fetched page 1 from https://cxomatters.com/wp-json/wp/v2/posts?page=1&per_page=100
2026-06-04 17:54:48,875 - INFO - Fetched page 1 from https://businessmediums.com/wp-json/wp/v2/posts?page=1&per_page=100
2026-06-04 17:54:48,911 - INFO - Fetched page 1 from https://worldbusinesshour.com/wp-json/wp/v2/posts?page=1&per_page=100
2026-06-04 17:54:48,990 - INFO - Fetched page 1 from https://techmasternode.com/wp-json/wp/v2/posts?page=1&per_page=100
2026-06-04 17:54:49,367 - INFO - No more pages: https://businessmediums.com/wp-json/wp/v2/posts?page=2&per_page=100
2026-06-04 17:54:49,564 - INFO - No more pages: https://businessmediums.com/wp-json/wp/v2/posts?page=2&per_page=100
2026-06-04 17:54:49,866 - INFO - Fetched page 2 from https://worldbusinesshour.com/wp-json/wp/v2/posts?page=2&per_page=100
2026-06-04 17:54:50,082 - INFO - Fetched page 2 from https://worldbusinesshour.com/wp-json/wp/v2/posts?page=2&per_page=100
2026-06-04 17:54:50,305 - INFO - Fetched page 2 from https://cxomatters.com/wp-json/wp/v2/posts?page=2&per_page=100
2026-06-04 17:54:50,348 - INFO - Fetched page 2 from https://thegrowthinsights.com/wp-json/wp/v2/posts?page=2&per_page=100
2026-06-04 17:54:50,487 - INFO - Fetched page 2 from https://techwebtrends.com/wp-json/wp/v2/posts?page=2&per_page=100
2026-06-04 17:54:50,550 - INFO - Fetched page 2 from https://thegrowthinsights.com/wp-json/wp/v2/posts?page=2&per_page=100
2026-06-04 17:54:50,558 - INFO - Fetched page 2 from https://techmasternode.com/wp-json/wp/v2/posts?page=2&per_page=100
2026-06-04 17:54:50,572 - INFO - No more pages: https://worldbusinesshour.com/wp-json/wp/v2/posts?page=3&per_page=100
2026-06-04 17:54:50,609 - INFO - Fetched page 2 from https://cxomatters.com/wp-json/wp/v2/posts?page=2&per_page=100
2026-06-04 17:54:50,672 - INFO - Fetched page 1 from https://businessmediums.com/wp-json/wp/v2/pages?page=1&per_page=100
2026-06-04 17:54:50,769 - INFO - No more pages: https://worldbusinesshour.com/wp-json/wp/v2/posts?page=3&per_page=100
2026-06-04 17:54:50,812 - INFO - Fetched page 2 from https://techmasternode.com/wp-json/wp/v2/posts?page=2&per_page=100
2026-06-04 17:54:50,900 - INFO - Fetched page 1 from https://businessmediums.com/wp-json/wp/v2/pages?page=1&per_page=100
2026-06-04 17:54:51,029 - INFO - Fetched page 2 from https://techwebtrends.com/wp-json/wp/v2/posts?page=2&per_page=100
2026-06-04 17:54:51,032 - INFO - No more pages: https://thegrowthinsights.com/wp-json/wp/v2/posts?page=3&per_page=100
2026-06-04 17:54:51,047 - INFO - Fetched page 3 from https://cxomatters.com/wp-json/wp/v2/posts?page=3&per_page=100
2026-06-04 17:54:51,186 - INFO - No more pages: https://thegrowthinsights.com/wp-json/wp/v2/posts?page=3&per_page=100
2026-06-04 17:54:51,290 - INFO - Fetched page 3 from https://cxomatters.com/wp-json/wp/v2/posts?page=3&per_page=100
2026-06-04 17:54:51,423 - INFO - Fetched page 3 from https://techmasternode.com/wp-json/wp/v2/posts?page=3&per_page=100
2026-06-04 17:54:51,535 - INFO - Fetched page 3 from https://techmasternode.com/wp-json/wp/v2/posts?page=3&per_page=100
2026-06-04 17:54:51,635 - INFO - No more pages: https://cxomatters.com/wp-json/wp/v2/posts?page=4&per_page=100
2026-06-04 17:54:51,937 - INFO - No more pages: https://cxomatters.com/wp-json/wp/v2/posts?page=4&per_page=100
2026-06-04 17:54:51,964 - INFO - No more pages: https://techmasternode.com/wp-json/wp/v2/posts?page=4&per_page=100
2026-06-04 17:54:52,077 - INFO - No more pages: https://techmasternode.com/wp-json/wp/v2/posts?page=4&per_page=100
2026-06-04 17:54:52,112 - INFO - Fetched page 3 from https://techwebtrends.com/wp-json/wp/v2/posts?page=3&per_page=100
2026-06-04 17:54:52,513 - INFO - Fetched page 1 from https://thegrowthinsights.com/wp-json/wp/v2/pages?page=1&per_page=100
2026-06-04 17:54:52,547 - INFO - Fetched page 3 from https://techwebtrends.com/wp-json/wp/v2/posts?page=3&per_page=100
2026-06-04 17:54:52,593 - INFO - Fetched page 1 from https://thegrowthinsights.com/wp-json/wp/v2/pages?page=1&per_page=100
2026-06-04 17:54:52,641 - INFO - Fetched page 4 from https://techwebtrends.com/wp-json/wp/v2/posts?page=4&per_page=100
2026-06-04 17:54:52,882 - INFO - Fetched page 1 from https://cxomatters.com/wp-json/wp/v2/pages?page=1&per_page=100
2026-06-04 17:54:52,977 - INFO - Fetched page 1 from https://worldbusinesshour.com/wp-json/wp/v2/pages?page=1&per_page=100
2026-06-04 17:54:53,077 - INFO - Fetched page 2 from https://businessmediums.com/wp-json/wp/v2/pages?page=2&per_page=100
2026-06-04 17:54:53,102 - INFO - Fetched page 4 from https://techwebtrends.com/wp-json/wp/v2/posts?page=4&per_page=100
2026-06-04 17:54:53,141 - INFO - Fetched page 1 from https://cxomatters.com/wp-json/wp/v2/pages?page=1&per_page=100
2026-06-04 17:54:53,144 - INFO - No more pages: https://thegrowthinsights.com/wp-json/wp/v2/pages?page=2&per_page=100
2026-06-04 17:54:53,157 - INFO - Fetched page 1 from https://worldbusinesshour.com/wp-json/wp/v2/pages?page=1&per_page=100
2026-06-04 17:54:53,253 - INFO - No more pages: https://thegrowthinsights.com/wp-json/wp/v2/pages?page=2&per_page=100
2026-06-04 17:54:53,307 - INFO - No more pages: https://techwebtrends.com/wp-json/wp/v2/posts?page=5&per_page=100
2026-06-04 17:54:53,436 - INFO - Fetched page 2 from https://businessmediums.com/wp-json/wp/v2/pages?page=2&per_page=100
2026-06-04 17:54:53,530 - INFO - Fetched page 1 from https://techmasternode.com/wp-json/wp/v2/pages?page=1&per_page=100
2026-06-04 17:54:53,602 - INFO - No more pages: https://worldbusinesshour.com/wp-json/wp/v2/pages?page=2&per_page=100
2026-06-04 17:54:53,627 - INFO - No more pages: https://techwebtrends.com/wp-json/wp/v2/posts?page=5&per_page=100
2026-06-04 17:54:53,639 - INFO - Fetched page 1 from https://techmasternode.com/wp-json/wp/v2/pages?page=1&per_page=100
2026-06-04 17:54:53,771 - INFO - No more pages: https://worldbusinesshour.com/wp-json/wp/v2/pages?page=2&per_page=100
2026-06-04 17:54:53,777 - INFO - No more pages: https://businessmediums.com/wp-json/wp/v2/pages?page=3&per_page=100
2026-06-04 17:54:54,073 - INFO - No more pages: https://businessmediums.com/wp-json/wp/v2/pages?page=3&per_page=100
2026-06-04 17:54:54,083 - INFO - No more pages: https://techmasternode.com/wp-json/wp/v2/pages?page=2&per_page=100
2026-06-04 17:54:54,545 - INFO - No more pages: https://techmasternode.com/wp-json/wp/v2/pages?page=2&per_page=100
2026-06-04 17:54:54,566 - INFO - Fetched page 2 from https://cxomatters.com/wp-json/wp/v2/pages?page=2&per_page=100
2026-06-04 17:54:54,580 - INFO - Fetched page 2 from https://cxomatters.com/wp-json/wp/v2/pages?page=2&per_page=100
2026-06-04 17:54:54,607 - INFO - Fetched page 1 from https://techwebtrends.com/wp-json/wp/v2/pages?page=1&per_page=100
2026-06-04 17:54:54,700 - INFO - Fetched page 1 from https://worldbusinesshour.com/wp-json/wp/v2/media?page=1&per_page=100
2026-06-04 17:54:54,753 - INFO - Fetched page 1 from https://techwebtrends.com/wp-json/wp/v2/pages?page=1&per_page=100
2026-06-04 17:54:54,798 - INFO - Fetched page 1 from https://worldbusinesshour.com/wp-json/wp/v2/media?page=1&per_page=100
2026-06-04 17:54:54,830 - INFO - Fetched page 1 from https://thegrowthinsights.com/wp-json/wp/v2/media?page=1&per_page=100
2026-06-04 17:54:54,844 - INFO - Fetched page 1 from https://businessmediums.com/wp-json/wp/v2/media?page=1&per_page=100
2026-06-04 17:54:54,980 - INFO - Fetched page 1 from https://thegrowthinsights.com/wp-json/wp/v2/media?page=1&per_page=100
2026-06-04 17:54:55,623 - INFO - Fetched page 1 from https://businessmediums.com/wp-json/wp/v2/media?page=1&per_page=100
2026-06-04 17:54:55,782 - INFO - Fetched page 2 from https://worldbusinesshour.com/wp-json/wp/v2/media?page=2&per_page=100
2026-06-04 17:54:55,822 - INFO - Fetched page 3 from https://cxomatters.com/wp-json/wp/v2/pages?page=3&per_page=100
2026-06-04 17:54:55,833 - INFO - Fetched page 3 from https://cxomatters.com/wp-json/wp/v2/pages?page=3&per_page=100
2026-06-04 17:54:55,850 - INFO - Fetched page 2 from https://worldbusinesshour.com/wp-json/wp/v2/media?page=2&per_page=100
2026-06-04 17:54:55,864 - INFO - Fetched page 2 from https://businessmediums.com/wp-json/wp/v2/media?page=2&per_page=100
2026-06-04 17:54:55,941 - INFO - Fetched page 1 from https://techmasternode.com/wp-json/wp/v2/media?page=1&per_page=100
2026-06-04 17:54:55,942 - INFO - Fetched page 1 from https://techmasternode.com/wp-json/wp/v2/media?page=1&per_page=100
2026-06-04 17:54:56,421 - INFO - No more pages: https://cxomatters.com/wp-json/wp/v2/pages?page=4&per_page=100
2026-06-04 17:54:56,435 - INFO - No more pages: https://cxomatters.com/wp-json/wp/v2/pages?page=4&per_page=100
2026-06-04 17:54:56,539 - INFO - Fetched page 2 from https://thegrowthinsights.com/wp-json/wp/v2/media?page=2&per_page=100
2026-06-04 17:54:56,651 - INFO - Fetched page 3 from https://businessmediums.com/wp-json/wp/v2/media?page=3&per_page=100
2026-06-04 17:54:56,670 - INFO - Fetched page 2 from https://thegrowthinsights.com/wp-json/wp/v2/media?page=2&per_page=100
2026-06-04 17:54:56,680 - INFO - Fetched page 2 from https://businessmediums.com/wp-json/wp/v2/media?page=2&per_page=100
2026-06-04 17:54:57,220 - INFO - Fetched page 3 from https://worldbusinesshour.com/wp-json/wp/v2/media?page=3&per_page=100
2026-06-04 17:54:57,223 - INFO - Fetched page 3 from https://worldbusinesshour.com/wp-json/wp/v2/media?page=3&per_page=100
2026-06-04 17:54:57,255 - INFO - Fetched page 2 from https://techmasternode.com/wp-json/wp/v2/media?page=2&per_page=100
2026-06-04 17:54:57,259 - INFO - Fetched page 2 from https://techmasternode.com/wp-json/wp/v2/media?page=2&per_page=100
2026-06-04 17:54:57,285 - INFO - Fetched page 2 from https://techwebtrends.com/wp-json/wp/v2/pages?page=2&per_page=100
2026-06-04 17:54:57,319 - INFO - Fetched page 2 from https://techwebtrends.com/wp-json/wp/v2/pages?page=2&per_page=100
2026-06-04 17:54:57,906 - INFO - Fetched page 1 from https://cxomatters.com/wp-json/wp/v2/media?page=1&per_page=100
2026-06-04 17:54:57,907 - INFO - No more pages: https://techwebtrends.com/wp-json/wp/v2/pages?page=3&per_page=100
2026-06-04 17:54:57,911 - INFO - No more pages: https://techwebtrends.com/wp-json/wp/v2/pages?page=3&per_page=100
2026-06-04 17:54:57,927 - INFO - Fetched page 1 from https://cxomatters.com/wp-json/wp/v2/media?page=1&per_page=100
2026-06-04 17:54:58,108 - INFO - Fetched page 4 from https://businessmediums.com/wp-json/wp/v2/media?page=4&per_page=100
2026-06-04 17:54:58,234 - INFO - Fetched page 3 from https://thegrowthinsights.com/wp-json/wp/v2/media?page=3&per_page=100
2026-06-04 17:54:58,246 - INFO - Fetched page 3 from https://businessmediums.com/wp-json/wp/v2/media?page=3&per_page=100
2026-06-04 17:54:58,272 - INFO - Fetched page 4 from https://worldbusinesshour.com/wp-json/wp/v2/media?page=4&per_page=100
2026-06-04 17:54:58,299 - INFO - Fetched page 4 from https://worldbusinesshour.com/wp-json/wp/v2/media?page=4&per_page=100
2026-06-04 17:54:58,319 - INFO - Fetched page 3 from https://techmasternode.com/wp-json/wp/v2/media?page=3&per_page=100
2026-06-04 17:54:58,376 - INFO - Fetched page 3 from https://techmasternode.com/wp-json/wp/v2/media?page=3&per_page=100
2026-06-04 17:54:58,965 - INFO - Fetched page 1 from https://techwebtrends.com/wp-json/wp/v2/media?page=1&per_page=100
2026-06-04 17:54:58,997 - INFO - Fetched page 3 from https://thegrowthinsights.com/wp-json/wp/v2/media?page=3&per_page=100
2026-06-04 17:54:59,012 - INFO - Fetched page 1 from https://techwebtrends.com/wp-json/wp/v2/media?page=1&per_page=100
2026-06-04 17:54:59,070 - INFO - Fetched page 2 from https://cxomatters.com/wp-json/wp/v2/media?page=2&per_page=100
2026-06-04 17:54:59,071 - INFO - Fetched page 5 from https://businessmediums.com/wp-json/wp/v2/media?page=5&per_page=100
2026-06-04 17:54:59,111 - INFO - Fetched page 2 from https://cxomatters.com/wp-json/wp/v2/media?page=2&per_page=100
2026-06-04 17:54:59,342 - INFO - Fetched page 4 from https://techmasternode.com/wp-json/wp/v2/media?page=4&per_page=100
2026-06-04 17:54:59,444 - INFO - Fetched page 4 from https://techmasternode.com/wp-json/wp/v2/media?page=4&per_page=100
2026-06-04 17:54:59,459 - INFO - Fetched page 5 from https://worldbusinesshour.com/wp-json/wp/v2/media?page=5&per_page=100
2026-06-04 17:54:59,468 - INFO - Fetched page 4 from https://businessmediums.com/wp-json/wp/v2/media?page=4&per_page=100
2026-06-04 17:54:59,501 - INFO - Fetched page 5 from https://worldbusinesshour.com/wp-json/wp/v2/media?page=5&per_page=100
2026-06-04 17:54:59,782 - INFO - Fetched page 4 from https://thegrowthinsights.com/wp-json/wp/v2/media?page=4&per_page=100
2026-06-04 17:54:59,951 - INFO - Fetched page 2 from https://techwebtrends.com/wp-json/wp/v2/media?page=2&per_page=100
2026-06-04 17:54:59,985 - INFO - Fetched page 2 from https://techwebtrends.com/wp-json/wp/v2/media?page=2&per_page=100
2026-06-04 17:55:00,087 - INFO - Fetched page 6 from https://businessmediums.com/wp-json/wp/v2/media?page=6&per_page=100
2026-06-04 17:55:00,218 - INFO - Fetched page 3 from https://cxomatters.com/wp-json/wp/v2/media?page=3&per_page=100
2026-06-04 17:55:00,222 - INFO - Fetched page 3 from https://cxomatters.com/wp-json/wp/v2/media?page=3&per_page=100
2026-06-04 17:55:00,318 - INFO - Fetched page 5 from https://techmasternode.com/wp-json/wp/v2/media?page=5&per_page=100
2026-06-04 17:55:00,422 - INFO - Fetched page 4 from https://thegrowthinsights.com/wp-json/wp/v2/media?page=4&per_page=100
2026-06-04 17:55:00,427 - INFO - Fetched page 5 from https://techmasternode.com/wp-json/wp/v2/media?page=5&per_page=100
2026-06-04 17:55:00,504 - INFO - Fetched page 5 from https://businessmediums.com/wp-json/wp/v2/media?page=5&per_page=100
2026-06-04 17:55:00,517 - INFO - Fetched page 6 from https://worldbusinesshour.com/wp-json/wp/v2/media?page=6&per_page=100
2026-06-04 17:55:00,771 - INFO - Fetched page 6 from https://worldbusinesshour.com/wp-json/wp/v2/media?page=6&per_page=100
2026-06-04 17:55:00,956 - INFO - Fetched page 3 from https://techwebtrends.com/wp-json/wp/v2/media?page=3&per_page=100
2026-06-04 17:55:00,967 - INFO - Fetched page 3 from https://techwebtrends.com/wp-json/wp/v2/media?page=3&per_page=100
2026-06-04 17:55:01,158 - INFO - Fetched page 7 from https://businessmediums.com/wp-json/wp/v2/media?page=7&per_page=100
2026-06-04 17:55:01,223 - INFO - Fetched page 7 from https://worldbusinesshour.com/wp-json/wp/v2/media?page=7&per_page=100
2026-06-04 17:55:01,336 - INFO - Fetched page 4 from https://cxomatters.com/wp-json/wp/v2/media?page=4&per_page=100
2026-06-04 17:55:01,355 - INFO - Fetched page 5 from https://thegrowthinsights.com/wp-json/wp/v2/media?page=5&per_page=100
2026-06-04 17:55:01,384 - INFO - Fetched page 4 from https://cxomatters.com/wp-json/wp/v2/media?page=4&per_page=100
2026-06-04 17:55:01,397 - INFO - Fetched page 6 from https://techmasternode.com/wp-json/wp/v2/media?page=6&per_page=100
2026-06-04 17:55:01,486 - INFO - Fetched page 7 from https://worldbusinesshour.com/wp-json/wp/v2/media?page=7&per_page=100
2026-06-04 17:55:01,533 - INFO - Fetched page 6 from https://techmasternode.com/wp-json/wp/v2/media?page=6&per_page=100
2026-06-04 17:55:01,599 - INFO - Fetched page 6 from https://businessmediums.com/wp-json/wp/v2/media?page=6&per_page=100
2026-06-04 17:55:01,748 - INFO - Fetched page 4 from https://techwebtrends.com/wp-json/wp/v2/media?page=4&per_page=100
2026-06-04 17:55:01,970 - INFO - Fetched page 4 from https://techwebtrends.com/wp-json/wp/v2/media?page=4&per_page=100
2026-06-04 17:55:01,989 - INFO - No more pages: https://worldbusinesshour.com/wp-json/wp/v2/media?page=8&per_page=100
2026-06-04 17:55:02,127 - INFO - No more pages: https://worldbusinesshour.com/wp-json/wp/v2/media?page=8&per_page=100
2026-06-04 17:55:02,129 - INFO - Fetched page 7 from https://techmasternode.com/wp-json/wp/v2/media?page=7&per_page=100
2026-06-04 17:55:02,262 - INFO - Fetched page 7 from https://techmasternode.com/wp-json/wp/v2/media?page=7&per_page=100
2026-06-04 17:55:02,355 - INFO - Fetched page 8 from https://businessmediums.com/wp-json/wp/v2/media?page=8&per_page=100
2026-06-04 17:55:02,435 - INFO - Fetched page 5 from https://thegrowthinsights.com/wp-json/wp/v2/media?page=5&per_page=100
2026-06-04 17:55:02,620 - INFO - Fetched page 5 from https://cxomatters.com/wp-json/wp/v2/media?page=5&per_page=100
2026-06-04 17:55:02,622 - INFO - Fetched page 5 from https://cxomatters.com/wp-json/wp/v2/media?page=5&per_page=100
2026-06-04 17:55:02,638 - INFO - Fetched page 6 from https://thegrowthinsights.com/wp-json/wp/v2/media?page=6&per_page=100
2026-06-04 17:55:02,657 - INFO - No more pages: https://techmasternode.com/wp-json/wp/v2/media?page=8&per_page=100
2026-06-04 17:55:02,762 - INFO - Fetched page 7 from https://businessmediums.com/wp-json/wp/v2/media?page=7&per_page=100
2026-06-04 17:55:02,809 - INFO - Fetched page 5 from https://techwebtrends.com/wp-json/wp/v2/media?page=5&per_page=100
2026-06-04 17:55:02,843 - INFO - No more pages: https://techmasternode.com/wp-json/wp/v2/media?page=8&per_page=100
2026-06-04 17:55:02,885 - INFO - Fetched page 5 from https://techwebtrends.com/wp-json/wp/v2/media?page=5&per_page=100
2026-06-04 17:55:03,054 - INFO - Fetched page 9 from https://businessmediums.com/wp-json/wp/v2/media?page=9&per_page=100
2026-06-04 17:55:03,503 - INFO - Fetched page 6 from https://techwebtrends.com/wp-json/wp/v2/media?page=6&per_page=100
2026-06-04 17:55:03,535 - INFO - Fetched page 6 from https://techwebtrends.com/wp-json/wp/v2/media?page=6&per_page=100
2026-06-04 17:55:03,582 - INFO - Fetched page 1 from https://worldbusinesshour.com/wp-json/wp/v2/resources?page=1&per_page=100
2026-06-04 17:55:03,640 - INFO - Fetched page 1 from https://worldbusinesshour.com/wp-json/wp/v2/resources?page=1&per_page=100
2026-06-04 17:55:03,655 - INFO - Fetched page 6 from https://thegrowthinsights.com/wp-json/wp/v2/media?page=6&per_page=100
2026-06-04 17:55:03,697 - INFO - Fetched page 6 from https://cxomatters.com/wp-json/wp/v2/media?page=6&per_page=100
2026-06-04 17:55:03,706 - INFO - Fetched page 6 from https://cxomatters.com/wp-json/wp/v2/media?page=6&per_page=100
2026-06-04 17:55:03,724 - INFO - Fetched page 7 from https://thegrowthinsights.com/wp-json/wp/v2/media?page=7&per_page=100
2026-06-04 17:55:03,802 - INFO - Fetched page 8 from https://businessmediums.com/wp-json/wp/v2/media?page=8&per_page=100
2026-06-04 17:55:04,072 - INFO - Fetched page 10 from https://businessmediums.com/wp-json/wp/v2/media?page=10&per_page=100
2026-06-04 17:55:04,114 - INFO - Fetched page 1 from https://techmasternode.com/wp-json/wp/v2/resources?page=1&per_page=100
2026-06-04 17:55:04,149 - INFO - Fetched page 7 from https://techwebtrends.com/wp-json/wp/v2/media?page=7&per_page=100
2026-06-04 17:55:04,158 - INFO - Fetched page 7 from https://techwebtrends.com/wp-json/wp/v2/media?page=7&per_page=100
2026-06-04 17:55:04,224 - INFO - No more pages: https://worldbusinesshour.com/wp-json/wp/v2/resources?page=2&per_page=100
2026-06-04 17:55:04,305 - INFO - Fetched page 1 from https://techmasternode.com/wp-json/wp/v2/resources?page=1&per_page=100
2026-06-04 17:55:04,315 - INFO - No more pages: https://worldbusinesshour.com/wp-json/wp/v2/resources?page=2&per_page=100
2026-06-04 17:55:04,370 - INFO - No more pages: https://thegrowthinsights.com/wp-json/wp/v2/media?page=8&per_page=100
2026-06-04 17:55:04,577 - INFO - Fetched page 9 from https://businessmediums.com/wp-json/wp/v2/media?page=9&per_page=100
2026-06-04 17:55:04,704 - INFO - Fetched page 7 from https://thegrowthinsights.com/wp-json/wp/v2/media?page=7&per_page=100
2026-06-04 17:55:04,721 - INFO - No more pages: https://techmasternode.com/wp-json/wp/v2/resources?page=2&per_page=100
2026-06-04 17:55:04,852 - INFO - Fetched page 7 from https://cxomatters.com/wp-json/wp/v2/media?page=7&per_page=100
2026-06-04 17:55:04,858 - INFO - No more pages: https://techmasternode.com/wp-json/wp/v2/resources?page=2&per_page=100
2026-06-04 17:55:04,896 - INFO - Fetched page 7 from https://cxomatters.com/wp-json/wp/v2/media?page=7&per_page=100
2026-06-04 17:55:05,060 - INFO - Fetched page 11 from https://businessmediums.com/wp-json/wp/v2/media?page=11&per_page=100
2026-06-04 17:55:05,132 - INFO - Fetched page 8 from https://techwebtrends.com/wp-json/wp/v2/media?page=8&per_page=100
2026-06-04 17:55:05,164 - INFO - Fetched page 8 from https://techwebtrends.com/wp-json/wp/v2/media?page=8&per_page=100
2026-06-04 17:55:05,319 - INFO - No more pages: https://thegrowthinsights.com/wp-json/wp/v2/media?page=8&per_page=100
2026-06-04 17:55:05,712 - INFO - Fetched page 10 from https://businessmediums.com/wp-json/wp/v2/media?page=10&per_page=100
2026-06-04 17:55:05,756 - INFO - Fetched page 9 from https://techwebtrends.com/wp-json/wp/v2/media?page=9&per_page=100
2026-06-04 17:55:05,763 - INFO - Fetched page 9 from https://techwebtrends.com/wp-json/wp/v2/media?page=9&per_page=100
2026-06-04 17:55:05,867 - INFO - Fetched page 8 from https://cxomatters.com/wp-json/wp/v2/media?page=8&per_page=100
2026-06-04 17:55:05,903 - INFO - Fetched page 1 from https://thegrowthinsights.com/wp-json/wp/v2/resources?page=1&per_page=100
2026-06-04 17:55:05,972 - INFO - Fetched page 8 from https://cxomatters.com/wp-json/wp/v2/media?page=8&per_page=100
2026-06-04 17:55:06,043 - INFO - Fetched page 12 from https://businessmediums.com/wp-json/wp/v2/media?page=12&per_page=100
2026-06-04 17:55:06,429 - INFO - Fetched page 10 from https://techwebtrends.com/wp-json/wp/v2/media?page=10&per_page=100
2026-06-04 17:55:06,432 - INFO - Fetched page 10 from https://techwebtrends.com/wp-json/wp/v2/media?page=10&per_page=100
2026-06-04 17:55:06,515 - INFO - No more pages: https://thegrowthinsights.com/wp-json/wp/v2/resources?page=2&per_page=100
2026-06-04 17:55:06,742 - INFO - Fetched page 11 from https://businessmediums.com/wp-json/wp/v2/media?page=11&per_page=100
2026-06-04 17:55:06,795 - INFO - Fetched page 1 from https://thegrowthinsights.com/wp-json/wp/v2/resources?page=1&per_page=100
2026-06-04 17:55:06,865 - INFO - Fetched page 9 from https://cxomatters.com/wp-json/wp/v2/media?page=9&per_page=100
2026-06-04 17:55:06,973 - INFO - No more pages: https://techwebtrends.com/wp-json/wp/v2/media?page=11&per_page=100
2026-06-04 17:55:06,989 - INFO - No more pages: https://techwebtrends.com/wp-json/wp/v2/media?page=11&per_page=100
2026-06-04 17:55:07,002 - INFO - Fetched page 9 from https://cxomatters.com/wp-json/wp/v2/media?page=9&per_page=100
2026-06-04 17:55:07,059 - INFO - Fetched page 13 from https://businessmediums.com/wp-json/wp/v2/media?page=13&per_page=100
2026-06-04 17:55:07,449 - INFO - No more pages: https://thegrowthinsights.com/wp-json/wp/v2/resources?page=2&per_page=100
2026-06-04 17:55:07,781 - INFO - Fetched page 12 from https://businessmediums.com/wp-json/wp/v2/media?page=12&per_page=100
2026-06-04 17:55:07,951 - INFO - Fetched page 10 from https://cxomatters.com/wp-json/wp/v2/media?page=10&per_page=100
2026-06-04 17:55:08,027 - INFO - Fetched page 14 from https://businessmediums.com/wp-json/wp/v2/media?page=14&per_page=100
2026-06-04 17:55:08,096 - INFO - Fetched page 10 from https://cxomatters.com/wp-json/wp/v2/media?page=10&per_page=100
2026-06-04 17:55:08,502 - INFO - Fetched page 1 from https://techwebtrends.com/wp-json/wp/v2/resources?page=1&per_page=100
2026-06-04 17:55:08,524 - INFO - Fetched page 1 from https://techwebtrends.com/wp-json/wp/v2/resources?page=1&per_page=100
2026-06-04 17:55:08,667 - INFO - No more pages: https://businessmediums.com/wp-json/wp/v2/media?page=15&per_page=100
2026-06-04 17:55:08,785 - INFO - Fetched page 13 from https://businessmediums.com/wp-json/wp/v2/media?page=13&per_page=100
2026-06-04 17:55:08,939 - INFO - Fetched page 11 from https://cxomatters.com/wp-json/wp/v2/media?page=11&per_page=100
2026-06-04 17:55:08,970 - INFO - Fetched page 11 from https://cxomatters.com/wp-json/wp/v2/media?page=11&per_page=100
2026-06-04 17:55:09,036 - INFO - No more pages: https://techwebtrends.com/wp-json/wp/v2/resources?page=2&per_page=100
2026-06-04 17:55:09,088 - INFO - No more pages: https://techwebtrends.com/wp-json/wp/v2/resources?page=2&per_page=100
2026-06-04 17:55:09,735 - INFO - Fetched page 14 from https://businessmediums.com/wp-json/wp/v2/media?page=14&per_page=100
2026-06-04 17:55:09,771 - INFO - Fetched page 12 from https://cxomatters.com/wp-json/wp/v2/media?page=12&per_page=100
2026-06-04 17:55:09,785 - INFO - Fetched page 12 from https://cxomatters.com/wp-json/wp/v2/media?page=12&per_page=100
2026-06-04 17:55:10,291 - INFO - Fetched page 1 from https://businessmediums.com/wp-json/wp/v2/resources?page=1&per_page=100
2026-06-04 17:55:10,374 - INFO - No more pages: https://cxomatters.com/wp-json/wp/v2/media?page=13&per_page=100
2026-06-04 17:55:10,376 - INFO - No more pages: https://cxomatters.com/wp-json/wp/v2/media?page=13&per_page=100
2026-06-04 17:55:10,390 - INFO - No more pages: https://businessmediums.com/wp-json/wp/v2/media?page=15&per_page=100
2026-06-04 17:55:10,893 - INFO - No more pages: https://businessmediums.com/wp-json/wp/v2/resources?page=2&per_page=100
2026-06-04 17:55:11,833 - INFO - Fetched page 1 from https://cxomatters.com/wp-json/wp/v2/resources?page=1&per_page=100
2026-06-04 17:55:11,846 - INFO - Fetched page 1 from https://cxomatters.com/wp-json/wp/v2/resources?page=1&per_page=100
2026-06-04 17:55:12,210 - INFO - Fetched page 1 from https://businessmediums.com/wp-json/wp/v2/resources?page=1&per_page=100
2026-06-04 17:55:12,443 - INFO - No more pages: https://cxomatters.com/wp-json/wp/v2/resources?page=2&per_page=100
2026-06-04 17:55:12,453 - INFO - No more pages: https://cxomatters.com/wp-json/wp/v2/resources?page=2&per_page=100
2026-06-04 17:55:12,860 - INFO - No more pages: https://businessmediums.com/wp-json/wp/v2/resources?page=2&per_page=100
2026-06-04 17:58:15,300 - INFO - Fetched page 1 from https://cxomatters.com/wp-json/wp/v2/posts?page=1&per_page=100
2026-06-04 17:58:15,424 - INFO - Fetched page 1 from https://techwebtrends.com/wp-json/wp/v2/posts?page=1&per_page=100
2026-06-04 17:58:15,457 - INFO - Fetched page 1 from https://businessmediums.com/wp-json/wp/v2/posts?page=1&per_page=100
2026-06-04 17:58:15,479 - INFO - Fetched page 1 from https://techwebtrends.com/wp-json/wp/v2/posts?page=1&per_page=100
2026-06-04 17:58:15,567 - INFO - Fetched page 1 from https://cxomatters.com/wp-json/wp/v2/posts?page=1&per_page=100
2026-06-04 17:58:15,567 - INFO - Fetched page 1 from https://thegrowthinsights.com/wp-json/wp/v2/posts?page=1&per_page=100
2026-06-04 17:58:15,693 - INFO - Fetched page 1 from https://worldbusinesshour.com/wp-json/wp/v2/posts?page=1&per_page=100
2026-06-04 17:58:15,799 - INFO - Fetched page 1 from https://thegrowthinsights.com/wp-json/wp/v2/posts?page=1&per_page=100
2026-06-04 17:58:15,819 - INFO - Fetched page 1 from https://techmasternode.com/wp-json/wp/v2/posts?page=1&per_page=100
2026-06-04 17:58:15,840 - INFO - Fetched page 1 from https://businessmediums.com/wp-json/wp/v2/posts?page=1&per_page=100
2026-06-04 17:58:15,874 - INFO - Fetched page 1 from https://worldbusinesshour.com/wp-json/wp/v2/posts?page=1&per_page=100
2026-06-04 17:58:15,928 - INFO - Fetched page 1 from https://techmasternode.com/wp-json/wp/v2/posts?page=1&per_page=100
2026-06-04 17:58:16,279 - INFO - No more pages: https://businessmediums.com/wp-json/wp/v2/posts?page=2&per_page=100
2026-06-04 17:58:16,587 - INFO - No more pages: https://businessmediums.com/wp-json/wp/v2/posts?page=2&per_page=100
2026-06-04 17:58:16,972 - INFO - Fetched page 2 from https://worldbusinesshour.com/wp-json/wp/v2/posts?page=2&per_page=100
2026-06-04 17:58:16,975 - INFO - Fetched page 2 from https://worldbusinesshour.com/wp-json/wp/v2/posts?page=2&per_page=100
2026-06-04 17:58:17,149 - INFO - Fetched page 2 from https://techwebtrends.com/wp-json/wp/v2/posts?page=2&per_page=100
2026-06-04 17:58:17,238 - INFO - Fetched page 2 from https://cxomatters.com/wp-json/wp/v2/posts?page=2&per_page=100
2026-06-04 17:58:17,321 - INFO - Fetched page 2 from https://techwebtrends.com/wp-json/wp/v2/posts?page=2&per_page=100
2026-06-04 17:58:17,450 - INFO - Fetched page 2 from https://thegrowthinsights.com/wp-json/wp/v2/posts?page=2&per_page=100
2026-06-04 17:58:17,499 - INFO - Fetched page 2 from https://cxomatters.com/wp-json/wp/v2/posts?page=2&per_page=100
2026-06-04 17:58:17,540 - INFO - Fetched page 2 from https://thegrowthinsights.com/wp-json/wp/v2/posts?page=2&per_page=100
2026-06-04 17:58:17,567 - INFO - No more pages: https://worldbusinesshour.com/wp-json/wp/v2/posts?page=3&per_page=100
2026-06-04 17:58:17,624 - INFO - Fetched page 1 from https://businessmediums.com/wp-json/wp/v2/pages?page=1&per_page=100
2026-06-04 17:58:17,628 - INFO - No more pages: https://worldbusinesshour.com/wp-json/wp/v2/posts?page=3&per_page=100
2026-06-04 17:58:17,674 - INFO - Fetched page 2 from https://techmasternode.com/wp-json/wp/v2/posts?page=2&per_page=100
2026-06-04 17:58:17,722 - INFO - Fetched page 2 from https://techmasternode.com/wp-json/wp/v2/posts?page=2&per_page=100
2026-06-04 17:58:17,948 - INFO - Fetched page 3 from https://cxomatters.com/wp-json/wp/v2/posts?page=3&per_page=100
2026-06-04 17:58:17,990 - INFO - Fetched page 1 from https://businessmediums.com/wp-json/wp/v2/pages?page=1&per_page=100
2026-06-04 17:58:18,111 - INFO - No more pages: https://thegrowthinsights.com/wp-json/wp/v2/posts?page=3&per_page=100
2026-06-04 17:58:18,180 - INFO - No more pages: https://thegrowthinsights.com/wp-json/wp/v2/posts?page=3&per_page=100
2026-06-04 17:58:18,233 - INFO - Fetched page 3 from https://cxomatters.com/wp-json/wp/v2/posts?page=3&per_page=100
2026-06-04 17:58:18,489 - INFO - Fetched page 3 from https://techmasternode.com/wp-json/wp/v2/posts?page=3&per_page=100
2026-06-04 17:58:18,525 - INFO - Fetched page 3 from https://techmasternode.com/wp-json/wp/v2/posts?page=3&per_page=100
2026-06-04 17:58:18,557 - INFO - No more pages: https://cxomatters.com/wp-json/wp/v2/posts?page=4&per_page=100
2026-06-04 17:58:18,798 - INFO - Fetched page 3 from https://techwebtrends.com/wp-json/wp/v2/posts?page=3&per_page=100
2026-06-04 17:58:18,851 - INFO - No more pages: https://cxomatters.com/wp-json/wp/v2/posts?page=4&per_page=100
2026-06-04 17:58:18,941 - INFO - Fetched page 3 from https://techwebtrends.com/wp-json/wp/v2/posts?page=3&per_page=100
2026-06-04 17:58:19,054 - INFO - No more pages: https://techmasternode.com/wp-json/wp/v2/posts?page=4&per_page=100
2026-06-04 17:58:19,127 - INFO - No more pages: https://techmasternode.com/wp-json/wp/v2/posts?page=4&per_page=100
2026-06-04 17:58:19,460 - INFO - Fetched page 4 from https://techwebtrends.com/wp-json/wp/v2/posts?page=4&per_page=100
2026-06-04 17:58:19,469 - INFO - Fetched page 4 from https://techwebtrends.com/wp-json/wp/v2/posts?page=4&per_page=100
2026-06-04 17:58:19,599 - INFO - Fetched page 1 from https://thegrowthinsights.com/wp-json/wp/v2/pages?page=1&per_page=100
2026-06-04 17:58:19,629 - INFO - Fetched page 1 from https://thegrowthinsights.com/wp-json/wp/v2/pages?page=1&per_page=100
2026-06-04 17:58:19,761 - INFO - Fetched page 1 from https://cxomatters.com/wp-json/wp/v2/pages?page=1&per_page=100
2026-06-04 17:58:19,947 - INFO - Fetched page 1 from https://worldbusinesshour.com/wp-json/wp/v2/pages?page=1&per_page=100
2026-06-04 17:58:19,957 - INFO - Fetched page 1 from https://worldbusinesshour.com/wp-json/wp/v2/pages?page=1&per_page=100
2026-06-04 17:58:19,983 - INFO - No more pages: https://techwebtrends.com/wp-json/wp/v2/posts?page=5&per_page=100
2026-06-04 17:58:20,012 - INFO - Fetched page 1 from https://cxomatters.com/wp-json/wp/v2/pages?page=1&per_page=100
2026-06-04 17:58:20,029 - INFO - Fetched page 2 from https://businessmediums.com/wp-json/wp/v2/pages?page=2&per_page=100
2026-06-04 17:58:20,274 - INFO - No more pages: https://thegrowthinsights.com/wp-json/wp/v2/pages?page=2&per_page=100
2026-06-04 17:58:20,285 - INFO - No more pages: https://techwebtrends.com/wp-json/wp/v2/posts?page=5&per_page=100
2026-06-04 17:58:20,304 - INFO - Fetched page 2 from https://businessmediums.com/wp-json/wp/v2/pages?page=2&per_page=100
2026-06-04 17:58:20,323 - INFO - No more pages: https://thegrowthinsights.com/wp-json/wp/v2/pages?page=2&per_page=100
2026-06-04 17:58:20,581 - INFO - No more pages: https://worldbusinesshour.com/wp-json/wp/v2/pages?page=2&per_page=100
2026-06-04 17:58:20,613 - INFO - No more pages: https://businessmediums.com/wp-json/wp/v2/pages?page=3&per_page=100
2026-06-04 17:58:20,643 - INFO - Fetched page 1 from https://techmasternode.com/wp-json/wp/v2/pages?page=1&per_page=100
2026-06-04 17:58:20,704 - INFO - Fetched page 1 from https://techmasternode.com/wp-json/wp/v2/pages?page=1&per_page=100
2026-06-04 17:58:20,914 - INFO - No more pages: https://businessmediums.com/wp-json/wp/v2/pages?page=3&per_page=100
2026-06-04 17:58:20,988 - INFO - Fetched page 2 from https://cxomatters.com/wp-json/wp/v2/pages?page=2&per_page=100
2026-06-04 17:58:21,110 - INFO - Fetched page 1 from https://techwebtrends.com/wp-json/wp/v2/pages?page=1&per_page=100
2026-06-04 17:58:21,177 - INFO - No more pages: https://techmasternode.com/wp-json/wp/v2/pages?page=2&per_page=100
2026-06-04 17:58:21,180 - INFO - Fetched page 2 from https://cxomatters.com/wp-json/wp/v2/pages?page=2&per_page=100
2026-06-04 17:58:21,222 - INFO - No more pages: https://techmasternode.com/wp-json/wp/v2/pages?page=2&per_page=100
2026-06-04 17:58:21,385 - INFO - Fetched page 1 from https://techwebtrends.com/wp-json/wp/v2/pages?page=1&per_page=100
2026-06-04 17:58:21,707 - INFO - Fetched page 1 from https://businessmediums.com/wp-json/wp/v2/media?page=1&per_page=100
2026-06-04 17:58:21,711 - INFO - Fetched page 1 from https://worldbusinesshour.com/wp-json/wp/v2/media?page=1&per_page=100
2026-06-04 17:58:21,720 - INFO - Fetched page 1 from https://worldbusinesshour.com/wp-json/wp/v2/media?page=1&per_page=100
2026-06-04 17:58:22,026 - INFO - Fetched page 1 from https://businessmediums.com/wp-json/wp/v2/media?page=1&per_page=100
2026-06-04 17:58:22,057 - INFO - Fetched page 1 from https://thegrowthinsights.com/wp-json/wp/v2/media?page=1&per_page=100
2026-06-04 17:58:22,063 - INFO - Fetched page 1 from https://thegrowthinsights.com/wp-json/wp/v2/media?page=1&per_page=100
2026-06-04 17:58:22,211 - INFO - Fetched page 3 from https://cxomatters.com/wp-json/wp/v2/pages?page=3&per_page=100
2026-06-04 17:58:22,301 - INFO - Fetched page 1 from https://techmasternode.com/wp-json/wp/v2/media?page=1&per_page=100
2026-06-04 17:58:22,323 - INFO - Fetched page 1 from https://techmasternode.com/wp-json/wp/v2/media?page=1&per_page=100
2026-06-04 17:58:22,442 - INFO - Fetched page 3 from https://cxomatters.com/wp-json/wp/v2/pages?page=3&per_page=100
2026-06-04 17:58:22,742 - INFO - Fetched page 2 from https://worldbusinesshour.com/wp-json/wp/v2/media?page=2&per_page=100
2026-06-04 17:58:22,759 - INFO - Fetched page 2 from https://businessmediums.com/wp-json/wp/v2/media?page=2&per_page=100
2026-06-04 17:58:22,816 - INFO - Fetched page 2 from https://worldbusinesshour.com/wp-json/wp/v2/media?page=2&per_page=100
2026-06-04 17:58:22,835 - INFO - No more pages: https://cxomatters.com/wp-json/wp/v2/pages?page=4&per_page=100
2026-06-04 17:58:23,082 - INFO - Fetched page 2 from https://businessmediums.com/wp-json/wp/v2/media?page=2&per_page=100
2026-06-04 17:58:23,085 - INFO - No more pages: https://cxomatters.com/wp-json/wp/v2/pages?page=4&per_page=100
2026-06-04 17:58:23,343 - INFO - Fetched page 2 from https://techmasternode.com/wp-json/wp/v2/media?page=2&per_page=100
2026-06-04 17:58:23,426 - INFO - Fetched page 2 from https://techmasternode.com/wp-json/wp/v2/media?page=2&per_page=100
2026-06-04 17:58:23,517 - INFO - Fetched page 3 from https://businessmediums.com/wp-json/wp/v2/media?page=3&per_page=100
2026-06-04 17:58:23,549 - INFO - Fetched page 2 from https://techwebtrends.com/wp-json/wp/v2/pages?page=2&per_page=100
2026-06-04 17:58:23,738 - INFO - Fetched page 2 from https://techwebtrends.com/wp-json/wp/v2/pages?page=2&per_page=100
2026-06-04 17:58:23,755 - INFO - Fetched page 3 from https://worldbusinesshour.com/wp-json/wp/v2/media?page=3&per_page=100
2026-06-04 17:58:23,780 - INFO - Fetched page 2 from https://thegrowthinsights.com/wp-json/wp/v2/media?page=2&per_page=100
2026-06-04 17:58:23,813 - INFO - Fetched page 3 from https://businessmediums.com/wp-json/wp/v2/media?page=3&per_page=100
2026-06-04 17:58:23,817 - INFO - Fetched page 2 from https://thegrowthinsights.com/wp-json/wp/v2/media?page=2&per_page=100
2026-06-04 17:58:23,877 - INFO - Fetched page 1 from https://cxomatters.com/wp-json/wp/v2/media?page=1&per_page=100
2026-06-04 17:58:23,900 - INFO - Fetched page 3 from https://worldbusinesshour.com/wp-json/wp/v2/media?page=3&per_page=100
2026-06-04 17:58:24,166 - INFO - No more pages: https://techwebtrends.com/wp-json/wp/v2/pages?page=3&per_page=100
2026-06-04 17:58:24,171 - INFO - Fetched page 1 from https://cxomatters.com/wp-json/wp/v2/media?page=1&per_page=100
2026-06-04 17:58:24,320 - INFO - No more pages: https://techwebtrends.com/wp-json/wp/v2/pages?page=3&per_page=100
2026-06-04 17:58:24,405 - INFO - Fetched page 3 from https://techmasternode.com/wp-json/wp/v2/media?page=3&per_page=100
2026-06-04 17:58:24,506 - INFO - Fetched page 3 from https://techmasternode.com/wp-json/wp/v2/media?page=3&per_page=100
2026-06-04 17:58:24,571 - INFO - Fetched page 4 from https://businessmediums.com/wp-json/wp/v2/media?page=4&per_page=100
2026-06-04 17:58:24,613 - INFO - Fetched page 4 from https://worldbusinesshour.com/wp-json/wp/v2/media?page=4&per_page=100
2026-06-04 17:58:24,883 - INFO - Fetched page 4 from https://businessmediums.com/wp-json/wp/v2/media?page=4&per_page=100
2026-06-04 17:58:24,908 - INFO - Fetched page 4 from https://worldbusinesshour.com/wp-json/wp/v2/media?page=4&per_page=100
2026-06-04 17:58:24,922 - INFO - Fetched page 2 from https://cxomatters.com/wp-json/wp/v2/media?page=2&per_page=100
2026-06-04 17:58:25,201 - INFO - Fetched page 1 from https://techwebtrends.com/wp-json/wp/v2/media?page=1&per_page=100
2026-06-04 17:58:25,210 - INFO - Fetched page 2 from https://cxomatters.com/wp-json/wp/v2/media?page=2&per_page=100
2026-06-04 17:58:25,349 - INFO - Fetched page 5 from https://businessmediums.com/wp-json/wp/v2/media?page=5&per_page=100
2026-06-04 17:58:25,368 - INFO - Fetched page 1 from https://techwebtrends.com/wp-json/wp/v2/media?page=1&per_page=100
2026-06-04 17:58:25,451 - INFO - Fetched page 4 from https://techmasternode.com/wp-json/wp/v2/media?page=4&per_page=100
2026-06-04 17:58:25,536 - INFO - Fetched page 3 from https://thegrowthinsights.com/wp-json/wp/v2/media?page=3&per_page=100
2026-06-04 17:58:25,551 - INFO - Fetched page 4 from https://techmasternode.com/wp-json/wp/v2/media?page=4&per_page=100
2026-06-04 17:58:25,628 - INFO - Fetched page 5 from https://worldbusinesshour.com/wp-json/wp/v2/media?page=5&per_page=100
2026-06-04 17:58:25,651 - INFO - Fetched page 5 from https://businessmediums.com/wp-json/wp/v2/media?page=5&per_page=100
2026-06-04 17:58:25,692 - INFO - Fetched page 3 from https://thegrowthinsights.com/wp-json/wp/v2/media?page=3&per_page=100
2026-06-04 17:58:25,920 - INFO - Fetched page 5 from https://worldbusinesshour.com/wp-json/wp/v2/media?page=5&per_page=100
2026-06-04 17:58:25,942 - INFO - Fetched page 3 from https://cxomatters.com/wp-json/wp/v2/media?page=3&per_page=100
2026-06-04 17:58:26,129 - INFO - Fetched page 6 from https://businessmediums.com/wp-json/wp/v2/media?page=6&per_page=100
2026-06-04 17:58:26,199 - INFO - Fetched page 5 from https://techmasternode.com/wp-json/wp/v2/media?page=5&per_page=100
2026-06-04 17:58:26,211 - INFO - Fetched page 2 from https://techwebtrends.com/wp-json/wp/v2/media?page=2&per_page=100
2026-06-04 17:58:26,223 - INFO - Fetched page 3 from https://cxomatters.com/wp-json/wp/v2/media?page=3&per_page=100
2026-06-04 17:58:26,342 - INFO - Fetched page 2 from https://techwebtrends.com/wp-json/wp/v2/media?page=2&per_page=100
2026-06-04 17:58:26,369 - INFO - Fetched page 5 from https://techmasternode.com/wp-json/wp/v2/media?page=5&per_page=100
2026-06-04 17:58:26,432 - INFO - Fetched page 6 from https://businessmediums.com/wp-json/wp/v2/media?page=6&per_page=100
2026-06-04 17:58:26,718 - INFO - Fetched page 6 from https://worldbusinesshour.com/wp-json/wp/v2/media?page=6&per_page=100
2026-06-04 17:58:26,929 - INFO - Fetched page 4 from https://thegrowthinsights.com/wp-json/wp/v2/media?page=4&per_page=100
2026-06-04 17:58:26,991 - INFO - Fetched page 6 from https://worldbusinesshour.com/wp-json/wp/v2/media?page=6&per_page=100
2026-06-04 17:58:26,992 - INFO - Fetched page 4 from https://cxomatters.com/wp-json/wp/v2/media?page=4&per_page=100
2026-06-04 17:58:27,116 - INFO - Fetched page 4 from https://thegrowthinsights.com/wp-json/wp/v2/media?page=4&per_page=100
2026-06-04 17:58:27,171 - INFO - Fetched page 3 from https://techwebtrends.com/wp-json/wp/v2/media?page=3&per_page=100
2026-06-04 17:58:27,189 - INFO - Fetched page 7 from https://businessmediums.com/wp-json/wp/v2/media?page=7&per_page=100
2026-06-04 17:58:27,254 - INFO - Fetched page 4 from https://cxomatters.com/wp-json/wp/v2/media?page=4&per_page=100
2026-06-04 17:58:27,295 - INFO - Fetched page 6 from https://techmasternode.com/wp-json/wp/v2/media?page=6&per_page=100
2026-06-04 17:58:27,297 - INFO - Fetched page 3 from https://techwebtrends.com/wp-json/wp/v2/media?page=3&per_page=100
2026-06-04 17:58:27,360 - INFO - Fetched page 7 from https://worldbusinesshour.com/wp-json/wp/v2/media?page=7&per_page=100
2026-06-04 17:58:27,473 - INFO - Fetched page 6 from https://techmasternode.com/wp-json/wp/v2/media?page=6&per_page=100
2026-06-04 17:58:27,484 - INFO - Fetched page 7 from https://businessmediums.com/wp-json/wp/v2/media?page=7&per_page=100
2026-06-04 17:58:27,676 - INFO - Fetched page 7 from https://worldbusinesshour.com/wp-json/wp/v2/media?page=7&per_page=100
2026-06-04 17:58:27,846 - INFO - Fetched page 4 from https://techwebtrends.com/wp-json/wp/v2/media?page=4&per_page=100
2026-06-04 17:58:27,926 - INFO - Fetched page 8 from https://businessmediums.com/wp-json/wp/v2/media?page=8&per_page=100
2026-06-04 17:58:27,981 - INFO - No more pages: https://worldbusinesshour.com/wp-json/wp/v2/media?page=8&per_page=100
2026-06-04 17:58:28,002 - INFO - Fetched page 4 from https://techwebtrends.com/wp-json/wp/v2/media?page=4&per_page=100
2026-06-04 17:58:28,029 - INFO - Fetched page 7 from https://techmasternode.com/wp-json/wp/v2/media?page=7&per_page=100
2026-06-04 17:58:28,074 - INFO - Fetched page 5 from https://cxomatters.com/wp-json/wp/v2/media?page=5&per_page=100
2026-06-04 17:58:28,184 - INFO - Fetched page 5 from https://thegrowthinsights.com/wp-json/wp/v2/media?page=5&per_page=100
2026-06-04 17:58:28,194 - INFO - Fetched page 7 from https://techmasternode.com/wp-json/wp/v2/media?page=7&per_page=100
2026-06-04 17:58:28,208 - INFO - Fetched page 8 from https://businessmediums.com/wp-json/wp/v2/media?page=8&per_page=100
2026-06-04 17:58:28,273 - INFO - No more pages: https://worldbusinesshour.com/wp-json/wp/v2/media?page=8&per_page=100
2026-06-04 17:58:28,363 - INFO - Fetched page 5 from https://thegrowthinsights.com/wp-json/wp/v2/media?page=5&per_page=100
2026-06-04 17:58:28,397 - INFO - Fetched page 5 from https://cxomatters.com/wp-json/wp/v2/media?page=5&per_page=100
2026-06-04 17:58:28,583 - INFO - No more pages: https://techmasternode.com/wp-json/wp/v2/media?page=8&per_page=100
2026-06-04 17:58:28,608 - INFO - Fetched page 9 from https://businessmediums.com/wp-json/wp/v2/media?page=9&per_page=100
2026-06-04 17:58:28,740 - INFO - No more pages: https://techmasternode.com/wp-json/wp/v2/media?page=8&per_page=100
2026-06-04 17:58:28,774 - INFO - Fetched page 5 from https://techwebtrends.com/wp-json/wp/v2/media?page=5&per_page=100
2026-06-04 17:58:28,880 - INFO - Fetched page 5 from https://techwebtrends.com/wp-json/wp/v2/media?page=5&per_page=100
2026-06-04 17:58:28,901 - INFO - Fetched page 9 from https://businessmediums.com/wp-json/wp/v2/media?page=9&per_page=100
2026-06-04 17:58:29,090 - INFO - Fetched page 6 from https://cxomatters.com/wp-json/wp/v2/media?page=6&per_page=100
2026-06-04 17:58:29,275 - INFO - Fetched page 6 from https://thegrowthinsights.com/wp-json/wp/v2/media?page=6&per_page=100
2026-06-04 17:58:29,402 - INFO - Fetched page 6 from https://techwebtrends.com/wp-json/wp/v2/media?page=6&per_page=100
2026-06-04 17:58:29,408 - INFO - Fetched page 6 from https://cxomatters.com/wp-json/wp/v2/media?page=6&per_page=100
2026-06-04 17:58:29,428 - INFO - Fetched page 1 from https://worldbusinesshour.com/wp-json/wp/v2/resources?page=1&per_page=100
2026-06-04 17:58:29,463 - INFO - Fetched page 6 from https://thegrowthinsights.com/wp-json/wp/v2/media?page=6&per_page=100
2026-06-04 17:58:29,519 - INFO - Fetched page 6 from https://techwebtrends.com/wp-json/wp/v2/media?page=6&per_page=100
2026-06-04 17:58:29,602 - INFO - Fetched page 10 from https://businessmediums.com/wp-json/wp/v2/media?page=10&per_page=100
2026-06-04 17:58:29,905 - INFO - Fetched page 10 from https://businessmediums.com/wp-json/wp/v2/media?page=10&per_page=100
2026-06-04 17:58:29,929 - INFO - Fetched page 1 from https://worldbusinesshour.com/wp-json/wp/v2/resources?page=1&per_page=100
2026-06-04 17:58:29,972 - INFO - Fetched page 1 from https://techmasternode.com/wp-json/wp/v2/resources?page=1&per_page=100
2026-06-04 17:58:29,993 - INFO - Fetched page 7 from https://techwebtrends.com/wp-json/wp/v2/media?page=7&per_page=100
2026-06-04 17:58:30,002 - INFO - Fetched page 7 from https://thegrowthinsights.com/wp-json/wp/v2/media?page=7&per_page=100
2026-06-04 17:58:30,096 - INFO - Fetched page 7 from https://cxomatters.com/wp-json/wp/v2/media?page=7&per_page=100
2026-06-04 17:58:30,117 - INFO - Fetched page 7 from https://techwebtrends.com/wp-json/wp/v2/media?page=7&per_page=100
2026-06-04 17:58:30,157 - INFO - Fetched page 1 from https://techmasternode.com/wp-json/wp/v2/resources?page=1&per_page=100
2026-06-04 17:58:30,232 - INFO - Fetched page 7 from https://thegrowthinsights.com/wp-json/wp/v2/media?page=7&per_page=100
2026-06-04 17:58:30,244 - INFO - No more pages: https://worldbusinesshour.com/wp-json/wp/v2/resources?page=2&per_page=100
2026-06-04 17:58:30,617 - INFO - No more pages: https://techmasternode.com/wp-json/wp/v2/resources?page=2&per_page=100
2026-06-04 17:58:30,627 - INFO - Fetched page 7 from https://cxomatters.com/wp-json/wp/v2/media?page=7&per_page=100
2026-06-04 17:58:30,628 - INFO - No more pages: https://worldbusinesshour.com/wp-json/wp/v2/resources?page=2&per_page=100
2026-06-04 17:58:30,636 - INFO - Fetched page 11 from https://businessmediums.com/wp-json/wp/v2/media?page=11&per_page=100
2026-06-04 17:58:30,666 - INFO - No more pages: https://thegrowthinsights.com/wp-json/wp/v2/media?page=8&per_page=100
2026-06-04 17:58:30,670 - INFO - No more pages: https://techmasternode.com/wp-json/wp/v2/resources?page=2&per_page=100
2026-06-04 17:58:30,874 - INFO - Fetched page 8 from https://cxomatters.com/wp-json/wp/v2/media?page=8&per_page=100
2026-06-04 17:58:30,888 - INFO - No more pages: https://thegrowthinsights.com/wp-json/wp/v2/media?page=8&per_page=100
2026-06-04 17:58:30,926 - INFO - Fetched page 11 from https://businessmediums.com/wp-json/wp/v2/media?page=11&per_page=100
2026-06-04 17:58:30,938 - INFO - Fetched page 8 from https://techwebtrends.com/wp-json/wp/v2/media?page=8&per_page=100
2026-06-04 17:58:31,042 - INFO - Fetched page 8 from https://techwebtrends.com/wp-json/wp/v2/media?page=8&per_page=100
2026-06-04 17:58:31,743 - INFO - Fetched page 12 from https://businessmediums.com/wp-json/wp/v2/media?page=12&per_page=100
2026-06-04 17:58:31,744 - INFO - Fetched page 9 from https://techwebtrends.com/wp-json/wp/v2/media?page=9&per_page=100
2026-06-04 17:58:31,752 - INFO - Fetched page 9 from https://techwebtrends.com/wp-json/wp/v2/media?page=9&per_page=100
2026-06-04 17:58:31,756 - INFO - Fetched page 8 from https://cxomatters.com/wp-json/wp/v2/media?page=8&per_page=100
2026-06-04 17:58:31,764 - INFO - Fetched page 9 from https://cxomatters.com/wp-json/wp/v2/media?page=9&per_page=100
2026-06-04 17:58:31,898 - INFO - Fetched page 12 from https://businessmediums.com/wp-json/wp/v2/media?page=12&per_page=100
2026-06-04 17:58:32,229 - INFO - Fetched page 1 from https://thegrowthinsights.com/wp-json/wp/v2/resources?page=1&per_page=100
2026-06-04 17:58:32,342 - INFO - Fetched page 10 from https://techwebtrends.com/wp-json/wp/v2/media?page=10&per_page=100
2026-06-04 17:58:32,346 - INFO - Fetched page 1 from https://thegrowthinsights.com/wp-json/wp/v2/resources?page=1&per_page=100
2026-06-04 17:58:32,379 - INFO - Fetched page 10 from https://techwebtrends.com/wp-json/wp/v2/media?page=10&per_page=100
2026-06-04 17:58:32,522 - INFO - Fetched page 9 from https://cxomatters.com/wp-json/wp/v2/media?page=9&per_page=100
2026-06-04 17:58:32,977 - INFO - No more pages: https://techwebtrends.com/wp-json/wp/v2/media?page=11&per_page=100
2026-06-04 17:58:32,977 - INFO - No more pages: https://thegrowthinsights.com/wp-json/wp/v2/resources?page=2&per_page=100
2026-06-04 17:58:32,980 - INFO - No more pages: https://techwebtrends.com/wp-json/wp/v2/media?page=11&per_page=100
2026-06-04 17:58:32,992 - INFO - Fetched page 13 from https://businessmediums.com/wp-json/wp/v2/media?page=13&per_page=100
2026-06-04 17:58:32,992 - INFO - No more pages: https://thegrowthinsights.com/wp-json/wp/v2/resources?page=2&per_page=100
2026-06-04 17:58:33,016 - INFO - Fetched page 13 from https://businessmediums.com/wp-json/wp/v2/media?page=13&per_page=100
2026-06-04 17:58:33,027 - INFO - Fetched page 10 from https://cxomatters.com/wp-json/wp/v2/media?page=10&per_page=100
2026-06-04 17:58:33,593 - INFO - Fetched page 10 from https://cxomatters.com/wp-json/wp/v2/media?page=10&per_page=100
2026-06-04 17:58:33,998 - INFO - Fetched page 14 from https://businessmediums.com/wp-json/wp/v2/media?page=14&per_page=100
2026-06-04 17:58:33,998 - INFO - Fetched page 14 from https://businessmediums.com/wp-json/wp/v2/media?page=14&per_page=100
2026-06-04 17:58:34,050 - INFO - Fetched page 11 from https://cxomatters.com/wp-json/wp/v2/media?page=11&per_page=100
2026-06-04 17:58:34,355 - INFO - Fetched page 11 from https://cxomatters.com/wp-json/wp/v2/media?page=11&per_page=100
2026-06-04 17:58:34,518 - INFO - Fetched page 1 from https://techwebtrends.com/wp-json/wp/v2/resources?page=1&per_page=100
2026-06-04 17:58:34,559 - INFO - Fetched page 1 from https://techwebtrends.com/wp-json/wp/v2/resources?page=1&per_page=100
2026-06-04 17:58:34,626 - INFO - No more pages: https://businessmediums.com/wp-json/wp/v2/media?page=15&per_page=100
2026-06-04 17:58:34,636 - INFO - No more pages: https://businessmediums.com/wp-json/wp/v2/media?page=15&per_page=100
2026-06-04 17:58:34,749 - INFO - Fetched page 12 from https://cxomatters.com/wp-json/wp/v2/media?page=12&per_page=100
2026-06-04 17:58:35,123 - INFO - No more pages: https://techwebtrends.com/wp-json/wp/v2/resources?page=2&per_page=100
2026-06-04 17:58:35,125 - INFO - No more pages: https://techwebtrends.com/wp-json/wp/v2/resources?page=2&per_page=100
2026-06-04 17:58:35,144 - INFO - Fetched page 12 from https://cxomatters.com/wp-json/wp/v2/media?page=12&per_page=100
2026-06-04 17:58:35,427 - INFO - No more pages: https://cxomatters.com/wp-json/wp/v2/media?page=13&per_page=100
2026-06-04 17:58:35,840 - INFO - No more pages: https://cxomatters.com/wp-json/wp/v2/media?page=13&per_page=100
2026-06-04 17:58:36,041 - INFO - Fetched page 1 from https://businessmediums.com/wp-json/wp/v2/resources?page=1&per_page=100
2026-06-04 17:58:36,068 - INFO - Fetched page 1 from https://businessmediums.com/wp-json/wp/v2/resources?page=1&per_page=100
2026-06-04 17:58:36,799 - INFO - No more pages: https://businessmediums.com/wp-json/wp/v2/resources?page=2&per_page=100
2026-06-04 17:58:36,871 - INFO - No more pages: https://businessmediums.com/wp-json/wp/v2/resources?page=2&per_page=100
2026-06-04 17:58:36,906 - INFO - Fetched page 1 from https://cxomatters.com/wp-json/wp/v2/resources?page=1&per_page=100
2026-06-04 17:58:37,288 - INFO - Fetched page 1 from https://cxomatters.com/wp-json/wp/v2/resources?page=1&per_page=100
2026-06-04 17:58:37,579 - INFO - No more pages: https://cxomatters.com/wp-json/wp/v2/resources?page=2&per_page=100
2026-06-04 17:58:37,990 - INFO - No more pages: https://cxomatters.com/wp-json/wp/v2/resources?page=2&per_page=100
2026-06-04 18:01:40,513 - INFO - Fetched page 1 from https://cxomatters.com/wp-json/wp/v2/posts?page=1&per_page=100
2026-06-04 18:01:40,691 - INFO - Fetched page 1 from https://cxomatters.com/wp-json/wp/v2/posts?page=1&per_page=100
2026-06-04 18:01:40,892 - INFO - Fetched page 1 from https://businessmediums.com/wp-json/wp/v2/posts?page=1&per_page=100
2026-06-04 18:01:40,922 - INFO - Fetched page 1 from https://thegrowthinsights.com/wp-json/wp/v2/posts?page=1&per_page=100
2026-06-04 18:01:40,942 - INFO - Fetched page 1 from https://techwebtrends.com/wp-json/wp/v2/posts?page=1&per_page=100
2026-06-04 18:01:40,977 - INFO - Fetched page 1 from https://techmasternode.com/wp-json/wp/v2/posts?page=1&per_page=100
2026-06-04 18:01:40,999 - INFO - Fetched page 1 from https://worldbusinesshour.com/wp-json/wp/v2/posts?page=1&per_page=100
2026-06-04 18:01:41,054 - INFO - Fetched page 1 from https://worldbusinesshour.com/wp-json/wp/v2/posts?page=1&per_page=100
2026-06-04 18:01:41,079 - INFO - Fetched page 1 from https://techmasternode.com/wp-json/wp/v2/posts?page=1&per_page=100
2026-06-04 18:01:41,079 - INFO - Fetched page 1 from https://businessmediums.com/wp-json/wp/v2/posts?page=1&per_page=100
2026-06-04 18:01:41,116 - INFO - Fetched page 1 from https://thegrowthinsights.com/wp-json/wp/v2/posts?page=1&per_page=100
2026-06-04 18:01:41,699 - INFO - No more pages: https://businessmediums.com/wp-json/wp/v2/posts?page=2&per_page=100
2026-06-04 18:01:41,771 - INFO - No more pages: https://businessmediums.com/wp-json/wp/v2/posts?page=2&per_page=100
2026-06-04 18:01:41,981 - INFO - Fetched page 1 from https://techwebtrends.com/wp-json/wp/v2/posts?page=1&per_page=100
2026-06-04 18:01:42,165 - INFO - Fetched page 2 from https://worldbusinesshour.com/wp-json/wp/v2/posts?page=2&per_page=100
2026-06-04 18:01:42,217 - INFO - Fetched page 2 from https://cxomatters.com/wp-json/wp/v2/posts?page=2&per_page=100
2026-06-04 18:01:42,248 - INFO - Fetched page 2 from https://worldbusinesshour.com/wp-json/wp/v2/posts?page=2&per_page=100
2026-06-04 18:01:42,483 - INFO - Fetched page 2 from https://cxomatters.com/wp-json/wp/v2/posts?page=2&per_page=100
2026-06-04 18:01:42,613 - INFO - Fetched page 2 from https://techwebtrends.com/wp-json/wp/v2/posts?page=2&per_page=100
2026-06-04 18:01:42,666 - INFO - Fetched page 2 from https://thegrowthinsights.com/wp-json/wp/v2/posts?page=2&per_page=100
2026-06-04 18:01:42,802 - INFO - Fetched page 2 from https://thegrowthinsights.com/wp-json/wp/v2/posts?page=2&per_page=100
2026-06-04 18:01:42,803 - INFO - No more pages: https://worldbusinesshour.com/wp-json/wp/v2/posts?page=3&per_page=100
2026-06-04 18:01:42,889 - INFO - No more pages: https://worldbusinesshour.com/wp-json/wp/v2/posts?page=3&per_page=100
2026-06-04 18:01:42,889 - INFO - Fetched page 2 from https://techmasternode.com/wp-json/wp/v2/posts?page=2&per_page=100
2026-06-04 18:01:42,920 - INFO - Fetched page 3 from https://cxomatters.com/wp-json/wp/v2/posts?page=3&per_page=100
2026-06-04 18:01:42,971 - INFO - Fetched page 1 from https://businessmediums.com/wp-json/wp/v2/pages?page=1&per_page=100
2026-06-04 18:01:42,972 - INFO - Fetched page 2 from https://techmasternode.com/wp-json/wp/v2/posts?page=2&per_page=100
2026-06-04 18:01:43,079 - INFO - Fetched page 1 from https://businessmediums.com/wp-json/wp/v2/pages?page=1&per_page=100
2026-06-04 18:01:43,219 - INFO - Fetched page 3 from https://cxomatters.com/wp-json/wp/v2/posts?page=3&per_page=100
2026-06-04 18:01:43,300 - INFO - No more pages: https://thegrowthinsights.com/wp-json/wp/v2/posts?page=3&per_page=100
2026-06-04 18:01:43,433 - INFO - No more pages: https://thegrowthinsights.com/wp-json/wp/v2/posts?page=3&per_page=100
2026-06-04 18:01:43,541 - INFO - No more pages: https://cxomatters.com/wp-json/wp/v2/posts?page=4&per_page=100
2026-06-04 18:01:43,662 - INFO - Fetched page 3 from https://techmasternode.com/wp-json/wp/v2/posts?page=3&per_page=100
2026-06-04 18:01:43,832 - INFO - Fetched page 3 from https://techmasternode.com/wp-json/wp/v2/posts?page=3&per_page=100
2026-06-04 18:01:43,835 - INFO - No more pages: https://cxomatters.com/wp-json/wp/v2/posts?page=4&per_page=100
2026-06-04 18:01:44,635 - INFO - No more pages: https://techmasternode.com/wp-json/wp/v2/posts?page=4&per_page=100
2026-06-04 18:01:44,675 - INFO - Fetched page 3 from https://techwebtrends.com/wp-json/wp/v2/posts?page=3&per_page=100
2026-06-04 18:01:44,693 - INFO - No more pages: https://techmasternode.com/wp-json/wp/v2/posts?page=4&per_page=100
2026-06-04 18:01:44,730 - INFO - Fetched page 1 from https://cxomatters.com/wp-json/wp/v2/pages?page=1&per_page=100
2026-06-04 18:01:44,809 - INFO - Fetched page 1 from https://thegrowthinsights.com/wp-json/wp/v2/pages?page=1&per_page=100
2026-06-04 18:01:44,829 - INFO - Fetched page 1 from https://thegrowthinsights.com/wp-json/wp/v2/pages?page=1&per_page=100
2026-06-04 18:01:44,859 - INFO - Fetched page 2 from https://techwebtrends.com/wp-json/wp/v2/posts?page=2&per_page=100
2026-06-04 18:01:44,992 - INFO - Fetched page 1 from https://cxomatters.com/wp-json/wp/v2/pages?page=1&per_page=100
2026-06-04 18:01:45,233 - INFO - Fetched page 4 from https://techwebtrends.com/wp-json/wp/v2/posts?page=4&per_page=100
2026-06-04 18:01:45,243 - INFO - Fetched page 1 from https://worldbusinesshour.com/wp-json/wp/v2/pages?page=1&per_page=100
2026-06-04 18:01:45,333 - INFO - Fetched page 2 from https://businessmediums.com/wp-json/wp/v2/pages?page=2&per_page=100
2026-06-04 18:01:45,345 - INFO - Fetched page 1 from https://worldbusinesshour.com/wp-json/wp/v2/pages?page=1&per_page=100
2026-06-04 18:01:45,426 - INFO - No more pages: https://thegrowthinsights.com/wp-json/wp/v2/pages?page=2&per_page=100
2026-06-04 18:01:45,493 - INFO - No more pages: https://thegrowthinsights.com/wp-json/wp/v2/pages?page=2&per_page=100
2026-06-04 18:01:45,635 - INFO - Fetched page 2 from https://businessmediums.com/wp-json/wp/v2/pages?page=2&per_page=100
2026-06-04 18:01:45,770 - INFO - No more pages: https://techwebtrends.com/wp-json/wp/v2/posts?page=5&per_page=100
2026-06-04 18:01:45,850 - INFO - No more pages: https://worldbusinesshour.com/wp-json/wp/v2/pages?page=2&per_page=100
2026-06-04 18:01:45,961 - INFO - No more pages: https://worldbusinesshour.com/wp-json/wp/v2/pages?page=2&per_page=100
2026-06-04 18:01:45,985 - INFO - Fetched page 2 from https://cxomatters.com/wp-json/wp/v2/pages?page=2&per_page=100
2026-06-04 18:01:46,001 - INFO - No more pages: https://businessmediums.com/wp-json/wp/v2/pages?page=3&per_page=100
2026-06-04 18:01:46,308 - INFO - No more pages: https://businessmediums.com/wp-json/wp/v2/pages?page=3&per_page=100
2026-06-04 18:01:46,333 - INFO - Fetched page 2 from https://cxomatters.com/wp-json/wp/v2/pages?page=2&per_page=100
2026-06-04 18:01:46,481 - INFO - Fetched page 1 from https://techmasternode.com/wp-json/wp/v2/pages?page=1&per_page=100
2026-06-04 18:01:46,525 - INFO - Fetched page 1 from https://techmasternode.com/wp-json/wp/v2/pages?page=1&per_page=100
2026-06-04 18:01:47,038 - INFO - Fetched page 1 from https://worldbusinesshour.com/wp-json/wp/v2/media?page=1&per_page=100
2026-06-04 18:01:47,041 - INFO - Fetched page 1 from https://worldbusinesshour.com/wp-json/wp/v2/media?page=1&per_page=100
2026-06-04 18:01:47,055 - INFO - No more pages: https://techmasternode.com/wp-json/wp/v2/pages?page=2&per_page=100
2026-06-04 18:01:47,057 - INFO - Fetched page 1 from https://techwebtrends.com/wp-json/wp/v2/pages?page=1&per_page=100
2026-06-04 18:01:47,078 - INFO - Fetched page 1 from https://businessmediums.com/wp-json/wp/v2/media?page=1&per_page=100
2026-06-04 18:01:47,104 - INFO - No more pages: https://techmasternode.com/wp-json/wp/v2/pages?page=2&per_page=100
2026-06-04 18:01:47,182 - INFO - Fetched page 3 from https://cxomatters.com/wp-json/wp/v2/pages?page=3&per_page=100
2026-06-04 18:01:47,260 - INFO - Fetched page 1 from https://thegrowthinsights.com/wp-json/wp/v2/media?page=1&per_page=100
2026-06-04 18:01:47,355 - INFO - Fetched page 1 from https://thegrowthinsights.com/wp-json/wp/v2/media?page=1&per_page=100
2026-06-04 18:01:47,384 - INFO - Fetched page 1 from https://businessmediums.com/wp-json/wp/v2/media?page=1&per_page=100
2026-06-04 18:01:47,585 - INFO - Fetched page 3 from https://cxomatters.com/wp-json/wp/v2/pages?page=3&per_page=100
2026-06-04 18:01:47,949 - INFO - No more pages: https://cxomatters.com/wp-json/wp/v2/pages?page=4&per_page=100
2026-06-04 18:01:48,096 - INFO - Fetched page 2 from https://worldbusinesshour.com/wp-json/wp/v2/media?page=2&per_page=100
2026-06-04 18:01:48,131 - INFO - Fetched page 2 from https://businessmediums.com/wp-json/wp/v2/media?page=2&per_page=100
2026-06-04 18:01:48,194 - INFO - Fetched page 2 from https://worldbusinesshour.com/wp-json/wp/v2/media?page=2&per_page=100
2026-06-04 18:01:48,198 - INFO - No more pages: https://cxomatters.com/wp-json/wp/v2/pages?page=4&per_page=100
2026-06-04 18:01:48,276 - INFO - Fetched page 3 from https://techwebtrends.com/wp-json/wp/v2/posts?page=3&per_page=100
2026-06-04 18:01:48,401 - INFO - Fetched page 2 from https://businessmediums.com/wp-json/wp/v2/media?page=2&per_page=100
2026-06-04 18:01:48,535 - INFO - Fetched page 1 from https://techmasternode.com/wp-json/wp/v2/media?page=1&per_page=100
2026-06-04 18:01:48,536 - INFO - Fetched page 1 from https://techmasternode.com/wp-json/wp/v2/media?page=1&per_page=100
2026-06-04 18:01:48,899 - INFO - Fetched page 3 from https://businessmediums.com/wp-json/wp/v2/media?page=3&per_page=100
2026-06-04 18:01:48,979 - INFO - Fetched page 2 from https://thegrowthinsights.com/wp-json/wp/v2/media?page=2&per_page=100
2026-06-04 18:01:49,004 - INFO - Fetched page 1 from https://cxomatters.com/wp-json/wp/v2/media?page=1&per_page=100
2026-06-04 18:01:49,089 - INFO - Fetched page 3 from https://worldbusinesshour.com/wp-json/wp/v2/media?page=3&per_page=100
2026-06-04 18:01:49,140 - INFO - Fetched page 2 from https://thegrowthinsights.com/wp-json/wp/v2/media?page=2&per_page=100
2026-06-04 18:01:49,220 - INFO - Fetched page 3 from https://worldbusinesshour.com/wp-json/wp/v2/media?page=3&per_page=100
2026-06-04 18:01:49,256 - INFO - Fetched page 1 from https://cxomatters.com/wp-json/wp/v2/media?page=1&per_page=100
2026-06-04 18:01:49,266 - INFO - Fetched page 3 from https://businessmediums.com/wp-json/wp/v2/media?page=3&per_page=100
2026-06-04 18:01:49,415 - INFO - Fetched page 4 from https://techwebtrends.com/wp-json/wp/v2/posts?page=4&per_page=100
2026-06-04 18:01:49,612 - INFO - Fetched page 2 from https://techwebtrends.com/wp-json/wp/v2/pages?page=2&per_page=100
2026-06-04 18:01:49,752 - INFO - Fetched page 2 from https://techmasternode.com/wp-json/wp/v2/media?page=2&per_page=100
2026-06-04 18:01:49,784 - INFO - Fetched page 2 from https://techmasternode.com/wp-json/wp/v2/media?page=2&per_page=100
2026-06-04 18:01:49,947 - INFO - Fetched page 4 from https://businessmediums.com/wp-json/wp/v2/media?page=4&per_page=100
2026-06-04 18:01:49,975 - INFO - Fetched page 4 from https://worldbusinesshour.com/wp-json/wp/v2/media?page=4&per_page=100
2026-06-04 18:01:50,026 - INFO - Fetched page 2 from https://cxomatters.com/wp-json/wp/v2/media?page=2&per_page=100
2026-06-04 18:01:50,117 - INFO - Fetched page 4 from https://worldbusinesshour.com/wp-json/wp/v2/media?page=4&per_page=100
2026-06-04 18:01:50,130 - INFO - No more pages: https://techwebtrends.com/wp-json/wp/v2/pages?page=3&per_page=100
2026-06-04 18:01:50,223 - INFO - Fetched page 4 from https://businessmediums.com/wp-json/wp/v2/media?page=4&per_page=100
2026-06-04 18:01:50,295 - INFO - Fetched page 2 from https://cxomatters.com/wp-json/wp/v2/media?page=2&per_page=100
2026-06-04 18:01:50,379 - INFO - No more pages: https://techwebtrends.com/wp-json/wp/v2/posts?page=5&per_page=100
2026-06-04 18:01:50,694 - INFO - Fetched page 3 from https://thegrowthinsights.com/wp-json/wp/v2/media?page=3&per_page=100
2026-06-04 18:01:50,707 - INFO - Fetched page 5 from https://businessmediums.com/wp-json/wp/v2/media?page=5&per_page=100
2026-06-04 18:01:50,898 - INFO - Fetched page 3 from https://thegrowthinsights.com/wp-json/wp/v2/media?page=3&per_page=100
2026-06-04 18:01:50,962 - INFO - Fetched page 3 from https://techmasternode.com/wp-json/wp/v2/media?page=3&per_page=100
2026-06-04 18:01:50,969 - INFO - Fetched page 5 from https://businessmediums.com/wp-json/wp/v2/media?page=5&per_page=100
2026-06-04 18:01:50,997 - INFO - Fetched page 3 from https://techmasternode.com/wp-json/wp/v2/media?page=3&per_page=100
2026-06-04 18:01:51,022 - INFO - Fetched page 5 from https://worldbusinesshour.com/wp-json/wp/v2/media?page=5&per_page=100
2026-06-04 18:01:51,094 - INFO - Fetched page 3 from https://cxomatters.com/wp-json/wp/v2/media?page=3&per_page=100
2026-06-04 18:01:51,225 - INFO - Fetched page 1 from https://techwebtrends.com/wp-json/wp/v2/media?page=1&per_page=100
2026-06-04 18:01:51,228 - INFO - Fetched page 5 from https://worldbusinesshour.com/wp-json/wp/v2/media?page=5&per_page=100
2026-06-04 18:01:51,419 - INFO - Fetched page 3 from https://cxomatters.com/wp-json/wp/v2/media?page=3&per_page=100
2026-06-04 18:01:51,435 - INFO - Fetched page 6 from https://businessmediums.com/wp-json/wp/v2/media?page=6&per_page=100
2026-06-04 18:01:51,611 - INFO - Fetched page 1 from https://techwebtrends.com/wp-json/wp/v2/pages?page=1&per_page=100
2026-06-04 18:01:51,711 - INFO - Fetched page 6 from https://businessmediums.com/wp-json/wp/v2/media?page=6&per_page=100
2026-06-04 18:01:52,069 - INFO - Fetched page 4 from https://techmasternode.com/wp-json/wp/v2/media?page=4&per_page=100
2026-06-04 18:01:52,106 - INFO - Fetched page 4 from https://techmasternode.com/wp-json/wp/v2/media?page=4&per_page=100
2026-06-04 18:01:52,114 - INFO - Fetched page 4 from https://thegrowthinsights.com/wp-json/wp/v2/media?page=4&per_page=100
2026-06-04 18:01:52,133 - INFO - Fetched page 6 from https://worldbusinesshour.com/wp-json/wp/v2/media?page=6&per_page=100
2026-06-04 18:01:52,180 - INFO - Fetched page 2 from https://techwebtrends.com/wp-json/wp/v2/media?page=2&per_page=100
2026-06-04 18:01:52,186 - INFO - Fetched page 4 from https://cxomatters.com/wp-json/wp/v2/media?page=4&per_page=100
2026-06-04 18:01:52,292 - INFO - Fetched page 4 from https://thegrowthinsights.com/wp-json/wp/v2/media?page=4&per_page=100
2026-06-04 18:01:52,308 - INFO - Fetched page 6 from https://worldbusinesshour.com/wp-json/wp/v2/media?page=6&per_page=100
2026-06-04 18:01:52,478 - INFO - Fetched page 7 from https://businessmediums.com/wp-json/wp/v2/media?page=7&per_page=100
2026-06-04 18:01:52,558 - INFO - Fetched page 4 from https://cxomatters.com/wp-json/wp/v2/media?page=4&per_page=100
2026-06-04 18:01:52,706 - INFO - Fetched page 7 from https://businessmediums.com/wp-json/wp/v2/media?page=7&per_page=100
2026-06-04 18:01:52,779 - INFO - Fetched page 7 from https://worldbusinesshour.com/wp-json/wp/v2/media?page=7&per_page=100
2026-06-04 18:01:52,898 - INFO - Fetched page 7 from https://worldbusinesshour.com/wp-json/wp/v2/media?page=7&per_page=100
2026-06-04 18:01:53,076 - INFO - Fetched page 5 from https://techmasternode.com/wp-json/wp/v2/media?page=5&per_page=100
2026-06-04 18:01:53,084 - INFO - Fetched page 5 from https://techmasternode.com/wp-json/wp/v2/media?page=5&per_page=100
2026-06-04 18:01:53,127 - INFO - Fetched page 3 from https://techwebtrends.com/wp-json/wp/v2/media?page=3&per_page=100
2026-06-04 18:01:53,229 - INFO - Fetched page 5 from https://cxomatters.com/wp-json/wp/v2/media?page=5&per_page=100
2026-06-04 18:01:53,246 - INFO - Fetched page 8 from https://businessmediums.com/wp-json/wp/v2/media?page=8&per_page=100
2026-06-04 18:01:53,413 - INFO - Fetched page 5 from https://thegrowthinsights.com/wp-json/wp/v2/media?page=5&per_page=100
2026-06-04 18:01:53,422 - INFO - No more pages: https://worldbusinesshour.com/wp-json/wp/v2/media?page=8&per_page=100
2026-06-04 18:01:53,477 - INFO - Fetched page 8 from https://businessmediums.com/wp-json/wp/v2/media?page=8&per_page=100
2026-06-04 18:01:53,511 - INFO - No more pages: https://worldbusinesshour.com/wp-json/wp/v2/media?page=8&per_page=100
2026-06-04 18:01:53,598 - INFO - Fetched page 5 from https://thegrowthinsights.com/wp-json/wp/v2/media?page=5&per_page=100
2026-06-04 18:01:53,623 - INFO - Fetched page 5 from https://cxomatters.com/wp-json/wp/v2/media?page=5&per_page=100
2026-06-04 18:01:53,794 - INFO - Fetched page 4 from https://techwebtrends.com/wp-json/wp/v2/media?page=4&per_page=100
2026-06-04 18:01:53,967 - INFO - Fetched page 9 from https://businessmediums.com/wp-json/wp/v2/media?page=9&per_page=100
2026-06-04 18:01:54,299 - INFO - Fetched page 9 from https://businessmediums.com/wp-json/wp/v2/media?page=9&per_page=100
2026-06-04 18:01:54,307 - INFO - Fetched page 6 from https://cxomatters.com/wp-json/wp/v2/media?page=6&per_page=100
2026-06-04 18:01:54,334 - INFO - Fetched page 6 from https://techmasternode.com/wp-json/wp/v2/media?page=6&per_page=100
2026-06-04 18:01:54,340 - INFO - Fetched page 6 from https://techmasternode.com/wp-json/wp/v2/media?page=6&per_page=100
2026-06-04 18:01:54,548 - INFO - Fetched page 6 from https://thegrowthinsights.com/wp-json/wp/v2/media?page=6&per_page=100
2026-06-04 18:01:54,652 - INFO - Fetched page 6 from https://cxomatters.com/wp-json/wp/v2/media?page=6&per_page=100
2026-06-04 18:01:54,661 - INFO - Fetched page 2 from https://techwebtrends.com/wp-json/wp/v2/pages?page=2&per_page=100
2026-06-04 18:01:54,732 - INFO - Fetched page 6 from https://thegrowthinsights.com/wp-json/wp/v2/media?page=6&per_page=100
2026-06-04 18:01:54,818 - INFO - Fetched page 5 from https://techwebtrends.com/wp-json/wp/v2/media?page=5&per_page=100
2026-06-04 18:01:54,961 - INFO - Fetched page 1 from https://worldbusinesshour.com/wp-json/wp/v2/resources?page=1&per_page=100
2026-06-04 18:01:54,976 - INFO - Fetched page 1 from https://worldbusinesshour.com/wp-json/wp/v2/resources?page=1&per_page=100
2026-06-04 18:01:54,986 - INFO - Fetched page 10 from https://businessmediums.com/wp-json/wp/v2/media?page=10&per_page=100
2026-06-04 18:01:55,137 - INFO - Fetched page 7 from https://techmasternode.com/wp-json/wp/v2/media?page=7&per_page=100
2026-06-04 18:01:55,448 - INFO - Fetched page 10 from https://businessmediums.com/wp-json/wp/v2/media?page=10&per_page=100
2026-06-04 18:01:55,504 - INFO - Fetched page 7 from https://cxomatters.com/wp-json/wp/v2/media?page=7&per_page=100
2026-06-04 18:01:55,514 - INFO - Fetched page 7 from https://techmasternode.com/wp-json/wp/v2/media?page=7&per_page=100
2026-06-04 18:01:55,519 - INFO - Fetched page 6 from https://techwebtrends.com/wp-json/wp/v2/media?page=6&per_page=100
2026-06-04 18:01:55,523 - INFO - Fetched page 7 from https://thegrowthinsights.com/wp-json/wp/v2/media?page=7&per_page=100
2026-06-04 18:01:55,531 - INFO - Fetched page 7 from https://thegrowthinsights.com/wp-json/wp/v2/media?page=7&per_page=100
2026-06-04 18:01:55,561 - INFO - No more pages: https://worldbusinesshour.com/wp-json/wp/v2/resources?page=2&per_page=100
2026-06-04 18:01:55,587 - INFO - No more pages: https://worldbusinesshour.com/wp-json/wp/v2/resources?page=2&per_page=100
2026-06-04 18:01:55,608 - INFO - No more pages: https://techwebtrends.com/wp-json/wp/v2/pages?page=3&per_page=100
2026-06-04 18:01:55,722 - INFO - Fetched page 7 from https://cxomatters.com/wp-json/wp/v2/media?page=7&per_page=100
2026-06-04 18:01:56,036 - INFO - No more pages: https://techmasternode.com/wp-json/wp/v2/media?page=8&per_page=100
2026-06-04 18:01:56,131 - INFO - Fetched page 11 from https://businessmediums.com/wp-json/wp/v2/media?page=11&per_page=100
2026-06-04 18:01:56,161 - INFO - No more pages: https://techmasternode.com/wp-json/wp/v2/media?page=8&per_page=100
2026-06-04 18:01:56,227 - INFO - Fetched page 7 from https://techwebtrends.com/wp-json/wp/v2/media?page=7&per_page=100
2026-06-04 18:01:56,294 - INFO - No more pages: https://thegrowthinsights.com/wp-json/wp/v2/media?page=8&per_page=100
2026-06-04 18:01:56,297 - INFO - No more pages: https://thegrowthinsights.com/wp-json/wp/v2/media?page=8&per_page=100
2026-06-04 18:01:56,533 - INFO - Fetched page 11 from https://businessmediums.com/wp-json/wp/v2/media?page=11&per_page=100
2026-06-04 18:01:56,542 - INFO - Fetched page 8 from https://cxomatters.com/wp-json/wp/v2/media?page=8&per_page=100
2026-06-04 18:01:56,677 - INFO - Fetched page 8 from https://cxomatters.com/wp-json/wp/v2/media?page=8&per_page=100
2026-06-04 18:01:57,264 - INFO - Fetched page 12 from https://businessmediums.com/wp-json/wp/v2/media?page=12&per_page=100
2026-06-04 18:01:57,334 - INFO - Fetched page 8 from https://techwebtrends.com/wp-json/wp/v2/media?page=8&per_page=100
2026-06-04 18:01:57,449 - INFO - Fetched page 9 from https://cxomatters.com/wp-json/wp/v2/media?page=9&per_page=100
2026-06-04 18:01:57,597 - INFO - Fetched page 12 from https://businessmediums.com/wp-json/wp/v2/media?page=12&per_page=100
2026-06-04 18:01:57,622 - INFO - Fetched page 1 from https://techwebtrends.com/wp-json/wp/v2/media?page=1&per_page=100
2026-06-04 18:01:57,699 - INFO - Fetched page 1 from https://techmasternode.com/wp-json/wp/v2/resources?page=1&per_page=100
2026-06-04 18:01:57,744 - INFO - Fetched page 1 from https://techmasternode.com/wp-json/wp/v2/resources?page=1&per_page=100
2026-06-04 18:01:57,797 - INFO - Fetched page 1 from https://thegrowthinsights.com/wp-json/wp/v2/resources?page=1&per_page=100
2026-06-04 18:01:57,810 - INFO - Fetched page 9 from https://cxomatters.com/wp-json/wp/v2/media?page=9&per_page=100
2026-06-04 18:01:57,823 - INFO - Fetched page 1 from https://thegrowthinsights.com/wp-json/wp/v2/resources?page=1&per_page=100
2026-06-04 18:01:58,009 - INFO - Fetched page 9 from https://techwebtrends.com/wp-json/wp/v2/media?page=9&per_page=100
2026-06-04 18:01:58,291 - INFO - Fetched page 13 from https://businessmediums.com/wp-json/wp/v2/media?page=13&per_page=100
2026-06-04 18:01:58,295 - INFO - No more pages: https://techmasternode.com/wp-json/wp/v2/resources?page=2&per_page=100
2026-06-04 18:01:58,374 - INFO - No more pages: https://techmasternode.com/wp-json/wp/v2/resources?page=2&per_page=100
2026-06-04 18:01:58,424 - INFO - No more pages: https://thegrowthinsights.com/wp-json/wp/v2/resources?page=2&per_page=100
2026-06-04 18:01:58,468 - INFO - No more pages: https://thegrowthinsights.com/wp-json/wp/v2/resources?page=2&per_page=100
2026-06-04 18:01:58,495 - INFO - Fetched page 10 from https://cxomatters.com/wp-json/wp/v2/media?page=10&per_page=100
2026-06-04 18:01:58,573 - INFO - Fetched page 10 from https://techwebtrends.com/wp-json/wp/v2/media?page=10&per_page=100
2026-06-04 18:01:58,590 - INFO - Fetched page 13 from https://businessmediums.com/wp-json/wp/v2/media?page=13&per_page=100
2026-06-04 18:01:58,781 - INFO - Fetched page 2 from https://techwebtrends.com/wp-json/wp/v2/media?page=2&per_page=100
2026-06-04 18:01:58,848 - INFO - Fetched page 10 from https://cxomatters.com/wp-json/wp/v2/media?page=10&per_page=100
2026-06-04 18:01:59,114 - INFO - No more pages: https://techwebtrends.com/wp-json/wp/v2/media?page=11&per_page=100
2026-06-04 18:01:59,284 - INFO - Fetched page 14 from https://businessmediums.com/wp-json/wp/v2/media?page=14&per_page=100
2026-06-04 18:01:59,934 - INFO - Fetched page 11 from https://cxomatters.com/wp-json/wp/v2/media?page=11&per_page=100
2026-06-04 18:01:59,935 - INFO - Fetched page 11 from https://cxomatters.com/wp-json/wp/v2/media?page=11&per_page=100
2026-06-04 18:01:59,973 - INFO - Fetched page 14 from https://businessmediums.com/wp-json/wp/v2/media?page=14&per_page=100
2026-06-04 18:02:00,028 - INFO - Fetched page 3 from https://techwebtrends.com/wp-json/wp/v2/media?page=3&per_page=100
2026-06-04 18:02:00,642 - INFO - No more pages: https://businessmediums.com/wp-json/wp/v2/media?page=15&per_page=100
2026-06-04 18:02:00,644 - INFO - No more pages: https://businessmediums.com/wp-json/wp/v2/media?page=15&per_page=100
2026-06-04 18:02:00,659 - INFO - Fetched page 12 from https://cxomatters.com/wp-json/wp/v2/media?page=12&per_page=100
2026-06-04 18:02:00,687 - INFO - Fetched page 1 from https://techwebtrends.com/wp-json/wp/v2/resources?page=1&per_page=100
2026-06-04 18:02:00,971 - INFO - Fetched page 12 from https://cxomatters.com/wp-json/wp/v2/media?page=12&per_page=100
2026-06-04 18:02:01,256 - INFO - No more pages: https://techwebtrends.com/wp-json/wp/v2/resources?page=2&per_page=100
2026-06-04 18:02:01,294 - INFO - No more pages: https://cxomatters.com/wp-json/wp/v2/media?page=13&per_page=100
2026-06-04 18:02:01,362 - INFO - Fetched page 4 from https://techwebtrends.com/wp-json/wp/v2/media?page=4&per_page=100
2026-06-04 18:02:01,672 - INFO - No more pages: https://cxomatters.com/wp-json/wp/v2/media?page=13&per_page=100
2026-06-04 18:02:02,153 - INFO - Fetched page 1 from https://businessmediums.com/wp-json/wp/v2/resources?page=1&per_page=100
2026-06-04 18:02:02,170 - INFO - Fetched page 1 from https://businessmediums.com/wp-json/wp/v2/resources?page=1&per_page=100
2026-06-04 18:02:02,592 - INFO - Fetched page 5 from https://techwebtrends.com/wp-json/wp/v2/media?page=5&per_page=100
2026-06-04 18:02:02,764 - INFO - No more pages: https://businessmediums.com/wp-json/wp/v2/resources?page=2&per_page=100
2026-06-04 18:02:02,997 - INFO - No more pages: https://businessmediums.com/wp-json/wp/v2/resources?page=2&per_page=100
2026-06-04 18:02:03,025 - INFO - Fetched page 1 from https://cxomatters.com/wp-json/wp/v2/resources?page=1&per_page=100
2026-06-04 18:02:03,201 - INFO - Fetched page 1 from https://cxomatters.com/wp-json/wp/v2/resources?page=1&per_page=100
2026-06-04 18:02:03,717 - INFO - No more pages: https://cxomatters.com/wp-json/wp/v2/resources?page=2&per_page=100
2026-06-04 18:02:03,755 - INFO - Fetched page 6 from https://techwebtrends.com/wp-json/wp/v2/media?page=6&per_page=100
2026-06-04 18:02:03,812 - INFO - No more pages: https://cxomatters.com/wp-json/wp/v2/resources?page=2&per_page=100
2026-06-04 18:02:04,743 - INFO - Fetched page 7 from https://techwebtrends.com/wp-json/wp/v2/media?page=7&per_page=100
2026-06-04 18:02:07,201 - INFO - Fetched page 8 from https://techwebtrends.com/wp-json/wp/v2/media?page=8&per_page=100
2026-06-04 18:02:08,224 - INFO - Fetched page 9 from https://techwebtrends.com/wp-json/wp/v2/media?page=9&per_page=100
2026-06-04 18:02:09,553 - INFO - Fetched page 10 from https://techwebtrends.com/wp-json/wp/v2/media?page=10&per_page=100
2026-06-04 18:02:10,165 - INFO - No more pages: https://techwebtrends.com/wp-json/wp/v2/media?page=11&per_page=100
2026-06-04 18:02:13,261 - INFO - Fetched page 1 from https://techwebtrends.com/wp-json/wp/v2/resources?page=1&per_page=100
2026-06-04 18:02:13,863 - INFO - No more pages: https://techwebtrends.com/wp-json/wp/v2/resources?page=2&per_page=100
2026-06-04 18:12:21,247 - INFO - Fetched page 1 from https://cxomatters.com/wp-json/wp/v2/posts?page=1&per_page=100
2026-06-04 18:12:21,448 - INFO - Fetched page 1 from https://businessmediums.com/wp-json/wp/v2/posts?page=1&per_page=100
2026-06-04 18:12:21,544 - INFO - Fetched page 1 from https://techmasternode.com/wp-json/wp/v2/posts?page=1&per_page=100
2026-06-04 18:12:21,585 - INFO - Fetched page 1 from https://worldbusinesshour.com/wp-json/wp/v2/posts?page=1&per_page=100
2026-06-04 18:12:21,767 - INFO - Fetched page 1 from https://techwebtrends.com/wp-json/wp/v2/posts?page=1&per_page=100
2026-06-04 18:12:22,098 - INFO - No more pages: https://businessmediums.com/wp-json/wp/v2/posts?page=2&per_page=100
2026-06-04 18:12:22,175 - INFO - Fetched page 1 from https://thegrowthinsights.com/wp-json/wp/v2/posts?page=1&per_page=100
2026-06-04 18:12:22,636 - INFO - Fetched page 2 from https://worldbusinesshour.com/wp-json/wp/v2/posts?page=2&per_page=100
2026-06-04 18:12:23,090 - INFO - Fetched page 2 from https://cxomatters.com/wp-json/wp/v2/posts?page=2&per_page=100
2026-06-04 18:12:23,348 - INFO - No more pages: https://worldbusinesshour.com/wp-json/wp/v2/posts?page=3&per_page=100
2026-06-04 18:12:23,397 - INFO - Fetched page 1 from https://businessmediums.com/wp-json/wp/v2/pages?page=1&per_page=100
2026-06-04 18:12:23,455 - INFO - Fetched page 2 from https://techmasternode.com/wp-json/wp/v2/posts?page=2&per_page=100
2026-06-04 18:12:23,489 - INFO - Fetched page 2 from https://techwebtrends.com/wp-json/wp/v2/posts?page=2&per_page=100
2026-06-04 18:12:23,772 - INFO - Fetched page 3 from https://cxomatters.com/wp-json/wp/v2/posts?page=3&per_page=100
2026-06-04 18:12:23,862 - INFO - Fetched page 2 from https://thegrowthinsights.com/wp-json/wp/v2/posts?page=2&per_page=100
2026-06-04 18:12:24,475 - INFO - No more pages: https://cxomatters.com/wp-json/wp/v2/posts?page=4&per_page=100
2026-06-04 18:12:24,500 - INFO - No more pages: https://thegrowthinsights.com/wp-json/wp/v2/posts?page=3&per_page=100
2026-06-04 18:12:24,678 - INFO - Fetched page 3 from https://techmasternode.com/wp-json/wp/v2/posts?page=3&per_page=100
2026-06-04 18:12:25,214 - INFO - No more pages: https://techmasternode.com/wp-json/wp/v2/posts?page=4&per_page=100
2026-06-04 18:12:25,376 - INFO - Fetched page 3 from https://techwebtrends.com/wp-json/wp/v2/posts?page=3&per_page=100
2026-06-04 18:12:25,621 - INFO - Fetched page 1 from https://cxomatters.com/wp-json/wp/v2/pages?page=1&per_page=100
2026-06-04 18:12:25,791 - INFO - Fetched page 1 from https://worldbusinesshour.com/wp-json/wp/v2/pages?page=1&per_page=100
2026-06-04 18:12:26,011 - INFO - Fetched page 4 from https://techwebtrends.com/wp-json/wp/v2/posts?page=4&per_page=100
2026-06-04 18:12:26,018 - INFO - Fetched page 1 from https://thegrowthinsights.com/wp-json/wp/v2/pages?page=1&per_page=100
2026-06-04 18:12:26,056 - INFO - Fetched page 2 from https://businessmediums.com/wp-json/wp/v2/pages?page=2&per_page=100
2026-06-04 18:12:27,603 - INFO - No more pages: https://businessmediums.com/wp-json/wp/v2/pages?page=3&per_page=100
2026-06-04 18:12:27,603 - INFO - No more pages: https://thegrowthinsights.com/wp-json/wp/v2/pages?page=2&per_page=100
2026-06-04 18:12:28,109 - INFO - No more pages: https://worldbusinesshour.com/wp-json/wp/v2/pages?page=2&per_page=100
2026-06-04 18:12:28,242 - INFO - Fetched page 2 from https://cxomatters.com/wp-json/wp/v2/pages?page=2&per_page=100
2026-06-04 18:12:28,288 - INFO - No more pages: https://techwebtrends.com/wp-json/wp/v2/posts?page=5&per_page=100
2026-06-04 18:12:28,351 - INFO - Fetched page 1 from https://techmasternode.com/wp-json/wp/v2/pages?page=1&per_page=100
2026-06-04 18:12:28,677 - INFO - Fetched page 1 from https://businessmediums.com/wp-json/wp/v2/media?page=1&per_page=100
2026-06-04 18:12:28,901 - INFO - No more pages: https://techmasternode.com/wp-json/wp/v2/pages?page=2&per_page=100
2026-06-04 18:12:29,131 - INFO - Fetched page 1 from https://worldbusinesshour.com/wp-json/wp/v2/media?page=1&per_page=100
2026-06-04 18:12:29,312 - INFO - Fetched page 1 from https://thegrowthinsights.com/wp-json/wp/v2/media?page=1&per_page=100
2026-06-04 18:12:29,429 - INFO - Fetched page 1 from https://techwebtrends.com/wp-json/wp/v2/pages?page=1&per_page=100
2026-06-04 18:12:29,601 - INFO - Fetched page 3 from https://cxomatters.com/wp-json/wp/v2/pages?page=3&per_page=100
2026-06-04 18:12:29,781 - INFO - Fetched page 2 from https://businessmediums.com/wp-json/wp/v2/media?page=2&per_page=100
2026-06-04 18:12:30,211 - INFO - No more pages: https://cxomatters.com/wp-json/wp/v2/pages?page=4&per_page=100
2026-06-04 18:12:30,251 - INFO - Fetched page 2 from https://worldbusinesshour.com/wp-json/wp/v2/media?page=2&per_page=100
2026-06-04 18:12:30,252 - INFO - Fetched page 1 from https://techmasternode.com/wp-json/wp/v2/media?page=1&per_page=100
2026-06-04 18:12:30,778 - INFO - Fetched page 3 from https://businessmediums.com/wp-json/wp/v2/media?page=3&per_page=100
2026-06-04 18:12:31,035 - INFO - Fetched page 2 from https://thegrowthinsights.com/wp-json/wp/v2/media?page=2&per_page=100
2026-06-04 18:12:31,124 - INFO - Fetched page 1 from https://cxomatters.com/wp-json/wp/v2/posts?page=1&per_page=100
2026-06-04 18:12:31,289 - INFO - Fetched page 3 from https://worldbusinesshour.com/wp-json/wp/v2/media?page=3&per_page=100
2026-06-04 18:12:31,309 - INFO - Fetched page 1 from https://techwebtrends.com/wp-json/wp/v2/posts?page=1&per_page=100
2026-06-04 18:12:31,339 - INFO - Fetched page 2 from https://techmasternode.com/wp-json/wp/v2/media?page=2&per_page=100
2026-06-04 18:12:31,341 - INFO - Fetched page 1 from https://businessmediums.com/wp-json/wp/v2/posts?page=1&per_page=100
2026-06-04 18:12:31,383 - INFO - Fetched page 1 from https://techmasternode.com/wp-json/wp/v2/posts?page=1&per_page=100
2026-06-04 18:12:31,436 - INFO - Fetched page 1 from https://worldbusinesshour.com/wp-json/wp/v2/posts?page=1&per_page=100
2026-06-04 18:12:31,476 - INFO - Fetched page 1 from https://thegrowthinsights.com/wp-json/wp/v2/posts?page=1&per_page=100
2026-06-04 18:12:31,770 - INFO - Fetched page 1 from https://cxomatters.com/wp-json/wp/v2/media?page=1&per_page=100
2026-06-04 18:12:31,807 - INFO - Fetched page 4 from https://businessmediums.com/wp-json/wp/v2/media?page=4&per_page=100
2026-06-04 18:12:31,958 - INFO - Fetched page 2 from https://techwebtrends.com/wp-json/wp/v2/pages?page=2&per_page=100
2026-06-04 18:12:32,003 - INFO - No more pages: https://businessmediums.com/wp-json/wp/v2/posts?page=2&per_page=100
2026-06-04 18:12:32,036 - INFO - Fetched page 4 from https://worldbusinesshour.com/wp-json/wp/v2/media?page=4&per_page=100
2026-06-04 18:12:32,479 - INFO - Fetched page 3 from https://techmasternode.com/wp-json/wp/v2/media?page=3&per_page=100
2026-06-04 18:12:32,501 - INFO - No more pages: https://techwebtrends.com/wp-json/wp/v2/pages?page=3&per_page=100
2026-06-04 18:12:32,512 - INFO - Fetched page 2 from https://worldbusinesshour.com/wp-json/wp/v2/posts?page=2&per_page=100
2026-06-04 18:12:32,553 - INFO - Fetched page 2 from https://cxomatters.com/wp-json/wp/v2/posts?page=2&per_page=100
2026-06-04 18:12:32,553 - INFO - Fetched page 5 from https://businessmediums.com/wp-json/wp/v2/media?page=5&per_page=100
2026-06-04 18:12:32,709 - INFO - Fetched page 3 from https://thegrowthinsights.com/wp-json/wp/v2/media?page=3&per_page=100
2026-06-04 18:12:32,813 - INFO - Fetched page 2 from https://cxomatters.com/wp-json/wp/v2/media?page=2&per_page=100
2026-06-04 18:12:33,079 - INFO - Fetched page 5 from https://worldbusinesshour.com/wp-json/wp/v2/media?page=5&per_page=100
2026-06-04 18:12:33,151 - INFO - Fetched page 2 from https://thegrowthinsights.com/wp-json/wp/v2/posts?page=2&per_page=100
2026-06-04 18:12:33,153 - INFO - No more pages: https://worldbusinesshour.com/wp-json/wp/v2/posts?page=3&per_page=100
2026-06-04 18:12:33,199 - INFO - Fetched page 2 from https://techwebtrends.com/wp-json/wp/v2/posts?page=2&per_page=100
2026-06-04 18:12:33,236 - INFO - Fetched page 2 from https://techmasternode.com/wp-json/wp/v2/posts?page=2&per_page=100
2026-06-04 18:12:33,293 - INFO - Fetched page 1 from https://businessmediums.com/wp-json/wp/v2/pages?page=1&per_page=100
2026-06-04 18:12:33,303 - INFO - Fetched page 3 from https://cxomatters.com/wp-json/wp/v2/posts?page=3&per_page=100
2026-06-04 18:12:33,327 - INFO - Fetched page 6 from https://businessmediums.com/wp-json/wp/v2/media?page=6&per_page=100
2026-06-04 18:12:33,480 - INFO - Fetched page 4 from https://techmasternode.com/wp-json/wp/v2/media?page=4&per_page=100
2026-06-04 18:12:33,546 - INFO - Fetched page 1 from https://techwebtrends.com/wp-json/wp/v2/media?page=1&per_page=100
2026-06-04 18:12:33,896 - INFO - No more pages: https://thegrowthinsights.com/wp-json/wp/v2/posts?page=3&per_page=100
2026-06-04 18:12:33,898 - INFO - No more pages: https://cxomatters.com/wp-json/wp/v2/posts?page=4&per_page=100
2026-06-04 18:12:33,909 - INFO - Fetched page 3 from https://cxomatters.com/wp-json/wp/v2/media?page=3&per_page=100
2026-06-04 18:12:33,955 - INFO - Fetched page 3 from https://techmasternode.com/wp-json/wp/v2/posts?page=3&per_page=100
2026-06-04 18:12:34,156 - INFO - Fetched page 4 from https://thegrowthinsights.com/wp-json/wp/v2/media?page=4&per_page=100
2026-06-04 18:12:34,170 - INFO - Fetched page 6 from https://worldbusinesshour.com/wp-json/wp/v2/media?page=6&per_page=100
2026-06-04 18:12:34,203 - INFO - Fetched page 5 from https://techmasternode.com/wp-json/wp/v2/media?page=5&per_page=100
2026-06-04 18:12:34,331 - INFO - Fetched page 7 from https://businessmediums.com/wp-json/wp/v2/media?page=7&per_page=100
2026-06-04 18:12:34,470 - INFO - No more pages: https://techmasternode.com/wp-json/wp/v2/posts?page=4&per_page=100
2026-06-04 18:12:34,541 - INFO - Fetched page 2 from https://techwebtrends.com/wp-json/wp/v2/media?page=2&per_page=100
2026-06-04 18:12:34,826 - INFO - Fetched page 7 from https://worldbusinesshour.com/wp-json/wp/v2/media?page=7&per_page=100
2026-06-04 18:12:34,869 - INFO - Fetched page 3 from https://techwebtrends.com/wp-json/wp/v2/posts?page=3&per_page=100
2026-06-04 18:12:35,029 - INFO - Fetched page 8 from https://businessmediums.com/wp-json/wp/v2/media?page=8&per_page=100
2026-06-04 18:12:35,050 - INFO - Fetched page 4 from https://cxomatters.com/wp-json/wp/v2/media?page=4&per_page=100
2026-06-04 18:12:35,086 - INFO - Fetched page 1 from https://cxomatters.com/wp-json/wp/v2/pages?page=1&per_page=100
2026-06-04 18:12:35,276 - INFO - Fetched page 6 from https://techmasternode.com/wp-json/wp/v2/media?page=6&per_page=100
2026-06-04 18:12:35,303 - INFO - Fetched page 1 from https://thegrowthinsights.com/wp-json/wp/v2/pages?page=1&per_page=100
2026-06-04 18:12:35,404 - INFO - No more pages: https://worldbusinesshour.com/wp-json/wp/v2/media?page=8&per_page=100
2026-06-04 18:12:35,432 - INFO - Fetched page 4 from https://techwebtrends.com/wp-json/wp/v2/posts?page=4&per_page=100
2026-06-04 18:12:35,445 - INFO - Fetched page 5 from https://thegrowthinsights.com/wp-json/wp/v2/media?page=5&per_page=100
2026-06-04 18:12:35,519 - INFO - Fetched page 3 from https://techwebtrends.com/wp-json/wp/v2/media?page=3&per_page=100
2026-06-04 18:12:35,644 - INFO - Fetched page 2 from https://businessmediums.com/wp-json/wp/v2/pages?page=2&per_page=100
2026-06-04 18:12:35,729 - INFO - Fetched page 9 from https://businessmediums.com/wp-json/wp/v2/media?page=9&per_page=100
2026-06-04 18:12:35,785 - INFO - Fetched page 1 from https://worldbusinesshour.com/wp-json/wp/v2/pages?page=1&per_page=100
2026-06-04 18:12:35,974 - INFO - No more pages: https://thegrowthinsights.com/wp-json/wp/v2/pages?page=2&per_page=100
2026-06-04 18:12:35,990 - INFO - Fetched page 1 from https://techmasternode.com/wp-json/wp/v2/pages?page=1&per_page=100
2026-06-04 18:12:35,996 - INFO - Fetched page 7 from https://techmasternode.com/wp-json/wp/v2/media?page=7&per_page=100
2026-06-04 18:12:36,009 - INFO - No more pages: https://techwebtrends.com/wp-json/wp/v2/posts?page=5&per_page=100
2026-06-04 18:12:36,122 - INFO - Fetched page 5 from https://cxomatters.com/wp-json/wp/v2/media?page=5&per_page=100
2026-06-04 18:12:36,222 - INFO - Fetched page 4 from https://techwebtrends.com/wp-json/wp/v2/media?page=4&per_page=100
2026-06-04 18:12:36,284 - INFO - Fetched page 2 from https://cxomatters.com/wp-json/wp/v2/pages?page=2&per_page=100
2026-06-04 18:12:36,413 - INFO - No more pages: https://worldbusinesshour.com/wp-json/wp/v2/pages?page=2&per_page=100
2026-06-04 18:12:36,419 - INFO - No more pages: https://businessmediums.com/wp-json/wp/v2/pages?page=3&per_page=100
2026-06-04 18:12:36,586 - INFO - No more pages: https://techmasternode.com/wp-json/wp/v2/pages?page=2&per_page=100
2026-06-04 18:12:36,587 - INFO - No more pages: https://techmasternode.com/wp-json/wp/v2/media?page=8&per_page=100
2026-06-04 18:12:36,619 - INFO - Fetched page 6 from https://thegrowthinsights.com/wp-json/wp/v2/media?page=6&per_page=100
2026-06-04 18:12:36,721 - INFO - Fetched page 10 from https://businessmediums.com/wp-json/wp/v2/media?page=10&per_page=100
2026-06-04 18:12:36,993 - INFO - Fetched page 1 from https://worldbusinesshour.com/wp-json/wp/v2/resources?page=1&per_page=100
2026-06-04 18:12:37,144 - INFO - Fetched page 6 from https://cxomatters.com/wp-json/wp/v2/media?page=6&per_page=100
2026-06-04 18:12:37,191 - INFO - Fetched page 1 from https://techwebtrends.com/wp-json/wp/v2/pages?page=1&per_page=100
2026-06-04 18:12:37,220 - INFO - Fetched page 5 from https://techwebtrends.com/wp-json/wp/v2/media?page=5&per_page=100
2026-06-04 18:12:37,458 - INFO - Fetched page 1 from https://businessmediums.com/wp-json/wp/v2/media?page=1&per_page=100
2026-06-04 18:12:37,481 - INFO - Fetched page 3 from https://cxomatters.com/wp-json/wp/v2/pages?page=3&per_page=100
2026-06-04 18:12:37,494 - INFO - Fetched page 1 from https://worldbusinesshour.com/wp-json/wp/v2/media?page=1&per_page=100
2026-06-04 18:12:37,622 - INFO - No more pages: https://worldbusinesshour.com/wp-json/wp/v2/resources?page=2&per_page=100
2026-06-04 18:12:37,635 - INFO - Fetched page 7 from https://thegrowthinsights.com/wp-json/wp/v2/media?page=7&per_page=100
2026-06-04 18:12:37,709 - INFO - Fetched page 11 from https://businessmediums.com/wp-json/wp/v2/media?page=11&per_page=100
2026-06-04 18:12:37,734 - INFO - Fetched page 1 from https://thegrowthinsights.com/wp-json/wp/v2/media?page=1&per_page=100
2026-06-04 18:12:37,879 - INFO - Fetched page 6 from https://techwebtrends.com/wp-json/wp/v2/media?page=6&per_page=100
2026-06-04 18:12:37,946 - INFO - Fetched page 1 from https://techmasternode.com/wp-json/wp/v2/media?page=1&per_page=100
2026-06-04 18:12:38,077 - INFO - No more pages: https://cxomatters.com/wp-json/wp/v2/pages?page=4&per_page=100
2026-06-04 18:12:38,091 - INFO - Fetched page 1 from https://techmasternode.com/wp-json/wp/v2/resources?page=1&per_page=100
2026-06-04 18:12:38,275 - INFO - No more pages: https://thegrowthinsights.com/wp-json/wp/v2/media?page=8&per_page=100
2026-06-04 18:12:38,291 - INFO - Fetched page 7 from https://cxomatters.com/wp-json/wp/v2/media?page=7&per_page=100
2026-06-04 18:12:38,461 - INFO - Fetched page 2 from https://businessmediums.com/wp-json/wp/v2/media?page=2&per_page=100
2026-06-04 18:12:39,119 - INFO - Fetched page 8 from https://cxomatters.com/wp-json/wp/v2/media?page=8&per_page=100
2026-06-04 18:12:39,174 - INFO - Fetched page 2 from https://techmasternode.com/wp-json/wp/v2/media?page=2&per_page=100
2026-06-04 18:12:39,206 - INFO - No more pages: https://techmasternode.com/wp-json/wp/v2/resources?page=2&per_page=100
2026-06-04 18:12:39,212 - INFO - Fetched page 12 from https://businessmediums.com/wp-json/wp/v2/media?page=12&per_page=100
2026-06-04 18:12:39,225 - INFO - Fetched page 1 from https://cxomatters.com/wp-json/wp/v2/media?page=1&per_page=100
2026-06-04 18:12:39,257 - INFO - Fetched page 7 from https://techwebtrends.com/wp-json/wp/v2/media?page=7&per_page=100
2026-06-04 18:12:39,316 - INFO - Fetched page 2 from https://worldbusinesshour.com/wp-json/wp/v2/media?page=2&per_page=100
2026-06-04 18:12:39,478 - INFO - Fetched page 2 from https://thegrowthinsights.com/wp-json/wp/v2/media?page=2&per_page=100
2026-06-04 18:12:39,748 - INFO - Fetched page 2 from https://techwebtrends.com/wp-json/wp/v2/pages?page=2&per_page=100
2026-06-04 18:12:39,751 - INFO - Fetched page 1 from https://thegrowthinsights.com/wp-json/wp/v2/resources?page=1&per_page=100
2026-06-04 18:12:40,035 - INFO - Fetched page 9 from https://cxomatters.com/wp-json/wp/v2/media?page=9&per_page=100
2026-06-04 18:12:40,181 - INFO - Fetched page 8 from https://techwebtrends.com/wp-json/wp/v2/media?page=8&per_page=100
2026-06-04 18:12:40,241 - INFO - Fetched page 13 from https://businessmediums.com/wp-json/wp/v2/media?page=13&per_page=100
2026-06-04 18:12:40,273 - INFO - No more pages: https://techwebtrends.com/wp-json/wp/v2/pages?page=3&per_page=100
2026-06-04 18:12:40,344 - INFO - Fetched page 2 from https://cxomatters.com/wp-json/wp/v2/media?page=2&per_page=100
2026-06-04 18:12:40,354 - INFO - No more pages: https://thegrowthinsights.com/wp-json/wp/v2/resources?page=2&per_page=100
2026-06-04 18:12:40,360 - INFO - Fetched page 3 from https://worldbusinesshour.com/wp-json/wp/v2/media?page=3&per_page=100
2026-06-04 18:12:40,501 - INFO - Fetched page 3 from https://techmasternode.com/wp-json/wp/v2/media?page=3&per_page=100
2026-06-04 18:12:40,513 - INFO - Fetched page 3 from https://businessmediums.com/wp-json/wp/v2/media?page=3&per_page=100
2026-06-04 18:12:41,068 - INFO - Fetched page 9 from https://techwebtrends.com/wp-json/wp/v2/media?page=9&per_page=100
2026-06-04 18:12:41,094 - INFO - Fetched page 10 from https://cxomatters.com/wp-json/wp/v2/media?page=10&per_page=100
2026-06-04 18:12:41,199 - INFO - Fetched page 3 from https://thegrowthinsights.com/wp-json/wp/v2/media?page=3&per_page=100
2026-06-04 18:12:41,279 - INFO - Fetched page 14 from https://businessmediums.com/wp-json/wp/v2/media?page=14&per_page=100
2026-06-04 18:12:41,331 - INFO - Fetched page 1 from https://techwebtrends.com/wp-json/wp/v2/media?page=1&per_page=100
2026-06-04 18:12:41,398 - INFO - Fetched page 3 from https://cxomatters.com/wp-json/wp/v2/media?page=3&per_page=100
2026-06-04 18:12:41,481 - INFO - Fetched page 4 from https://worldbusinesshour.com/wp-json/wp/v2/media?page=4&per_page=100
2026-06-04 18:12:41,495 - INFO - Fetched page 4 from https://businessmediums.com/wp-json/wp/v2/media?page=4&per_page=100
2026-06-04 18:12:41,566 - INFO - Fetched page 4 from https://techmasternode.com/wp-json/wp/v2/media?page=4&per_page=100
2026-06-04 18:12:41,653 - INFO - Fetched page 10 from https://techwebtrends.com/wp-json/wp/v2/media?page=10&per_page=100
2026-06-04 18:12:42,055 - INFO - Fetched page 11 from https://cxomatters.com/wp-json/wp/v2/media?page=11&per_page=100
2026-06-04 18:12:42,056 - INFO - No more pages: https://businessmediums.com/wp-json/wp/v2/media?page=15&per_page=100
2026-06-04 18:12:42,240 - INFO - No more pages: https://techwebtrends.com/wp-json/wp/v2/media?page=11&per_page=100
2026-06-04 18:12:42,419 - INFO - Fetched page 2 from https://techwebtrends.com/wp-json/wp/v2/media?page=2&per_page=100
2026-06-04 18:12:42,454 - INFO - Fetched page 4 from https://cxomatters.com/wp-json/wp/v2/media?page=4&per_page=100
2026-06-04 18:12:42,531 - INFO - Fetched page 5 from https://worldbusinesshour.com/wp-json/wp/v2/media?page=5&per_page=100
2026-06-04 18:12:42,537 - INFO - Fetched page 5 from https://businessmediums.com/wp-json/wp/v2/media?page=5&per_page=100
2026-06-04 18:12:42,550 - INFO - Fetched page 5 from https://techmasternode.com/wp-json/wp/v2/media?page=5&per_page=100
2026-06-04 18:12:42,808 - INFO - Fetched page 12 from https://cxomatters.com/wp-json/wp/v2/media?page=12&per_page=100
2026-06-04 18:12:42,941 - INFO - Fetched page 4 from https://thegrowthinsights.com/wp-json/wp/v2/media?page=4&per_page=100
2026-06-04 18:12:43,421 - INFO - Fetched page 3 from https://techwebtrends.com/wp-json/wp/v2/media?page=3&per_page=100
2026-06-04 18:12:43,445 - INFO - No more pages: https://cxomatters.com/wp-json/wp/v2/media?page=13&per_page=100
2026-06-04 18:12:43,451 - INFO - Fetched page 5 from https://cxomatters.com/wp-json/wp/v2/media?page=5&per_page=100
2026-06-04 18:12:43,462 - INFO - Fetched page 6 from https://businessmediums.com/wp-json/wp/v2/media?page=6&per_page=100
2026-06-04 18:12:43,486 - INFO - Fetched page 1 from https://businessmediums.com/wp-json/wp/v2/resources?page=1&per_page=100
2026-06-04 18:12:43,573 - INFO - Fetched page 6 from https://worldbusinesshour.com/wp-json/wp/v2/media?page=6&per_page=100
2026-06-04 18:12:43,787 - INFO - Fetched page 1 from https://techwebtrends.com/wp-json/wp/v2/resources?page=1&per_page=100
2026-06-04 18:12:43,834 - INFO - Fetched page 6 from https://techmasternode.com/wp-json/wp/v2/media?page=6&per_page=100
2026-06-04 18:12:44,155 - INFO - No more pages: https://businessmediums.com/wp-json/wp/v2/resources?page=2&per_page=100
2026-06-04 18:12:44,165 - INFO - Fetched page 4 from https://techwebtrends.com/wp-json/wp/v2/media?page=4&per_page=100
2026-06-04 18:12:44,193 - INFO - Fetched page 7 from https://worldbusinesshour.com/wp-json/wp/v2/media?page=7&per_page=100
2026-06-04 18:12:44,355 - INFO - No more pages: https://techwebtrends.com/wp-json/wp/v2/resources?page=2&per_page=100
2026-06-04 18:12:44,482 - INFO - Fetched page 5 from https://thegrowthinsights.com/wp-json/wp/v2/media?page=5&per_page=100
2026-06-04 18:12:44,499 - INFO - Fetched page 7 from https://businessmediums.com/wp-json/wp/v2/media?page=7&per_page=100
2026-06-04 18:12:44,515 - INFO - Fetched page 6 from https://cxomatters.com/wp-json/wp/v2/media?page=6&per_page=100
2026-06-04 18:12:44,896 - INFO - Fetched page 7 from https://techmasternode.com/wp-json/wp/v2/media?page=7&per_page=100
2026-06-04 18:12:44,899 - INFO - No more pages: https://worldbusinesshour.com/wp-json/wp/v2/media?page=8&per_page=100
2026-06-04 18:12:44,925 - INFO - Fetched page 1 from https://cxomatters.com/wp-json/wp/v2/resources?page=1&per_page=100
2026-06-04 18:12:45,094 - INFO - Fetched page 5 from https://techwebtrends.com/wp-json/wp/v2/media?page=5&per_page=100
2026-06-04 18:12:45,431 - INFO - No more pages: https://techmasternode.com/wp-json/wp/v2/media?page=8&per_page=100
2026-06-04 18:12:45,520 - INFO - No more pages: https://cxomatters.com/wp-json/wp/v2/resources?page=2&per_page=100
2026-06-04 18:12:45,525 - INFO - Fetched page 8 from https://businessmediums.com/wp-json/wp/v2/media?page=8&per_page=100
2026-06-04 18:12:45,579 - INFO - Fetched page 7 from https://cxomatters.com/wp-json/wp/v2/media?page=7&per_page=100
2026-06-04 18:12:45,632 - INFO - Fetched page 6 from https://thegrowthinsights.com/wp-json/wp/v2/media?page=6&per_page=100
2026-06-04 18:12:46,084 - INFO - Fetched page 6 from https://techwebtrends.com/wp-json/wp/v2/media?page=6&per_page=100
2026-06-04 18:12:46,313 - INFO - Fetched page 1 from https://worldbusinesshour.com/wp-json/wp/v2/resources?page=1&per_page=100
2026-06-04 18:12:46,444 - INFO - Fetched page 9 from https://businessmediums.com/wp-json/wp/v2/media?page=9&per_page=100
2026-06-04 18:12:46,604 - INFO - Fetched page 8 from https://cxomatters.com/wp-json/wp/v2/media?page=8&per_page=100
2026-06-04 18:12:46,662 - INFO - Fetched page 7 from https://thegrowthinsights.com/wp-json/wp/v2/media?page=7&per_page=100
2026-06-04 18:12:46,947 - INFO - Fetched page 1 from https://techmasternode.com/wp-json/wp/v2/resources?page=1&per_page=100
2026-06-04 18:12:46,948 - INFO - No more pages: https://worldbusinesshour.com/wp-json/wp/v2/resources?page=2&per_page=100
2026-06-04 18:12:46,999 - INFO - Fetched page 7 from https://techwebtrends.com/wp-json/wp/v2/media?page=7&per_page=100
2026-06-04 18:12:47,297 - INFO - No more pages: https://thegrowthinsights.com/wp-json/wp/v2/media?page=8&per_page=100
2026-06-04 18:12:47,419 - INFO - Fetched page 10 from https://businessmediums.com/wp-json/wp/v2/media?page=10&per_page=100
2026-06-04 18:12:47,511 - INFO - No more pages: https://techmasternode.com/wp-json/wp/v2/resources?page=2&per_page=100
2026-06-04 18:12:47,588 - INFO - Fetched page 9 from https://cxomatters.com/wp-json/wp/v2/media?page=9&per_page=100
2026-06-04 18:12:47,983 - INFO - Fetched page 8 from https://techwebtrends.com/wp-json/wp/v2/media?page=8&per_page=100
2026-06-04 18:12:48,461 - INFO - Fetched page 11 from https://businessmediums.com/wp-json/wp/v2/media?page=11&per_page=100
2026-06-04 18:12:48,619 - INFO - Fetched page 10 from https://cxomatters.com/wp-json/wp/v2/media?page=10&per_page=100
2026-06-04 18:12:48,772 - INFO - Fetched page 1 from https://thegrowthinsights.com/wp-json/wp/v2/resources?page=1&per_page=100
2026-06-04 18:12:48,896 - INFO - Fetched page 9 from https://techwebtrends.com/wp-json/wp/v2/media?page=9&per_page=100
2026-06-04 18:12:49,399 - INFO - No more pages: https://thegrowthinsights.com/wp-json/wp/v2/resources?page=2&per_page=100
2026-06-04 18:12:49,477 - INFO - Fetched page 12 from https://businessmediums.com/wp-json/wp/v2/media?page=12&per_page=100
2026-06-04 18:12:49,520 - INFO - Fetched page 10 from https://techwebtrends.com/wp-json/wp/v2/media?page=10&per_page=100
2026-06-04 18:12:49,581 - INFO - Fetched page 11 from https://cxomatters.com/wp-json/wp/v2/media?page=11&per_page=100
2026-06-04 18:12:50,073 - INFO - No more pages: https://techwebtrends.com/wp-json/wp/v2/media?page=11&per_page=100
2026-06-04 18:12:50,423 - INFO - Fetched page 13 from https://businessmediums.com/wp-json/wp/v2/media?page=13&per_page=100
2026-06-04 18:12:50,550 - INFO - Fetched page 12 from https://cxomatters.com/wp-json/wp/v2/media?page=12&per_page=100
2026-06-04 18:12:51,184 - INFO - No more pages: https://cxomatters.com/wp-json/wp/v2/media?page=13&per_page=100
2026-06-04 18:12:51,434 - INFO - Fetched page 14 from https://businessmediums.com/wp-json/wp/v2/media?page=14&per_page=100
2026-06-04 18:12:51,520 - INFO - Fetched page 1 from https://techwebtrends.com/wp-json/wp/v2/resources?page=1&per_page=100
2026-06-04 18:12:52,124 - INFO - No more pages: https://businessmediums.com/wp-json/wp/v2/media?page=15&per_page=100
2026-06-04 18:12:52,129 - INFO - No more pages: https://techwebtrends.com/wp-json/wp/v2/resources?page=2&per_page=100
2026-06-04 18:12:52,645 - INFO - Fetched page 1 from https://cxomatters.com/wp-json/wp/v2/resources?page=1&per_page=100
2026-06-04 18:12:53,248 - INFO - No more pages: https://cxomatters.com/wp-json/wp/v2/resources?page=2&per_page=100
2026-06-04 18:12:53,569 - INFO - Fetched page 1 from https://businessmediums.com/wp-json/wp/v2/resources?page=1&per_page=100
2026-06-04 18:12:54,169 - INFO - No more pages: https://businessmediums.com/wp-json/wp/v2/resources?page=2&per_page=100
2026-06-04 18:15:48,537 - INFO - Fetched page 1 from https://cxomatters.com/wp-json/wp/v2/posts?page=1&per_page=100
2026-06-04 18:15:48,631 - INFO - Fetched page 1 from https://techwebtrends.com/wp-json/wp/v2/posts?page=1&per_page=100
2026-06-04 18:15:48,669 - INFO - Fetched page 1 from https://thegrowthinsights.com/wp-json/wp/v2/posts?page=1&per_page=100
2026-06-04 18:15:48,712 - INFO - Fetched page 1 from https://businessmediums.com/wp-json/wp/v2/posts?page=1&per_page=100
2026-06-04 18:15:48,755 - INFO - Fetched page 1 from https://techmasternode.com/wp-json/wp/v2/posts?page=1&per_page=100
2026-06-04 18:15:48,792 - INFO - Fetched page 1 from https://worldbusinesshour.com/wp-json/wp/v2/posts?page=1&per_page=100
2026-06-04 18:15:49,367 - INFO - No more pages: https://businessmediums.com/wp-json/wp/v2/posts?page=2&per_page=100
2026-06-04 18:15:50,018 - INFO - Fetched page 2 from https://worldbusinesshour.com/wp-json/wp/v2/posts?page=2&per_page=100
2026-06-04 18:15:50,250 - INFO - Fetched page 2 from https://cxomatters.com/wp-json/wp/v2/posts?page=2&per_page=100
2026-06-04 18:15:50,284 - INFO - Fetched page 2 from https://techwebtrends.com/wp-json/wp/v2/posts?page=2&per_page=100
2026-06-04 18:15:50,483 - INFO - Fetched page 2 from https://thegrowthinsights.com/wp-json/wp/v2/posts?page=2&per_page=100
2026-06-04 18:15:50,621 - INFO - Fetched page 2 from https://techmasternode.com/wp-json/wp/v2/posts?page=2&per_page=100
2026-06-04 18:15:50,645 - INFO - Fetched page 1 from https://businessmediums.com/wp-json/wp/v2/pages?page=1&per_page=100
2026-06-04 18:15:50,671 - INFO - No more pages: https://worldbusinesshour.com/wp-json/wp/v2/posts?page=3&per_page=100
2026-06-04 18:15:51,123 - INFO - No more pages: https://thegrowthinsights.com/wp-json/wp/v2/posts?page=3&per_page=100
2026-06-04 18:15:51,134 - INFO - Fetched page 3 from https://cxomatters.com/wp-json/wp/v2/posts?page=3&per_page=100
2026-06-04 18:15:51,452 - INFO - Fetched page 3 from https://techmasternode.com/wp-json/wp/v2/posts?page=3&per_page=100
2026-06-04 18:15:51,840 - INFO - No more pages: https://cxomatters.com/wp-json/wp/v2/posts?page=4&per_page=100
2026-06-04 18:15:51,870 - INFO - Fetched page 3 from https://techwebtrends.com/wp-json/wp/v2/posts?page=3&per_page=100
2026-06-04 18:15:52,050 - INFO - No more pages: https://techmasternode.com/wp-json/wp/v2/posts?page=4&per_page=100
2026-06-04 18:15:52,502 - INFO - Fetched page 4 from https://techwebtrends.com/wp-json/wp/v2/posts?page=4&per_page=100
2026-06-04 18:15:52,544 - INFO - Fetched page 1 from https://thegrowthinsights.com/wp-json/wp/v2/pages?page=1&per_page=100
2026-06-04 18:15:52,882 - INFO - Fetched page 2 from https://businessmediums.com/wp-json/wp/v2/pages?page=2&per_page=100
2026-06-04 18:15:53,039 - INFO - Fetched page 1 from https://worldbusinesshour.com/wp-json/wp/v2/pages?page=1&per_page=100
2026-06-04 18:15:53,059 - INFO - Fetched page 1 from https://cxomatters.com/wp-json/wp/v2/pages?page=1&per_page=100
2026-06-04 18:15:53,108 - INFO - No more pages: https://techwebtrends.com/wp-json/wp/v2/posts?page=5&per_page=100
2026-06-04 18:15:53,205 - INFO - No more pages: https://thegrowthinsights.com/wp-json/wp/v2/pages?page=2&per_page=100
2026-06-04 18:15:53,580 - INFO - No more pages: https://businessmediums.com/wp-json/wp/v2/pages?page=3&per_page=100
2026-06-04 18:15:53,607 - INFO - No more pages: https://worldbusinesshour.com/wp-json/wp/v2/pages?page=2&per_page=100
2026-06-04 18:15:53,693 - INFO - Fetched page 1 from https://techmasternode.com/wp-json/wp/v2/pages?page=1&per_page=100
2026-06-04 18:15:54,295 - INFO - No more pages: https://techmasternode.com/wp-json/wp/v2/pages?page=2&per_page=100
2026-06-04 18:15:54,325 - INFO - Fetched page 2 from https://cxomatters.com/wp-json/wp/v2/pages?page=2&per_page=100
2026-06-04 18:15:54,347 - INFO - Fetched page 1 from https://techwebtrends.com/wp-json/wp/v2/pages?page=1&per_page=100
2026-06-04 18:15:54,712 - INFO - Fetched page 1 from https://businessmediums.com/wp-json/wp/v2/media?page=1&per_page=100
2026-06-04 18:15:54,735 - INFO - Fetched page 1 from https://worldbusinesshour.com/wp-json/wp/v2/media?page=1&per_page=100
2026-06-04 18:15:54,943 - INFO - Fetched page 1 from https://thegrowthinsights.com/wp-json/wp/v2/media?page=1&per_page=100
2026-06-04 18:15:55,591 - INFO - Fetched page 3 from https://cxomatters.com/wp-json/wp/v2/pages?page=3&per_page=100
2026-06-04 18:15:55,852 - INFO - Fetched page 2 from https://businessmediums.com/wp-json/wp/v2/media?page=2&per_page=100
2026-06-04 18:15:56,047 - INFO - Fetched page 2 from https://worldbusinesshour.com/wp-json/wp/v2/media?page=2&per_page=100
2026-06-04 18:15:56,212 - INFO - Fetched page 1 from https://techmasternode.com/wp-json/wp/v2/media?page=1&per_page=100
2026-06-04 18:15:56,216 - INFO - No more pages: https://cxomatters.com/wp-json/wp/v2/pages?page=4&per_page=100
2026-06-04 18:15:56,284 - INFO - Fetched page 1 from https://techwebtrends.com/wp-json/wp/v2/posts?page=1&per_page=100
2026-06-04 18:15:56,507 - INFO - Fetched page 1 from https://techmasternode.com/wp-json/wp/v2/posts?page=1&per_page=100
2026-06-04 18:15:56,722 - INFO - Fetched page 2 from https://thegrowthinsights.com/wp-json/wp/v2/media?page=2&per_page=100
2026-06-04 18:15:56,756 - INFO - Fetched page 1 from https://cxomatters.com/wp-json/wp/v2/posts?page=1&per_page=100
2026-06-04 18:15:56,832 - INFO - Fetched page 1 from https://businessmediums.com/wp-json/wp/v2/posts?page=1&per_page=100
2026-06-04 18:15:56,957 - INFO - Fetched page 1 from https://thegrowthinsights.com/wp-json/wp/v2/posts?page=1&per_page=100
2026-06-04 18:15:57,030 - INFO - Fetched page 1 from https://worldbusinesshour.com/wp-json/wp/v2/posts?page=1&per_page=100
2026-06-04 18:15:57,096 - INFO - Fetched page 3 from https://businessmediums.com/wp-json/wp/v2/media?page=3&per_page=100
2026-06-04 18:15:57,129 - INFO - Fetched page 3 from https://worldbusinesshour.com/wp-json/wp/v2/media?page=3&per_page=100
2026-06-04 18:15:57,327 - INFO - Fetched page 2 from https://techmasternode.com/wp-json/wp/v2/media?page=2&per_page=100
2026-06-04 18:15:57,416 - INFO - Fetched page 1 from https://cxomatters.com/wp-json/wp/v2/media?page=1&per_page=100
2026-06-04 18:15:58,050 - INFO - No more pages: https://businessmediums.com/wp-json/wp/v2/posts?page=2&per_page=100
2026-06-04 18:15:58,080 - INFO - Fetched page 2 from https://worldbusinesshour.com/wp-json/wp/v2/posts?page=2&per_page=100
2026-06-04 18:15:58,083 - INFO - Fetched page 2 from https://techwebtrends.com/wp-json/wp/v2/pages?page=2&per_page=100
2026-06-04 18:15:58,118 - INFO - Fetched page 2 from https://techwebtrends.com/wp-json/wp/v2/posts?page=2&per_page=100
2026-06-04 18:15:58,142 - INFO - Fetched page 4 from https://businessmediums.com/wp-json/wp/v2/media?page=4&per_page=100
2026-06-04 18:15:58,349 - INFO - Fetched page 4 from https://worldbusinesshour.com/wp-json/wp/v2/media?page=4&per_page=100
2026-06-04 18:15:58,373 - INFO - Fetched page 3 from https://techmasternode.com/wp-json/wp/v2/media?page=3&per_page=100
2026-06-04 18:15:58,397 - INFO - Fetched page 2 from https://techmasternode.com/wp-json/wp/v2/posts?page=2&per_page=100
2026-06-04 18:15:58,426 - INFO - Fetched page 2 from https://cxomatters.com/wp-json/wp/v2/posts?page=2&per_page=100
2026-06-04 18:15:58,588 - INFO - Fetched page 3 from https://thegrowthinsights.com/wp-json/wp/v2/media?page=3&per_page=100
2026-06-04 18:15:58,655 - INFO - Fetched page 2 from https://thegrowthinsights.com/wp-json/wp/v2/posts?page=2&per_page=100
2026-06-04 18:15:58,673 - INFO - No more pages: https://techwebtrends.com/wp-json/wp/v2/pages?page=3&per_page=100
2026-06-04 18:15:58,711 - INFO - No more pages: https://worldbusinesshour.com/wp-json/wp/v2/posts?page=3&per_page=100
2026-06-04 18:15:59,126 - INFO - Fetched page 3 from https://cxomatters.com/wp-json/wp/v2/posts?page=3&per_page=100
2026-06-04 18:15:59,174 - INFO - Fetched page 5 from https://businessmediums.com/wp-json/wp/v2/media?page=5&per_page=100
2026-06-04 18:15:59,194 - INFO - Fetched page 4 from https://techmasternode.com/wp-json/wp/v2/media?page=4&per_page=100
2026-06-04 18:15:59,288 - INFO - No more pages: https://thegrowthinsights.com/wp-json/wp/v2/posts?page=3&per_page=100
2026-06-04 18:15:59,395 - INFO - Fetched page 1 from https://businessmediums.com/wp-json/wp/v2/pages?page=1&per_page=100
2026-06-04 18:15:59,431 - INFO - Fetched page 5 from https://worldbusinesshour.com/wp-json/wp/v2/media?page=5&per_page=100
2026-06-04 18:15:59,465 - INFO - Fetched page 3 from https://techmasternode.com/wp-json/wp/v2/posts?page=3&per_page=100
2026-06-04 18:15:59,496 - INFO - Fetched page 2 from https://cxomatters.com/wp-json/wp/v2/media?page=2&per_page=100
2026-06-04 18:15:59,826 - INFO - No more pages: https://cxomatters.com/wp-json/wp/v2/posts?page=4&per_page=100
2026-06-04 18:15:59,840 - INFO - Fetched page 1 from https://techwebtrends.com/wp-json/wp/v2/media?page=1&per_page=100
2026-06-04 18:15:59,857 - INFO - Fetched page 3 from https://techwebtrends.com/wp-json/wp/v2/posts?page=3&per_page=100
2026-06-04 18:15:59,943 - INFO - Fetched page 5 from https://techmasternode.com/wp-json/wp/v2/media?page=5&per_page=100
2026-06-04 18:15:59,999 - INFO - No more pages: https://techmasternode.com/wp-json/wp/v2/posts?page=4&per_page=100
2026-06-04 18:16:00,093 - INFO - Fetched page 4 from https://thegrowthinsights.com/wp-json/wp/v2/media?page=4&per_page=100
2026-06-04 18:16:00,231 - INFO - Fetched page 6 from https://businessmediums.com/wp-json/wp/v2/media?page=6&per_page=100
2026-06-04 18:16:00,441 - INFO - Fetched page 4 from https://techwebtrends.com/wp-json/wp/v2/posts?page=4&per_page=100
2026-06-04 18:16:00,449 - INFO - Fetched page 6 from https://worldbusinesshour.com/wp-json/wp/v2/media?page=6&per_page=100
2026-06-04 18:16:00,517 - INFO - Fetched page 3 from https://cxomatters.com/wp-json/wp/v2/media?page=3&per_page=100
2026-06-04 18:16:00,650 - INFO - Fetched page 1 from https://thegrowthinsights.com/wp-json/wp/v2/pages?page=1&per_page=100
2026-06-04 18:16:00,808 - INFO - Fetched page 2 from https://techwebtrends.com/wp-json/wp/v2/media?page=2&per_page=100
2026-06-04 18:16:00,948 - INFO - Fetched page 1 from https://worldbusinesshour.com/wp-json/wp/v2/pages?page=1&per_page=100
2026-06-04 18:16:01,012 - INFO - No more pages: https://techwebtrends.com/wp-json/wp/v2/posts?page=5&per_page=100
2026-06-04 18:16:01,035 - INFO - Fetched page 1 from https://cxomatters.com/wp-json/wp/v2/pages?page=1&per_page=100
2026-06-04 18:16:01,044 - INFO - Fetched page 6 from https://techmasternode.com/wp-json/wp/v2/media?page=6&per_page=100
2026-06-04 18:16:01,085 - INFO - Fetched page 7 from https://worldbusinesshour.com/wp-json/wp/v2/media?page=7&per_page=100
2026-06-04 18:16:01,282 - INFO - Fetched page 7 from https://businessmediums.com/wp-json/wp/v2/media?page=7&per_page=100
2026-06-04 18:16:01,324 - INFO - No more pages: https://thegrowthinsights.com/wp-json/wp/v2/pages?page=2&per_page=100
2026-06-04 18:16:01,361 - INFO - Fetched page 5 from https://thegrowthinsights.com/wp-json/wp/v2/media?page=5&per_page=100
2026-06-04 18:16:01,554 - INFO - Fetched page 4 from https://cxomatters.com/wp-json/wp/v2/media?page=4&per_page=100
2026-06-04 18:16:01,598 - INFO - No more pages: https://worldbusinesshour.com/wp-json/wp/v2/pages?page=2&per_page=100
2026-06-04 18:16:01,711 - INFO - No more pages: https://worldbusinesshour.com/wp-json/wp/v2/media?page=8&per_page=100
2026-06-04 18:16:01,765 - INFO - Fetched page 1 from https://techmasternode.com/wp-json/wp/v2/pages?page=1&per_page=100
2026-06-04 18:16:01,779 - INFO - Fetched page 2 from https://businessmediums.com/wp-json/wp/v2/pages?page=2&per_page=100
2026-06-04 18:16:01,801 - INFO - Fetched page 3 from https://techwebtrends.com/wp-json/wp/v2/media?page=3&per_page=100
2026-06-04 18:16:02,225 - INFO - Fetched page 7 from https://techmasternode.com/wp-json/wp/v2/media?page=7&per_page=100
2026-06-04 18:16:02,303 - INFO - No more pages: https://techmasternode.com/wp-json/wp/v2/pages?page=2&per_page=100
2026-06-04 18:16:02,338 - INFO - Fetched page 8 from https://businessmediums.com/wp-json/wp/v2/media?page=8&per_page=100
2026-06-04 18:16:02,369 - INFO - Fetched page 1 from https://techwebtrends.com/wp-json/wp/v2/pages?page=1&per_page=100
2026-06-04 18:16:02,407 - INFO - Fetched page 2 from https://cxomatters.com/wp-json/wp/v2/pages?page=2&per_page=100
2026-06-04 18:16:02,449 - INFO - No more pages: https://businessmediums.com/wp-json/wp/v2/pages?page=3&per_page=100
2026-06-04 18:16:02,534 - INFO - Fetched page 6 from https://thegrowthinsights.com/wp-json/wp/v2/media?page=6&per_page=100
2026-06-04 18:16:02,661 - INFO - Fetched page 5 from https://cxomatters.com/wp-json/wp/v2/media?page=5&per_page=100
2026-06-04 18:16:02,663 - INFO - Fetched page 1 from https://worldbusinesshour.com/wp-json/wp/v2/media?page=1&per_page=100
2026-06-04 18:16:02,758 - INFO - Fetched page 4 from https://techwebtrends.com/wp-json/wp/v2/media?page=4&per_page=100
2026-06-04 18:16:02,808 - INFO - No more pages: https://techmasternode.com/wp-json/wp/v2/media?page=8&per_page=100
2026-06-04 18:16:03,105 - INFO - Fetched page 9 from https://businessmediums.com/wp-json/wp/v2/media?page=9&per_page=100
2026-06-04 18:16:03,277 - INFO - Fetched page 7 from https://thegrowthinsights.com/wp-json/wp/v2/media?page=7&per_page=100
2026-06-04 18:16:03,312 - INFO - Fetched page 1 from https://worldbusinesshour.com/wp-json/wp/v2/resources?page=1&per_page=100
2026-06-04 18:16:03,317 - INFO - Fetched page 1 from https://thegrowthinsights.com/wp-json/wp/v2/media?page=1&per_page=100
2026-06-04 18:16:04,255 - INFO - Fetched page 10 from https://businessmediums.com/wp-json/wp/v2/media?page=10&per_page=100
2026-06-04 18:16:04,305 - INFO - No more pages: https://worldbusinesshour.com/wp-json/wp/v2/resources?page=2&per_page=100
2026-06-04 18:16:04,306 - INFO - No more pages: https://thegrowthinsights.com/wp-json/wp/v2/media?page=8&per_page=100
2026-06-04 18:16:04,398 - INFO - Fetched page 3 from https://cxomatters.com/wp-json/wp/v2/pages?page=3&per_page=100
2026-06-04 18:16:04,413 - INFO - Fetched page 1 from https://techmasternode.com/wp-json/wp/v2/resources?page=1&per_page=100
2026-06-04 18:16:04,468 - INFO - Fetched page 1 from https://techmasternode.com/wp-json/wp/v2/media?page=1&per_page=100
2026-06-04 18:16:04,481 - INFO - Fetched page 5 from https://techwebtrends.com/wp-json/wp/v2/media?page=5&per_page=100
2026-06-04 18:16:04,486 - INFO - Fetched page 1 from https://businessmediums.com/wp-json/wp/v2/media?page=1&per_page=100
2026-06-04 18:16:04,502 - INFO - Fetched page 6 from https://cxomatters.com/wp-json/wp/v2/media?page=6&per_page=100
2026-06-04 18:16:04,547 - INFO - Fetched page 2 from https://worldbusinesshour.com/wp-json/wp/v2/media?page=2&per_page=100
2026-06-04 18:16:04,857 - INFO - Fetched page 2 from https://techwebtrends.com/wp-json/wp/v2/pages?page=2&per_page=100
2026-06-04 18:16:04,990 - INFO - No more pages: https://techmasternode.com/wp-json/wp/v2/resources?page=2&per_page=100
2026-06-04 18:16:05,027 - INFO - No more pages: https://cxomatters.com/wp-json/wp/v2/pages?page=4&per_page=100
2026-06-04 18:16:05,096 - INFO - Fetched page 2 from https://thegrowthinsights.com/wp-json/wp/v2/media?page=2&per_page=100
2026-06-04 18:16:05,361 - INFO - Fetched page 11 from https://businessmediums.com/wp-json/wp/v2/media?page=11&per_page=100
2026-06-04 18:16:05,427 - INFO - Fetched page 6 from https://techwebtrends.com/wp-json/wp/v2/media?page=6&per_page=100
2026-06-04 18:16:05,580 - INFO - Fetched page 7 from https://cxomatters.com/wp-json/wp/v2/media?page=7&per_page=100
2026-06-04 18:16:05,587 - INFO - Fetched page 2 from https://businessmediums.com/wp-json/wp/v2/media?page=2&per_page=100
2026-06-04 18:16:05,600 - INFO - Fetched page 3 from https://worldbusinesshour.com/wp-json/wp/v2/media?page=3&per_page=100
2026-06-04 18:16:05,619 - INFO - Fetched page 2 from https://techmasternode.com/wp-json/wp/v2/media?page=2&per_page=100
2026-06-04 18:16:05,804 - INFO - No more pages: https://techwebtrends.com/wp-json/wp/v2/pages?page=3&per_page=100
2026-06-04 18:16:05,938 - INFO - Fetched page 1 from https://thegrowthinsights.com/wp-json/wp/v2/resources?page=1&per_page=100
2026-06-04 18:16:06,031 - INFO - Fetched page 1 from https://cxomatters.com/wp-json/wp/v2/media?page=1&per_page=100
2026-06-04 18:16:06,313 - INFO - Fetched page 7 from https://techwebtrends.com/wp-json/wp/v2/media?page=7&per_page=100
2026-06-04 18:16:06,424 - INFO - Fetched page 12 from https://businessmediums.com/wp-json/wp/v2/media?page=12&per_page=100
2026-06-04 18:16:06,575 - INFO - No more pages: https://thegrowthinsights.com/wp-json/wp/v2/resources?page=2&per_page=100
2026-06-04 18:16:06,581 - INFO - Fetched page 3 from https://businessmediums.com/wp-json/wp/v2/media?page=3&per_page=100
2026-06-04 18:16:06,615 - INFO - Fetched page 4 from https://worldbusinesshour.com/wp-json/wp/v2/media?page=4&per_page=100
2026-06-04 18:16:06,622 - INFO - Fetched page 8 from https://cxomatters.com/wp-json/wp/v2/media?page=8&per_page=100
2026-06-04 18:16:06,731 - INFO - Fetched page 1 from https://techwebtrends.com/wp-json/wp/v2/media?page=1&per_page=100
2026-06-04 18:16:06,847 - INFO - Fetched page 3 from https://thegrowthinsights.com/wp-json/wp/v2/media?page=3&per_page=100
2026-06-04 18:16:06,933 - INFO - Fetched page 3 from https://techmasternode.com/wp-json/wp/v2/media?page=3&per_page=100
2026-06-04 18:16:07,060 - INFO - Fetched page 2 from https://cxomatters.com/wp-json/wp/v2/media?page=2&per_page=100
2026-06-04 18:16:07,277 - INFO - Fetched page 8 from https://techwebtrends.com/wp-json/wp/v2/media?page=8&per_page=100
2026-06-04 18:16:07,596 - INFO - Fetched page 13 from https://businessmediums.com/wp-json/wp/v2/media?page=13&per_page=100
2026-06-04 18:16:07,616 - INFO - Fetched page 9 from https://cxomatters.com/wp-json/wp/v2/media?page=9&per_page=100
2026-06-04 18:16:07,631 - INFO - Fetched page 4 from https://businessmediums.com/wp-json/wp/v2/media?page=4&per_page=100
2026-06-04 18:16:07,646 - INFO - Fetched page 5 from https://worldbusinesshour.com/wp-json/wp/v2/media?page=5&per_page=100
2026-06-04 18:16:07,676 - INFO - Fetched page 2 from https://techwebtrends.com/wp-json/wp/v2/media?page=2&per_page=100
2026-06-04 18:16:07,872 - INFO - Fetched page 9 from https://techwebtrends.com/wp-json/wp/v2/media?page=9&per_page=100
2026-06-04 18:16:07,997 - INFO - Fetched page 4 from https://techmasternode.com/wp-json/wp/v2/media?page=4&per_page=100
2026-06-04 18:16:08,057 - INFO - Fetched page 3 from https://cxomatters.com/wp-json/wp/v2/media?page=3&per_page=100
2026-06-04 18:16:08,467 - INFO - Fetched page 10 from https://techwebtrends.com/wp-json/wp/v2/media?page=10&per_page=100
2026-06-04 18:16:08,530 - INFO - Fetched page 4 from https://thegrowthinsights.com/wp-json/wp/v2/media?page=4&per_page=100
2026-06-04 18:16:08,624 - INFO - Fetched page 10 from https://cxomatters.com/wp-json/wp/v2/media?page=10&per_page=100
2026-06-04 18:16:08,651 - INFO - Fetched page 3 from https://techwebtrends.com/wp-json/wp/v2/media?page=3&per_page=100
2026-06-04 18:16:08,696 - INFO - Fetched page 5 from https://businessmediums.com/wp-json/wp/v2/media?page=5&per_page=100
2026-06-04 18:16:08,733 - INFO - Fetched page 6 from https://worldbusinesshour.com/wp-json/wp/v2/media?page=6&per_page=100
2026-06-04 18:16:09,042 - INFO - No more pages: https://techwebtrends.com/wp-json/wp/v2/media?page=11&per_page=100
2026-06-04 18:16:09,051 - INFO - Fetched page 4 from https://cxomatters.com/wp-json/wp/v2/media?page=4&per_page=100
2026-06-04 18:16:09,063 - INFO - Fetched page 5 from https://techmasternode.com/wp-json/wp/v2/media?page=5&per_page=100
2026-06-04 18:16:09,088 - INFO - Fetched page 14 from https://businessmediums.com/wp-json/wp/v2/media?page=14&per_page=100
2026-06-04 18:16:09,459 - INFO - Fetched page 7 from https://worldbusinesshour.com/wp-json/wp/v2/media?page=7&per_page=100
2026-06-04 18:16:09,597 - INFO - Fetched page 11 from https://cxomatters.com/wp-json/wp/v2/media?page=11&per_page=100
2026-06-04 18:16:09,614 - INFO - Fetched page 4 from https://techwebtrends.com/wp-json/wp/v2/media?page=4&per_page=100
2026-06-04 18:16:09,686 - INFO - Fetched page 6 from https://businessmediums.com/wp-json/wp/v2/media?page=6&per_page=100
2026-06-04 18:16:09,735 - INFO - No more pages: https://businessmediums.com/wp-json/wp/v2/media?page=15&per_page=100
2026-06-04 18:16:10,106 - INFO - Fetched page 5 from https://thegrowthinsights.com/wp-json/wp/v2/media?page=5&per_page=100
2026-06-04 18:16:10,110 - INFO - No more pages: https://worldbusinesshour.com/wp-json/wp/v2/media?page=8&per_page=100
2026-06-04 18:16:10,126 - INFO - Fetched page 5 from https://cxomatters.com/wp-json/wp/v2/media?page=5&per_page=100
2026-06-04 18:16:10,479 - INFO - Fetched page 12 from https://cxomatters.com/wp-json/wp/v2/media?page=12&per_page=100
2026-06-04 18:16:10,493 - INFO - Fetched page 6 from https://techmasternode.com/wp-json/wp/v2/media?page=6&per_page=100
2026-06-04 18:16:10,540 - INFO - Fetched page 5 from https://techwebtrends.com/wp-json/wp/v2/media?page=5&per_page=100
2026-06-04 18:16:10,564 - INFO - Fetched page 1 from https://techwebtrends.com/wp-json/wp/v2/resources?page=1&per_page=100
2026-06-04 18:16:10,723 - INFO - Fetched page 7 from https://businessmediums.com/wp-json/wp/v2/media?page=7&per_page=100
2026-06-04 18:16:11,091 - INFO - No more pages: https://techwebtrends.com/wp-json/wp/v2/resources?page=2&per_page=100
2026-06-04 18:16:11,105 - INFO - No more pages: https://cxomatters.com/wp-json/wp/v2/media?page=13&per_page=100
2026-06-04 18:16:11,222 - INFO - Fetched page 6 from https://cxomatters.com/wp-json/wp/v2/media?page=6&per_page=100
2026-06-04 18:16:11,257 - INFO - Fetched page 1 from https://businessmediums.com/wp-json/wp/v2/resources?page=1&per_page=100
2026-06-04 18:16:11,281 - INFO - Fetched page 6 from https://thegrowthinsights.com/wp-json/wp/v2/media?page=6&per_page=100
2026-06-04 18:16:11,411 - INFO - Fetched page 7 from https://techmasternode.com/wp-json/wp/v2/media?page=7&per_page=100
2026-06-04 18:16:11,466 - INFO - Fetched page 8 from https://businessmediums.com/wp-json/wp/v2/media?page=8&per_page=100
2026-06-04 18:16:11,476 - INFO - Fetched page 6 from https://techwebtrends.com/wp-json/wp/v2/media?page=6&per_page=100
2026-06-04 18:16:11,632 - INFO - Fetched page 1 from https://worldbusinesshour.com/wp-json/wp/v2/resources?page=1&per_page=100
2026-06-04 18:16:11,970 - INFO - No more pages: https://techmasternode.com/wp-json/wp/v2/media?page=8&per_page=100
2026-06-04 18:16:12,165 - INFO - Fetched page 9 from https://businessmediums.com/wp-json/wp/v2/media?page=9&per_page=100
2026-06-04 18:16:12,210 - INFO - No more pages: https://businessmediums.com/wp-json/wp/v2/resources?page=2&per_page=100
2026-06-04 18:16:12,267 - INFO - Fetched page 7 from https://thegrowthinsights.com/wp-json/wp/v2/media?page=7&per_page=100
2026-06-04 18:16:12,278 - INFO - Fetched page 7 from https://cxomatters.com/wp-json/wp/v2/media?page=7&per_page=100
2026-06-04 18:16:12,283 - INFO - No more pages: https://worldbusinesshour.com/wp-json/wp/v2/resources?page=2&per_page=100
2026-06-04 18:16:12,379 - INFO - Fetched page 7 from https://techwebtrends.com/wp-json/wp/v2/media?page=7&per_page=100
2026-06-04 18:16:12,532 - INFO - Fetched page 1 from https://cxomatters.com/wp-json/wp/v2/resources?page=1&per_page=100
2026-06-04 18:16:13,013 - INFO - No more pages: https://thegrowthinsights.com/wp-json/wp/v2/media?page=8&per_page=100
2026-06-04 18:16:13,120 - INFO - Fetched page 10 from https://businessmediums.com/wp-json/wp/v2/media?page=10&per_page=100
2026-06-04 18:16:13,185 - INFO - No more pages: https://cxomatters.com/wp-json/wp/v2/resources?page=2&per_page=100
2026-06-04 18:16:13,324 - INFO - Fetched page 8 from https://techwebtrends.com/wp-json/wp/v2/media?page=8&per_page=100
2026-06-04 18:16:13,408 - INFO - Fetched page 1 from https://techmasternode.com/wp-json/wp/v2/resources?page=1&per_page=100
2026-06-04 18:16:13,431 - INFO - Fetched page 8 from https://cxomatters.com/wp-json/wp/v2/media?page=8&per_page=100
2026-06-04 18:16:14,068 - INFO - No more pages: https://techmasternode.com/wp-json/wp/v2/resources?page=2&per_page=100
2026-06-04 18:16:14,149 - INFO - Fetched page 9 from https://techwebtrends.com/wp-json/wp/v2/media?page=9&per_page=100
2026-06-04 18:16:14,165 - INFO - Fetched page 11 from https://businessmediums.com/wp-json/wp/v2/media?page=11&per_page=100
2026-06-04 18:16:14,481 - INFO - Fetched page 1 from https://thegrowthinsights.com/wp-json/wp/v2/resources?page=1&per_page=100
2026-06-04 18:16:14,503 - INFO - Fetched page 9 from https://cxomatters.com/wp-json/wp/v2/media?page=9&per_page=100
2026-06-04 18:16:14,766 - INFO - Fetched page 10 from https://techwebtrends.com/wp-json/wp/v2/media?page=10&per_page=100
2026-06-04 18:16:15,071 - INFO - No more pages: https://thegrowthinsights.com/wp-json/wp/v2/resources?page=2&per_page=100
2026-06-04 18:16:15,210 - INFO - Fetched page 12 from https://businessmediums.com/wp-json/wp/v2/media?page=12&per_page=100
2026-06-04 18:16:15,281 - INFO - No more pages: https://techwebtrends.com/wp-json/wp/v2/media?page=11&per_page=100
2026-06-04 18:16:15,604 - INFO - Fetched page 10 from https://cxomatters.com/wp-json/wp/v2/media?page=10&per_page=100
2026-06-04 18:16:16,318 - INFO - Fetched page 13 from https://businessmediums.com/wp-json/wp/v2/media?page=13&per_page=100
2026-06-04 18:16:16,829 - INFO - Fetched page 11 from https://cxomatters.com/wp-json/wp/v2/media?page=11&per_page=100
2026-06-04 18:16:16,852 - INFO - Fetched page 1 from https://techwebtrends.com/wp-json/wp/v2/resources?page=1&per_page=100
2026-06-04 18:16:17,439 - INFO - No more pages: https://techwebtrends.com/wp-json/wp/v2/resources?page=2&per_page=100
2026-06-04 18:16:17,473 - INFO - Fetched page 14 from https://businessmediums.com/wp-json/wp/v2/media?page=14&per_page=100
2026-06-04 18:16:17,849 - INFO - Fetched page 12 from https://cxomatters.com/wp-json/wp/v2/media?page=12&per_page=100
2026-06-04 18:16:18,257 - INFO - No more pages: https://businessmediums.com/wp-json/wp/v2/media?page=15&per_page=100
2026-06-04 18:16:18,563 - INFO - No more pages: https://cxomatters.com/wp-json/wp/v2/media?page=13&per_page=100
2026-06-04 18:16:19,881 - INFO - Fetched page 1 from https://businessmediums.com/wp-json/wp/v2/resources?page=1&per_page=100
2026-06-04 18:16:19,998 - INFO - Fetched page 1 from https://cxomatters.com/wp-json/wp/v2/resources?page=1&per_page=100
2026-06-04 18:16:20,583 - INFO - No more pages: https://businessmediums.com/wp-json/wp/v2/resources?page=2&per_page=100
2026-06-04 18:16:20,648 - INFO - No more pages: https://cxomatters.com/wp-json/wp/v2/resources?page=2&per_page=100
